player_id,is_bot,vpip,pfr,af,action_entropy,decision_time_mean,decision_time_std,bet_size_mean,bet_size_std,gto_similarity,gto_deviation_rate,mean_gto_action_probability,mean_l1_gto_distance,std_l1_gto_distance,avg_hand_strength,weak_hand_play_rate,trash_hand_vpip,premium_hand_play_rate,strong_hand_aggression_rate,marginal_hand_error_rate,gto_fold_follow_rate,gto_call_follow_rate,gto_raise_follow_rate,open_raise_accuracy,defense_accuracy,threebet_accuracy,blind_defense_rate,blind_defense_accuracy,sb_steal_attempt_rate,pot_odds_call_accuracy,hands_played,sessions_played,fatigue_slope
P00001,1,0.6973684210526315,0.35526315789473684,1.0384615384615385,0.9979247454188069,2.4103951103579413,0.46677052353224935,2.408262073350313,2.0919553743655523,0.5131578947368421,0.48684210526315785,0.49262636511792396,1.014747269764152,0.4402500192188555,48.26315789473684,0.46875,0.25,1.0,0.75,0.6451612903225806,0.5806451612903226,0.41379310344827586,0.5625,0.4576271186440678,0.6153846153846154,1.0,0.7,0.7,0.875,0.47619047619047616,76,2,0.1842105263157895
P00002,1,0.5915492957746479,0.323943661971831,1.2105263157894737,0.9863657975725371,2.4922684713648144,0.44228978111871087,2.6629353791979957,2.2591300269992556,0.676056338028169,0.323943661971831,0.5426184854357028,0.9147630291285943,0.39734901024113556,48.014084507042256,0.21428571428571427,0.125,1.0,0.6923076923076923,0.6,0.8846153846153846,0.46153846153846156,0.6842105263157895,0.6271186440677966,0.9166666666666666,0.0,0.6,0.8,0.0,0.75,71,2,-0.13174603174603172
P00003,1,0.7,0.3,0.75,0.9911594714322186,2.448824235099261,0.501424233073388,1.9187191927413083,0.9732570542675707,0.64,0.36,0.5321701258079781,0.9356597483840439,0.3699476011891953,48.72,0.3,0.25,1.0,0.16666666666666666,0.3529411764705882,0.75,0.6,0.5333333333333333,0.6,0.7777777777777778,1.0,0.7777777777777778,0.7777777777777778,0.0,0.6,50,1,-0.15999999999999992
P00004,1,0.6181818181818182,0.23636363636363636,0.6190476190476191,0.9795670372179556,2.3498967649562914,0.3786911219510979,1.779232929477962,1.3339412815440475,0.5818181818181818,0.4181818181818182,0.5238991768350733,0.9522016463298536,0.43070372476393964,47.10909090909091,0.3333333333333333,0.23809523809523808,1.0,0.7142857142857143,0.3846153846153846,0.7727272727272727,0.47058823529411764,0.4375,0.5625,0.7142857142857143,0.0,0.6,0.6,0.5,0.6,55,1,-0.09391534391534395
P00005,0,0.7125,0.4125,1.375,0.9874698659161605,5.756998994210487,1.407867242450604,2.7381219041385076,2.962714683165129,0.5625,0.4375,0.46180601655154235,1.0763879668969154,0.4418880570330828,51.275,0.43333333333333335,0.42105263157894735,1.0,0.6363636363636364,0.36,0.5714285714285714,0.43478260869565216,0.6551724137931034,0.5970149253731343,0.2727272727272727,1.0,0.7,0.4,0.4444444444444444,0.45454545454545453,80,2,-0.02499999999999991
P00006,0,0.6853932584269663,0.2808988764044944,0.6944444444444444,0.9890754880237104,6.194165276958483,1.6995507357964434,2.3567178366095387,2.033953613946074,0.5842696629213483,0.4157303370786517,0.5042301771510099,0.9915396456979801,0.47616615094528036,48.30337078651685,0.43902439024390244,0.3076923076923077,1.0,0.5,0.46875,0.5945945945945946,0.6129032258064516,0.5238095238095238,0.5333333333333333,0.6896551724137931,0.0,0.7058823529411765,0.6470588235294118,0.5,0.4482758620689655,89,2,0.07676767676767682
P00007,1,0.6575342465753424,0.3561643835616438,1.1818181818181819,0.9977493717519853,2.413319240430299,0.43678225002211635,2.8707943431245444,2.452379700589243,0.6027397260273972,0.3972602739726028,0.5293949706413321,0.9412100587173358,0.43927036619358817,51.10958904109589,0.2222222222222222,0.22727272727272727,1.0,0.8461538461538461,0.6956521739130435,0.7307692307692307,0.4074074074074074,0.7,0.5714285714285714,0.6666666666666666,0.0,0.5454545454545454,0.7272727272727273,0.42857142857142855,0.5454545454545454,73,2,-0.016516516516516533
P00008,0,0.734375,0.390625,1.1363636363636365,0.9888762283286966,5.76623014907725,1.6687282215783688,2.4310010685496,1.9064275194881632,0.640625,0.359375,0.5317768491545438,0.9364463016909125,0.4031637543268239,53.625,0.2857142857142857,0.3076923076923077,1.0,0.7857142857142857,0.4444444444444444,0.6666666666666666,0.5454545454545454,0.7083333333333334,0.6190476190476191,0.6818181818181818,0.0,0.5,0.6666666666666666,0.0,0.4090909090909091,64,2,-0.03125
P00009,0,0.65625,0.28125,0.75,0.9936626487697717,5.759248997483613,1.6967875437167064,2.7593567052128223,3.6829492541420956,0.515625,0.484375,0.47810316399181674,1.0437936720163665,0.45158048174168297,48.71875,0.24,0.23076923076923078,1.0,0.5,0.64,0.6818181818181818,0.4074074074074074,0.4666666666666667,0.5,0.5714285714285714,0.5,0.6363636363636364,0.5454545454545454,0.2857142857142857,0.5217391304347826,64,2,-0.09375
P00010,1,0.7761194029850746,0.34328358208955223,0.7931034482758621,0.9690068040991332,2.4815549431702344,0.38598319277726884,2.2988419095961965,1.7881655491849917,0.6119402985074627,0.3880597014925373,0.5134174226072136,0.9731651547855728,0.3931191604253656,50.47761194029851,0.4166666666666667,0.23076923076923078,1.0,0.45454545454545453,0.36363636363636365,0.65,0.5925925925925926,0.6,0.5652173913043478,0.75,0.0,0.7333333333333333,0.8,0.625,0.6296296296296297,67,2,0.13101604278074874
P00011,0,0.6710526315789473,0.32894736842105265,0.9615384615384616,0.9998430878242478,5.981278778554201,1.6868871710531432,2.5575215316439674,2.2161359204616624,0.5921052631578947,0.4078947368421053,0.4945180116466453,1.0109639767067093,0.4341139988570038,50.88157894736842,0.2962962962962963,0.1875,1.0,0.6923076923076923,0.5,0.75,0.4583333333333333,0.5714285714285714,0.6551724137931034,0.4117647058823529,0.0,0.4444444444444444,0.3333333333333333,0.0,0.5263157894736842,76,2,-0.07894736842105254
P00012,1,0.5974025974025974,0.2727272727272727,0.84,0.9884080573736943,2.33546082753724,0.440810143522991,2.684674978403755,3.0764407781044527,0.7662337662337663,0.23376623376623373,0.5805696841985833,0.8388606316028334,0.36428133254043116,48.5974025974026,0.15625,0.13043478260869565,1.0,0.8181818181818182,0.2727272727272727,0.9090909090909091,0.6666666666666666,0.65,0.7627118644067796,0.8,0.6666666666666666,0.8333333333333334,0.75,0.2857142857142857,0.7916666666666666,77,2,0.05802968960863697
P00013,0,0.7592592592592593,0.35185185185185186,0.8636363636363636,0.9795779182460772,5.968711245221424,1.8429187781407321,3.345711933991261,4.155710905423269,0.5555555555555556,0.4444444444444444,0.47222862507010666,1.0555427498597867,0.41094783381555977,53.111111111111114,0.4,0.5,1.0,0.9,0.5,0.5294117647058824,0.5,0.631578947368421,0.5384615384615384,0.5714285714285714,1.0,1.0,0.6666666666666666,0.0,0.625,54,1,0.0
P00014,1,0.7361111111111112,0.3055555555555556,0.7096774193548387,0.9800126366950433,2.4034640758853008,0.44805894175513644,2.1914764476465676,1.7602337749899155,0.6111111111111112,0.38888888888888884,0.4958289840810441,1.0083420318379117,0.3908201540936332,50.611111111111114,0.5,0.35,1.0,0.7692307692307693,0.5,0.6153846153846154,0.5833333333333334,0.6363636363636364,0.625,0.5625,0.0,0.8333333333333334,0.5833333333333334,0.1111111111111111,0.5217391304347826,72,2,-0.05555555555555547
P00015,0,0.6666666666666666,0.3563218390804598,1.1481481481481481,0.9985557476718502,5.937298484971708,1.3409236070368262,2.3066135361454587,1.7437328203061886,0.5402298850574713,0.45977011494252873,0.49116381206460086,1.0176723758707982,0.45698366364312004,50.71264367816092,0.42857142857142855,0.32,1.0,0.7368421052631579,0.6206896551724138,0.6060606060606061,0.34615384615384615,0.6428571428571429,0.5342465753424658,0.5384615384615384,1.0,0.6666666666666666,0.5555555555555556,0.18181818181818182,0.5357142857142857,87,2,0.056553911205074026
P00016,0,0.620253164556962,0.3670886075949367,1.45,0.9861028770904647,6.186330433405134,1.5571933737304138,2.9435926421992877,2.3701381526965415,0.569620253164557,0.430379746835443,0.4850166936407718,1.0299666127184564,0.5173162256505714,47.0253164556962,0.29411764705882354,0.19230769230769232,0.5,0.5833333333333334,0.5185185185185186,0.6857142857142857,0.375,0.6,0.5714285714285714,0.5625,0.0,0.6666666666666666,0.3333333333333333,0.3333333333333333,0.5217391304347826,79,2,-0.03974358974358971
P00017,0,0.6,0.36,1.5,0.9801625908629507,6.135816744817663,1.5785535885483477,3.837372934114848,4.529879632306603,0.5,0.5,0.4628020054387194,1.0743959891225612,0.5182006069006704,45.9,0.3333333333333333,0.3333333333333333,1.0,0.75,0.5882352941176471,0.6190476190476191,0.29411764705882354,0.5833333333333334,0.5526315789473685,0.3,0.5,1.0,0.42857142857142855,0.14285714285714285,0.5333333333333333,50,1,0.040000000000000036
P00018,0,0.5606060606060606,0.2878787878787879,1.0555555555555556,0.9777431421977686,5.788507861726091,1.626209754871251,2.6064080316373563,2.273001168213517,0.6818181818181818,0.31818181818181823,0.5645080332674985,0.8709839334650031,0.44982616957469945,46.166666666666664,0.20588235294117646,0.17857142857142858,1.0,0.6666666666666666,0.4285714285714286,0.75,0.5384615384615384,0.6470588235294118,0.7346938775510204,0.5,1.0,0.6153846153846154,0.46153846153846156,0.2,0.625,66,2,-0.030303030303030387
P00019,0,0.75,0.3125,0.7142857142857143,0.9755307720176266,6.273923748249544,1.8023345266831687,2.407790342071111,2.856960417837324,0.5625,0.4375,0.48775019934474545,1.024499601310509,0.44919957878874683,50.0625,0.4827586206896552,0.4090909090909091,1.0,0.5,0.4482758620689655,0.5384615384615384,0.5625,0.5909090909090909,0.5555555555555556,0.625,0.0,0.9,0.7,0.2222222222222222,0.5161290322580645,80,2,0.02499999999999991
P00020,0,0.6901408450704225,0.2535211267605634,0.5806451612903226,0.9764821083260553,5.710002093450617,1.7130292439496424,2.2420012998235963,1.9918036125367253,0.5915492957746479,0.4084507042253521,0.5056711228529019,0.9886577542941962,0.4060440738422651,49.45070422535211,0.4,0.38095238095238093,0.8,0.6363636363636364,0.4285714285714286,0.6296296296296297,0.5925925925925926,0.5294117647058824,0.5434782608695652,0.7083333333333334,0.0,0.7647058823529411,0.6470588235294118,0.16666666666666666,0.5769230769230769,71,2,0.2087301587301587
P00021,1,0.7058823529411765,0.4264705882352941,1.5263157894736843,0.9827365524509634,2.4720741173412453,0.43938127624367396,2.4335604053947946,1.571406534339265,0.5735294117647058,0.42647058823529416,0.4837624410164365,1.032475117967127,0.44508631369230695,54.23529411764706,0.35,0.23076923076923078,0.8571428571428571,0.6428571428571429,0.5757575757575757,0.65,0.4444444444444444,0.6666666666666666,0.5490196078431373,0.625,1.0,0.6666666666666666,0.6666666666666666,0.7142857142857143,0.631578947368421,68,2,0.20588235294117652
P00022,0,0.7424242424242424,0.3484848484848485,0.8846153846153846,0.9864470636168023,5.834792129437727,1.653806232819647,2.4616459180627217,2.070247016452465,0.48484848484848486,0.5151515151515151,0.42242295362887494,1.1551540927422501,0.4635799997448877,50.89393939393939,0.56,0.55,1.0,0.6153846153846154,0.6086956521739131,0.4230769230769231,0.47368421052631576,0.5714285714285714,0.4423076923076923,0.6923076923076923,0.0,0.75,0.375,0.4,0.5,66,2,0.06060606060606061
P00023,0,0.7321428571428571,0.32142857142857145,0.782608695652174,0.9859172157746986,6.121474110316269,1.3644248326730393,2.661053985330043,2.2614444081285443,0.4642857142857143,0.5357142857142857,0.44164540369473837,1.1167091926105233,0.4738447738189962,53.017857142857146,0.5238095238095238,0.5,0.8571428571428571,0.46153846153846156,0.5789473684210527,0.5238095238095238,0.45,0.4,0.47368421052631576,0.4666666666666667,0.3333333333333333,0.7,0.4,0.25,0.5454545454545454,56,1,-0.28571428571428564
P00024,0,0.6721311475409836,0.3114754098360656,0.8636363636363636,0.9982994352193465,5.92779209036913,1.4134516096058884,2.283778827831188,2.140916781540966,0.6065573770491803,0.39344262295081966,0.5082966757672099,0.9834066484655801,0.4662794286858204,52.18032786885246,0.36,0.4,1.0,0.6428571428571429,0.4,0.6153846153846154,0.46153846153846156,0.6818181818181818,0.5833333333333334,0.6923076923076923,0.0,0.5833333333333334,0.6666666666666666,0.16666666666666666,0.5357142857142857,61,2,0.07849462365591398
P00025,1,0.6779661016949152,0.3220338983050847,0.9047619047619048,0.9989652856903045,2.4999519235306704,0.4949022542416405,2.0224861569662806,1.598748759875482,0.6271186440677966,0.3728813559322034,0.49969007555279127,1.0006198488944174,0.4511181277412151,46.50847457627118,0.4074074074074074,0.42857142857142855,1.0,0.8333333333333334,0.375,0.6296296296296297,0.6,0.6470588235294118,0.5918367346938775,0.8,0.0,0.5,0.8333333333333334,0.4,0.7,59,1,0.14827586206896548
P00026,0,0.696969696969697,0.24242424242424243,0.5333333333333333,0.9682356222993584,6.0426631487479,1.45347940794063,2.1517358490790626,1.8056865594600198,0.48484848484848486,0.5151515151515151,0.4524398962322431,1.0951202075355138,0.4696841496911349,52.15151515151515,0.4230769230769231,0.375,1.0,0.2857142857142857,0.5909090909090908,0.5384615384615384,0.55,0.35,0.47058823529411764,0.5,1.0,0.6,0.5,0.3,0.4117647058823529,66,2,0.06060606060606061
P00027,1,0.6785714285714286,0.39285714285714285,1.375,0.9919762630614621,2.464644782841611,0.5342472297867661,2.4351427078912233,1.7740220167661693,0.6071428571428571,0.3928571428571429,0.5181419740426974,0.9637160519146055,0.3746909418098054,49.892857142857146,0.25,0.18181818181818182,1.0,0.7142857142857143,0.5,0.85,0.42857142857142855,0.5333333333333333,0.5681818181818182,0.7272727272727273,1.0,0.625,0.75,0.3333333333333333,0.6666666666666666,56,1,0.0
P00028,0,0.6875,0.2,0.41025641025641024,0.9426654909549,5.626272370047197,1.5799479297662329,2.018044510025735,1.8607973316341215,0.5375,0.4625,0.47936311866724496,1.0412737626655102,0.4512684429474589,46.8125,0.43243243243243246,0.4074074074074074,1.0,0.5555555555555556,0.37037037037037035,0.5806451612903226,0.6071428571428571,0.38095238095238093,0.5084745762711864,0.6190476190476191,0.0,0.4666666666666667,0.6666666666666666,0.25,0.56,80,2,-0.125
P00029,1,0.711864406779661,0.3559322033898305,1.0,0.995711306456555,2.4838084040744826,0.4388407415075875,1.8251856780013462,0.7108795928749445,0.6949152542372882,0.30508474576271183,0.5246733563674076,0.9506532872651847,0.39969229274831125,51.898305084745765,0.25,0.2857142857142857,1.0,0.6,0.31999999999999995,0.7368421052631579,0.6,0.75,0.6875,0.7272727272727273,0.0,0.4444444444444444,0.6666666666666666,1.0,0.6666666666666666,59,1,0.1459770114942529
P00030,0,0.7125,0.35,0.9655172413793104,0.995488346474546,5.823606195505185,1.7976164862422863,2.365004556506362,2.037489447084112,0.5625,0.4375,0.48290614998841813,1.0341877000231636,0.42728073814920237,50.9625,0.4,0.42105263157894735,1.0,0.5,0.5172413793103448,0.6206896551724138,0.48148148148148145,0.5833333333333334,0.5573770491803278,0.5789473684210527,0.0,0.5833333333333334,0.6666666666666666,0.375,0.6,80,2,-0.125
P00031,0,0.7833333333333333,0.35,0.8076923076923077,0.9659284347827307,6.006297964969215,1.5500411962437755,2.4915124723163933,2.0649352220864015,0.48333333333333334,0.5166666666666666,0.4622242685180035,1.0755514629639928,0.41604987201488125,51.016666666666666,0.5238095238095238,0.4,0.5,0.16666666666666666,0.5555555555555556,0.5,0.48148148148148145,0.4666666666666667,0.4444444444444444,0.5384615384615384,1.0,0.8,0.7,1.0,0.5,60,1,-0.09999999999999998
P00032,0,0.7450980392156863,0.3333333333333333,0.8095238095238095,0.9830435078821779,5.748669826828907,1.6050526299303933,2.4195961085078665,3.5447317777883187,0.49019607843137253,0.5098039215686274,0.4210442889065707,1.1579114221868585,0.46672103062605086,57.294117647058826,0.6,0.5,0.75,0.4,0.4347826086956522,0.36363636363636365,0.5789473684210527,0.47619047619047616,0.48717948717948717,0.45454545454545453,1.0,0.7272727272727273,0.45454545454545453,0.25,0.47368421052631576,51,1,0.09846153846153843
P00033,0,0.6176470588235294,0.25,0.68,0.9849255798817972,5.611139209193757,1.6794287300484196,1.946689828070224,0.8310653672299809,0.5588235294117647,0.4411764705882353,0.46100501579103975,1.0779899684179204,0.4964987816186532,46.220588235294116,0.5142857142857142,0.3,0.75,0.4,0.47619047619047616,0.5862068965517241,0.5652173913043478,0.5,0.5686274509803921,0.5,1.0,0.5,0.6,0.42857142857142855,0.5652173913043478,68,2,0.05882352941176472
P00034,0,0.8117647058823529,0.3176470588235294,0.6428571428571429,0.9348073104292671,5.88633626340746,1.5723413990276638,2.4063230930620083,2.2806090726819463,0.5176470588235295,0.48235294117647054,0.4414151186051036,1.1171697627897927,0.43354032978388757,54.22352941176471,0.6296296296296297,0.4,0.9230769230769231,0.45454545454545453,0.4117647058823529,0.44,0.6785714285714286,0.4375,0.4696969696969697,0.6842105263157895,0.0,1.0,0.6666666666666666,0.6666666666666666,0.5416666666666666,85,2,-0.20044296788482835
P00035,1,0.6721311475409836,0.32786885245901637,0.9523809523809523,0.9997566821835681,2.458845201351797,0.361989661094561,2.3179160983056493,1.8014793842402446,0.6065573770491803,0.39344262295081966,0.5125441061372485,0.9749117877255029,0.40286456471039245,50.967213114754095,0.36363636363636365,0.16666666666666666,1.0,0.6666666666666666,0.6,0.8333333333333334,0.48,0.5555555555555556,0.5555555555555556,0.7333333333333333,1.0,0.4,0.7,0.0,0.5333333333333333,61,2,0.07849462365591398
P00036,1,0.7230769230769231,0.2923076923076923,0.6785714285714286,0.9811316545524306,2.4543248982855834,0.42419822914391864,2.1659908959335175,1.7253997805292645,0.7538461538461538,0.24615384615384617,0.5385342453356935,0.9229315093286129,0.34411822975085765,52.6,0.15,0.15384615384615385,1.0,0.6363636363636364,0.23333333333333328,0.8888888888888888,0.7096774193548387,0.6875,0.723404255319149,0.8333333333333334,0.0,0.6666666666666666,0.7777777777777778,0.3333333333333333,0.7619047619047619,65,2,0.06912878787878785
P00037,0,0.6724137931034483,0.41379310344827586,1.6,0.983486947171862,5.577010794559082,1.5362617515572683,2.455367769695285,1.5948003809081641,0.6206896551724138,0.3793103448275862,0.5057628714022722,0.9884742571954557,0.4370584326124561,49.06896551724138,0.34782608695652173,0.2777777777777778,1.0,0.8888888888888888,0.47619047619047616,0.6956521739130435,0.3888888888888889,0.7647058823529411,0.627906976744186,0.6,0.0,0.42857142857142855,0.7142857142857143,0.5,0.6,58,1,0.06896551724137934
P00038,1,0.64,0.32,1.0,0.998561914578656,2.3678387335159576,0.4189065924974454,2.367236253606279,2.012161729794819,0.6533333333333333,0.3466666666666667,0.562911187656503,0.874177624686994,0.42233199108819247,48.06666666666667,0.24242424242424243,0.13636363636363635,1.0,0.7,0.52,0.8333333333333334,0.47619047619047616,0.5833333333333334,0.6792452830188679,0.5909090909090909,0.0,0.7142857142857143,0.5,0.2,0.6086956521739131,75,2,-0.0974395448079659
P00039,0,0.6865671641791045,0.3880597014925373,1.3,0.9938491672010308,5.970044756622158,1.589575084836429,2.768690585203806,2.4201007943344317,0.5373134328358209,0.4626865671641791,0.5123779867197973,0.9752440265604053,0.4145157332278788,51.865671641791046,0.22727272727272727,0.17647058823529413,1.0,0.5833333333333334,0.72,0.7619047619047619,0.32,0.5714285714285714,0.4897959183673469,0.6666666666666666,0.0,0.4166666666666667,0.8333333333333334,0.0,0.7333333333333333,67,2,-0.13547237076648844
P00040,0,0.6617647058823529,0.25,0.6071428571428571,0.9817706955276677,5.5666311013370935,1.265630514894416,2.06434744386056,1.7240429732717464,0.5588235294117647,0.4411764705882353,0.4966795887072996,1.006640822585401,0.4581467659266967,51.55882352941177,0.18181818181818182,0.1875,0.6,0.42857142857142855,0.41666666666666663,0.75,0.56,0.391304347826087,0.5384615384615384,0.6,1.0,0.45454545454545453,0.7272727272727273,0.18181818181818182,0.5666666666666667,68,2,0.05882352941176472
P00041,0,0.675,0.325,0.9285714285714286,0.9994356678184765,5.894477837483988,1.5985387668771445,2.6832213960495293,2.3500691673172556,0.6125,0.38749999999999996,0.5012185509110878,0.9975628981778243,0.42071479500678155,52.3625,0.13043478260869565,0.2,1.0,0.5294117647058824,0.5294117647058824,0.7307692307692307,0.5333333333333333,0.5833333333333334,0.5789473684210527,0.7142857142857143,0.5,0.6666666666666666,0.7333333333333333,0.42857142857142855,0.7307692307692307,80,2,0.07500000000000007
P00042,1,0.576271186440678,0.288135593220339,1.0,0.9838846748484151,2.328739264455027,0.4619112533023131,2.473910971326594,2.0528680753706356,0.6779661016949152,0.3220338983050848,0.5489721125698597,0.9020557748602808,0.4818177945523037,46.355932203389834,0.2222222222222222,0.18181818181818182,1.0,0.7777777777777778,0.5625,0.7241379310344828,0.5384615384615384,0.7058823529411765,0.6808510638297872,0.625,0.75,0.6,0.7,0.375,0.7777777777777778,59,1,-0.02298850574712652
P00043,1,0.6888888888888889,0.3,0.7714285714285715,0.9937422118193994,2.4275507782186363,0.5474442562997116,1.8933397198017998,1.0818870667556757,0.6444444444444445,0.3555555555555555,0.5389051316815467,0.9221897366369065,0.3683102237715544,51.077777777777776,0.24242424242424243,0.047619047619047616,1.0,0.4375,0.4375,0.8275862068965517,0.5555555555555556,0.5588235294117647,0.6438356164383562,0.6470588235294118,0.0,0.8333333333333334,0.6666666666666666,0.5,0.71875,90,2,-0.0888888888888889
P00044,1,0.6666666666666666,0.345679012345679,1.0769230769230769,0.9995837003003465,2.412783126924364,0.47989607734668793,2.3118022953948096,1.809856550503056,0.6419753086419753,0.3580246913580247,0.5115662349828004,0.9768675300343991,0.4556446645942627,50.382716049382715,0.375,0.35,1.0,0.9230769230769231,0.4516129032258065,0.6551724137931034,0.5714285714285714,0.7083333333333334,0.609375,0.8125,0.0,0.6363636363636364,0.6363636363636364,0.6,0.6956521739130435,81,2,0.08292682926829276
P00045,0,0.6933333333333334,0.25333333333333335,0.5757575757575758,0.9753656468286019,5.942595429264359,1.675299760506307,2.213400241589566,3.1999634650415776,0.6,0.4,0.506502801139299,0.986994397721402,0.4521769489520979,50.81333333333333,0.2916666666666667,0.17647058823529413,0.8571428571428571,0.6153846153846154,0.4838709677419355,0.6666666666666666,0.5862068965517241,0.5263157894736842,0.5689655172413793,0.7333333333333333,0.5,0.6363636363636364,0.5454545454545454,0.3333333333333333,0.5454545454545454,75,2,-0.09601706970128021
P00046,0,0.6190476190476191,0.21428571428571427,0.5294117647058824,0.9683440522010489,5.635040614186075,1.84660493760253,2.07191245910183,1.8004542581893406,0.5595238095238095,0.44047619047619047,0.4594910561894353,1.0810178876211294,0.5007976186153166,47.94047619047619,0.42857142857142855,0.42857142857142855,1.0,0.4375,0.41666666666666663,0.5609756097560976,0.6666666666666666,0.45454545454545453,0.5333333333333333,0.6521739130434783,0.0,0.5714285714285714,0.5714285714285714,0.2,0.5454545454545454,84,2,-0.11904761904761907
P00047,1,0.6931818181818182,0.375,1.1785714285714286,0.9964178680883059,2.3884517459305634,0.43175150301092924,2.3324002076325674,1.86303138171665,0.5795454545454546,0.4204545454545454,0.49784080952510074,1.0043183809497984,0.4230792024932624,49.75,0.3333333333333333,0.3333333333333333,1.0,0.7333333333333333,0.5517241379310345,0.6571428571428571,0.38461538461538464,0.6666666666666666,0.5571428571428572,0.6,1.0,0.5,0.7142857142857143,0.7142857142857143,0.5666666666666667,88,2,-0.11363636363636365
P00048,0,0.7619047619047619,0.2857142857142857,0.6,0.958411422117983,5.611208140091328,1.621137616769465,1.9739992402285962,1.3272277572052547,0.5079365079365079,0.4920634920634921,0.4379297844161726,1.124140431167655,0.48915623140776654,52.904761904761905,0.5909090909090909,0.4666666666666667,0.7,0.4117647058823529,0.47619047619047616,0.4,0.6842105263157895,0.4583333333333333,0.4897959183673469,0.6153846153846154,0.0,0.8,0.7,0.5,0.7692307692307693,63,2,0.0473790322580645
P00049,0,0.7017543859649122,0.2982456140350877,0.7391304347826086,0.9902173420159636,5.760179757341178,1.384807137621737,2.20536688497545,1.6353110508271034,0.6140350877192983,0.38596491228070173,0.4752711821433608,1.0494576357132785,0.37469196610137695,55.19298245614035,0.35294117647058826,0.25,0.8,0.4666666666666667,0.4285714285714286,0.6666666666666666,0.6111111111111112,0.5714285714285714,0.6818181818181818,0.4166666666666667,0.0,0.7,0.3,0.6666666666666666,0.5263157894736842,57,1,-0.12684729064039413
P00050,0,0.7627118644067796,0.3728813559322034,0.9565217391304348,0.9797970182689906,6.003432901131816,1.3720331251275193,2.578547247383194,2.252528532340146,0.4915254237288136,0.5084745762711864,0.4353891372066515,1.129221725586697,0.4661082658058611,51.40677966101695,0.5789473684210527,0.5,1.0,0.75,0.5517241379310345,0.35,0.45,0.6842105263157895,0.4418604651162791,0.6666666666666666,0.0,0.7272727272727273,0.7272727272727273,0.2857142857142857,0.6666666666666666,59,1,0.017241379310344807
P00051,0,0.7391304347826086,0.34782608695652173,0.8888888888888888,0.9876197168461964,5.781940900968106,1.5714669708889806,2.2531649636953857,1.6184724276752769,0.5797101449275363,0.42028985507246375,0.48812170923665843,1.0237565815266831,0.40083871187264153,53.57971014492754,0.4090909090909091,0.38461538461538464,1.0,0.6470588235294118,0.45833333333333337,0.5714285714285714,0.5217391304347826,0.64,0.5555555555555556,0.6153846153846154,1.0,0.8,0.7,0.0,0.5555555555555556,69,2,-0.01680672268907568
P00052,0,0.6547619047619048,0.38095238095238093,1.391304347826087,0.9916960601466152,5.9568853937111115,1.4137331293382425,3.8942226954144217,5.29613576322206,0.5476190476190477,0.45238095238095233,0.48861420523594257,1.0227715895281149,0.4552442773100198,50.595238095238095,0.375,0.22727272727272727,0.8888888888888888,0.7058823529411765,0.5625,0.625,0.36666666666666664,0.6818181818181818,0.5333333333333333,0.65,0.25,0.6,0.6,0.5,0.5517241379310345,84,2,-0.1428571428571429
P00053,1,0.6666666666666666,0.3137254901960784,0.8888888888888888,0.9989495214640732,2.329454812440663,0.4688966433502825,2.4076102298401785,1.9610421301596996,0.6862745098039216,0.3137254901960784,0.5169076790744012,0.9661846418511977,0.4129093939363866,50.529411764705884,0.36363636363636365,0.18181818181818182,1.0,0.6666666666666666,0.42105263157894735,0.7619047619047619,0.6470588235294118,0.6153846153846154,0.6,0.9333333333333333,0.0,0.5454545454545454,0.9090909090909091,0.6666666666666666,0.8666666666666667,51,1,0.09076923076923071
P00054,0,0.7115384615384616,0.40384615384615385,1.3125,0.9898419156208604,6.0474520996382655,1.553638025394803,2.3187914108201326,1.5566120356935733,0.6346153846153846,0.3653846153846154,0.5364301674410464,0.9271396651179071,0.3915587291409497,48.5,0.3333333333333333,0.375,1.0,0.8333333333333334,0.5263157894736843,0.7,0.47058823529411764,0.7333333333333333,0.6046511627906976,0.7142857142857143,1.0,0.42857142857142855,0.7142857142857143,0.4,0.5833333333333334,52,1,0.038461538461538436
P00055,0,0.711864406779661,0.23728813559322035,0.5,0.9590149886599106,5.667363325097513,1.3574000508111164,2.4065975389911465,2.4964347588678244,0.423728813559322,0.576271186440678,0.45838900107975467,1.0832219978404907,0.4173253382532597,46.67796610169491,0.5714285714285714,0.47619047619047616,1.0,0.375,0.625,0.46153846153846156,0.4,0.38461538461538464,0.4444444444444444,0.35714285714285715,0.0,0.875,0.5,0.0,0.45454545454545453,59,1,-0.18390804597701155
P00056,0,0.7164179104477612,0.23880597014925373,0.5,0.957858275605055,5.49472086407346,1.82893806631551,1.9210943292988842,1.698056097256403,0.43283582089552236,0.5671641791044777,0.4096509832093257,1.1806980335813484,0.4730250071910512,52.3134328358209,0.56,0.5,0.875,0.4444444444444444,0.5909090909090908,0.44,0.5555555555555556,0.3333333333333333,0.43859649122807015,0.4,0.0,1.0,0.3333333333333333,0.0,0.25,67,2,-0.04278074866310161
P00057,0,0.6781609195402298,0.2988505747126437,0.7878787878787878,0.995372965318381,5.614471058146613,1.6785160333261757,2.5020847194924394,2.6149057458617713,0.5402298850574713,0.45977011494252873,0.48899063866451264,1.0220187226709747,0.44916143853777013,52.28735632183908,0.3870967741935484,0.1875,1.0,0.5294117647058824,0.5,0.5806451612903226,0.45161290322580644,0.6,0.5555555555555556,0.5238095238095238,0.3333333333333333,0.7692307692307693,0.46153846153846156,0.0,0.6666666666666666,87,2,-0.035412262156448215
P00058,0,0.746031746031746,0.2857142857142857,0.6206896551724138,0.9677114062396964,6.0170372719467755,1.5558913699605745,2.4496706569124678,2.161264666477102,0.5396825396825397,0.46031746031746035,0.425532285453015,1.14893542909397,0.46682639618362853,49.57142857142857,0.6923076923076923,0.631578947368421,0.875,0.5,0.41666666666666663,0.45454545454545453,0.6538461538461539,0.4666666666666667,0.5348837209302325,0.55,0.0,0.5454545454545454,0.5454545454545454,0.4,0.5454545454545454,63,2,0.17338709677419356
P00059,1,0.6511627906976745,0.3372093023255814,1.0740740740740742,0.9991333120238958,2.397786663559518,0.43175198992691016,2.0026956258060298,1.0430210987608737,0.6046511627906976,0.39534883720930236,0.5048023341926575,0.9903953316146847,0.42190791022995866,51.47674418604651,0.3125,0.22727272727272727,1.0,0.6875,0.46875,0.6470588235294118,0.4,0.7407407407407407,0.6086956521739131,0.5882352941176471,0.0,0.6666666666666666,0.6,0.4,0.6129032258064516,86,2,-0.09302325581395354
P00060,0,0.6730769230769231,0.3269230769230769,0.9444444444444444,0.9996654698500637,5.681313974897868,1.5319672684383645,2.704556726215639,3.513927647950169,0.5192307692307693,0.4807692307692307,0.45604534144297937,1.0879093171140413,0.4191978986114282,54.67307692307692,0.46153846153846156,0.2857142857142857,1.0,0.5714285714285714,0.5833333333333333,0.5833333333333334,0.38095238095238093,0.631578947368421,0.5263157894736842,0.46153846153846156,1.0,0.2,0.6,0.5,0.5,52,1,-0.19230769230769235
P00061,0,0.5789473684210527,0.24561403508771928,0.7368421052631579,0.9787385150167898,6.085240658483818,1.671444074021101,2.234595539280126,1.719510151663525,0.6491228070175439,0.3508771929824561,0.5311460473631368,0.9377079052737265,0.4480914178372876,44.87719298245614,0.3103448275862069,0.2222222222222222,0.5,0.5,0.4642857142857143,0.76,0.5416666666666666,0.625,0.6097560975609756,0.75,0.0,0.8571428571428571,0.8571428571428571,0.3333333333333333,0.6470588235294118,57,1,-0.05788177339901479
P00062,0,0.71875,0.359375,1.0,0.9942812127803273,5.737921986330397,1.8137370260901577,2.2494534887814273,1.9251925199319313,0.53125,0.46875,0.5032346094819636,0.9935307810360728,0.40597410642691084,52.71875,0.36363636363636365,0.3125,1.0,0.5833333333333334,0.52,0.7,0.3684210526315789,0.52,0.49056603773584906,0.7,1.0,0.8,0.6,0.3333333333333333,0.45,64,2,0.0625
P00063,0,0.6896551724137931,0.27586206896551724,0.6666666666666666,0.9862644703372159,5.743351355960178,1.5463359456051196,2.3568869090873976,2.5720566979469757,0.5517241379310345,0.4482758620689655,0.5118015156151395,0.9763969687697209,0.4112990299382619,48.48275862068966,0.32432432432432434,0.18518518518518517,1.0,0.4166666666666667,0.625,0.6756756756756757,0.5,0.4166666666666667,0.5076923076923077,0.7,0.5,0.5454545454545454,0.7272727272727273,0.4444444444444444,0.5666666666666667,87,2,-0.05866807610993663
P00064,0,0.6162790697674418,0.27906976744186046,0.8275862068965517,0.992417391050408,5.996894075743023,1.5133279394370172,2.202879468644112,1.6742774131997442,0.6046511627906976,0.39534883720930236,0.4804020331386337,1.0391959337227326,0.4593970735474866,52.674418604651166,0.23076923076923078,0.23809523809523808,0.7777777777777778,0.47058823529411764,0.36363636363636365,0.8148148148148148,0.5357142857142857,0.4838709677419355,0.6164383561643836,0.5384615384615384,0.0,0.7142857142857143,0.8571428571428571,0.42857142857142855,0.7727272727272727,86,2,0.046511627906976716
P00065,0,0.6666666666666666,0.23809523809523808,0.5555555555555556,0.9748830897462036,5.780808965901383,1.7093478249519631,1.9616313612349703,1.3573460733696467,0.47619047619047616,0.5238095238095238,0.4607109793620198,1.0785780412759602,0.44793456679498544,49.666666666666664,0.4583333333333333,0.35714285714285715,1.0,0.5,0.6538461538461539,0.6086956521739131,0.43478260869565216,0.35294117647058826,0.43478260869565216,0.5882352941176471,0.0,0.5833333333333334,0.5833333333333334,0.0,0.42105263157894735,63,2,0.23891129032258063
P00066,1,0.6428571428571429,0.2857142857142857,0.8,0.995232557322099,2.391222330669158,0.42845898360845996,2.117993194923424,1.8333893860785706,0.6428571428571429,0.3571428571428571,0.528771425834183,0.9424571483316341,0.4273227070537677,48.964285714285715,0.3181818181818182,0.16666666666666666,1.0,0.6,0.5,0.7619047619047619,0.5263157894736842,0.625,0.625,0.7142857142857143,1.0,0.25,0.75,0.2857142857142857,0.8333333333333334,56,1,-0.2142857142857143
P00067,0,0.6710526315789473,0.35526315789473684,1.125,0.9989031256913786,5.93192348576314,1.603798746312379,2.402887167965397,1.8970251478610705,0.5526315789473685,0.4473684210526315,0.47745473574208425,1.0450905285158314,0.4253403393929416,52.56578947368421,0.34615384615384615,0.21428571428571427,1.0,0.6875,0.5714285714285714,0.6521739130434783,0.4,0.6521739130434783,0.559322033898305,0.5294117647058824,0.0,0.5833333333333334,0.5833333333333334,0.125,0.5833333333333334,76,2,0.10526315789473684
P00068,1,0.6075949367088608,0.27848101265822783,0.8461538461538461,0.9911160909416866,2.4844214842423877,0.45674327593820274,2.695538638110488,2.49135861037687,0.6835443037974683,0.31645569620253167,0.5528063634220792,0.8943872731558414,0.41095636230256116,45.22784810126582,0.2894736842105263,0.08333333333333333,1.0,0.75,0.5,0.8181818181818182,0.5333333333333333,0.6875,0.75,0.5555555555555556,0.0,0.5555555555555556,0.5555555555555556,0.14285714285714285,0.5652173913043478,79,2,-0.06794871794871793
P00069,0,0.6470588235294118,0.25,0.6296296296296297,0.9838750339685903,5.7029862047877735,1.7732016380638695,2.338391708553184,2.117918205788285,0.6323529411764706,0.36764705882352944,0.5226816232542417,0.9546367534915166,0.44896640678015676,48.529411764705884,0.25925925925925924,0.2,1.0,0.5555555555555556,0.37037037037037035,0.782608695652174,0.5517241379310345,0.5625,0.6170212765957447,0.65,1.0,0.4166666666666667,0.75,0.14285714285714285,0.6923076923076923,68,2,0.08823529411764708
P00070,0,0.6615384615384615,0.23076923076923078,0.5357142857142857,0.9719920860978977,6.128083532641963,1.7730155735816802,2.381674049920881,2.3476429873638134,0.5846153846153846,0.41538461538461535,0.5172240784460292,0.9655518431079418,0.4003362261309632,48.95384615384615,0.35714285714285715,0.3684210526315789,1.0,0.6666666666666666,0.4545454545454546,0.6428571428571429,0.55,0.5294117647058824,0.4888888888888889,0.7777777777777778,1.0,0.7333333333333333,0.7333333333333333,0.18181818181818182,0.46875,65,2,0.10511363636363635
P00071,0,0.6415094339622641,0.33962264150943394,1.125,0.997708400902005,5.690491109536477,1.7430064153176628,2.438987928048468,1.9478198175436914,0.7358490566037735,0.26415094339622647,0.547065078219735,0.90586984356053,0.3969458976695902,47.75471698113208,0.22727272727272727,0.1875,1.0,0.8571428571428571,0.2857142857142857,0.8181818181818182,0.6,0.75,0.675,0.9230769230769231,0.0,0.4444444444444444,1.0,0.3333333333333333,0.7647058823529411,53,1,0.009971509971509973
P00072,0,0.7894736842105263,0.3333333333333333,0.7307692307692307,0.9578302362543295,5.385773575938207,1.6052329402553212,2.2426012151671793,1.9603114817767422,0.47368421052631576,0.5263157894736843,0.45060368862870726,1.0987926227425855,0.4824144857080693,49.35087719298246,0.5416666666666666,0.375,0.6666666666666666,0.2222222222222222,0.625,0.4782608695652174,0.5294117647058824,0.4117647058823529,0.4888888888888889,0.4166666666666667,0.0,0.7777777777777778,0.4444444444444444,0.375,0.4642857142857143,57,1,-0.051724137931034475
P00073,0,0.5512820512820513,0.2564102564102564,0.8695652173913043,0.9727317461519386,6.133240900330662,1.5011162952227144,2.655736534575859,2.3478898687393635,0.6794871794871795,0.3205128205128205,0.556242435526509,0.887515128946982,0.4577048359978139,48.14102564102564,0.21052631578947367,0.17857142857142858,0.875,0.6,0.47619047619047616,0.8333333333333334,0.5263157894736842,0.5652173913043478,0.6785714285714286,0.65,1.0,0.6,0.6666666666666666,0.5,0.5789473684210527,78,2,-0.07692307692307687
P00074,1,0.7402597402597403,0.2727272727272727,0.5833333333333334,0.964814794990604,2.425844167489369,0.4069340232084704,2.199297955174626,2.0036152479883897,0.5324675324675324,0.4675324675324676,0.47226926003782677,1.0554614799243465,0.4551640937813986,50.27272727272727,0.5,0.45454545454545453,1.0,0.35714285714285715,0.42307692307692313,0.5517241379310345,0.6153846153846154,0.4090909090909091,0.48333333333333334,0.7058823529411765,0.0,0.9090909090909091,0.7272727272727273,0.16666666666666666,0.6538461538461539,77,2,0.116059379217274
P00075,0,0.6825396825396826,0.36507936507936506,1.15,0.9979664918750744,5.878488496155344,1.6589617986065557,2.860448360503871,2.2520376015930474,0.6031746031746031,0.39682539682539686,0.5179124264381656,0.9641751471236688,0.4253944077481085,50.317460317460316,0.3333333333333333,0.125,1.0,0.7777777777777778,0.5185185185185186,0.7272727272727273,0.45454545454545453,0.631578947368421,0.6595744680851063,0.4375,0.0,0.5714285714285714,0.2857142857142857,0.4,0.631578947368421,63,2,-0.019153225806451624
P00076,0,0.6481481481481481,0.2777777777777778,0.75,0.993263148133182,5.964012680567344,1.5374758798172994,2.0494901682959474,1.5064153064982628,0.5185185185185185,0.4814814814814815,0.4830873687010315,1.0338252625979367,0.5023056728893407,49.0,0.3181818181818182,0.2,0.6666666666666666,0.3333333333333333,0.6,0.6363636363636364,0.5,0.375,0.5,0.625,0.0,0.6,0.4,0.25,0.44,54,1,0.07407407407407413
P00077,0,0.7966101694915254,0.288135593220339,0.5666666666666667,0.9342337666325418,5.640550709548773,1.5968694436302455,1.8948737576725365,1.2171847628118033,0.5254237288135594,0.47457627118644063,0.49709918108555023,1.0058016378288994,0.42938014389179674,54.33898305084746,0.375,0.25,0.8571428571428571,0.5,0.5652173913043479,0.5882352941176471,0.6842105263157895,0.34782608695652173,0.46808510638297873,0.7272727272727273,1.0,1.0,0.8333333333333334,0.0,0.55,59,1,-0.18735632183908046
P00078,0,0.6666666666666666,0.30158730158730157,0.8260869565217391,0.9972437784840059,5.640358345311601,1.5888535941952,2.361082929882998,2.9855950160367435,0.5714285714285714,0.4285714285714286,0.473441817775683,1.0531163644486339,0.4533738736146583,56.36507936507937,0.3333333333333333,0.3333333333333333,0.7272727272727273,0.5,0.5,0.7222222222222222,0.625,0.4482758620689655,0.54,0.75,0.0,0.5555555555555556,0.8888888888888888,0.5,0.7,63,2,-0.33568548387096775
P00079,0,0.6842105263157895,0.2807017543859649,0.6956521739130435,0.9892774401680292,5.585630902060048,1.531031860517747,1.8649091099541084,0.7051645811647816,0.45614035087719296,0.543859649122807,0.44605637124477265,1.1078872575104548,0.3849127624571955,49.68421052631579,0.5,0.4166666666666667,1.0,0.5714285714285714,0.6,0.5217391304347826,0.3684210526315789,0.4666666666666667,0.4418604651162791,0.5,0.0,0.8888888888888888,0.4444444444444444,0.5,0.5,57,1,0.19458128078817732
P00080,0,0.7532467532467533,0.3246753246753247,0.7575757575757576,0.9772899509635598,5.91138629122492,1.5233040692406368,2.4731594231322407,2.6586992799747526,0.5714285714285714,0.4285714285714286,0.4560238223957246,1.0879523552085508,0.46715632262318774,50.09090909090909,0.59375,0.45454545454545453,0.875,0.6923076923076923,0.4642857142857143,0.5,0.7,0.5517241379310345,0.5535714285714286,0.65,0.0,0.5,0.6428571428571429,0.75,0.65,77,2,-0.17071524966261814
P00081,0,0.6323529411764706,0.25,0.6538461538461539,0.9849255798817972,5.890986726330485,1.5601708742525608,2.157757385213783,1.6102306061498364,0.6323529411764706,0.36764705882352944,0.5134973497898658,0.9730053004202679,0.401250484956577,46.0,0.4166666666666667,0.23809523809523808,1.0,0.75,0.30000000000000004,0.6363636363636364,0.6,0.6666666666666666,0.68,0.47058823529411764,1.0,0.5384615384615384,0.46153846153846156,0.3,0.48,68,2,-0.08823529411764708
P00082,0,0.7948717948717948,0.34615384615384615,0.7714285714285715,0.9573510079884744,5.98095626066934,1.3837166278304207,2.2274089901922247,1.8552654084779252,0.4358974358974359,0.5641025641025641,0.41551611883756623,1.1689677623248678,0.42960881177268434,48.97435897435897,0.6875,0.65,1.0,0.5,0.5294117647058824,0.3333333333333333,0.5,0.5294117647058824,0.4126984126984127,0.5333333333333333,0.0,0.9090909090909091,0.5454545454545454,0.5,0.45454545454545453,78,2,0.0
P00083,0,0.6235294117647059,0.3058823529411765,0.9629629629629629,0.9961626242265674,5.794403195639562,1.563109899190628,2.670219489418167,2.3147467878119987,0.5764705882352941,0.42352941176470593,0.4919991918070509,1.0160016163858983,0.4439256454534453,48.21176470588235,0.34210526315789475,0.20833333333333334,1.0,0.5,0.6176470588235294,0.7105263157894737,0.4583333333333333,0.4782608695652174,0.5714285714285714,0.5909090909090909,0.0,0.75,0.6666666666666666,0.2,0.6153846153846154,85,2,-0.1312292358803987
P00084,0,0.6621621621621622,0.44594594594594594,2.0625,0.9629193488204575,5.718116194338761,1.4305588891013168,2.6409076660113273,1.885717025705012,0.581081081081081,0.41891891891891897,0.481078839568121,1.0378423208637577,0.4602702308149764,51.2972972972973,0.41379310344827586,0.4375,0.75,0.875,0.6086956521739131,0.6923076923076923,0.2727272727272727,0.7307692307692307,0.5471698113207547,0.631578947368421,1.0,0.5384615384615384,0.8461538461538461,1.0,0.7222222222222222,74,2,0.08108108108108103
P00085,0,0.640625,0.328125,1.05,0.9984546873004174,6.101548285972461,1.621167165016664,2.370495470314323,1.8021637122850849,0.609375,0.390625,0.5127046447939556,0.9745907104120889,0.463666275160659,51.515625,0.21739130434782608,0.15789473684210525,0.8,0.4666666666666667,0.45833333333333337,0.7391304347826086,0.5263157894736842,0.5454545454545454,0.6111111111111112,0.6,0.0,1.0,0.8,0.25,0.5,64,2,-0.21875
P00086,0,0.7611940298507462,0.417910447761194,1.2173913043478262,0.9772830013660497,5.6294869733974595,1.665024158582339,3.0416561696820454,3.028024101189152,0.44776119402985076,0.5522388059701493,0.4341455444340799,1.1317089111318401,0.4005849552370148,53.83582089552239,0.5238095238095238,0.5,1.0,0.6666666666666666,0.6153846153846154,0.5263157894736842,0.2727272727272727,0.5384615384615384,0.46,0.4375,0.0,1.0,0.2,0.5,0.3333333333333333,67,2,-0.07308377896613194
P00087,1,0.5844155844155844,0.24675324675324675,0.7307692307692307,0.9801576333086146,2.451392021704806,0.5067120513088371,1.818199817255332,1.1225797426368525,0.6233766233766234,0.37662337662337664,0.55548359739956,0.8890328052008799,0.3980418772994653,45.57142857142857,0.20588235294117646,0.15384615384615385,1.0,0.4444444444444444,0.5,0.8181818181818182,0.44,0.5263157894736842,0.543859649122807,0.8421052631578947,1.0,0.26666666666666666,0.8,0.0,0.7,77,2,0.03576248313090424
P00088,1,0.6274509803921569,0.3137254901960784,1.0,0.996906986244376,2.438716241606573,0.4632767803262853,2.975560420339238,3.140745743210778,0.49019607843137253,0.5098039215686274,0.4990531203444499,1.0018937593111001,0.4404611495875074,49.8235294117647,0.4,0.18181818181818182,1.0,0.5,0.6363636363636364,0.6666666666666666,0.3333333333333333,0.5555555555555556,0.41935483870967744,0.6111111111111112,0.5,0.5,0.75,0.6666666666666666,0.45,51,1,-0.058461538461538454
P00089,0,0.5949367088607594,0.17721518987341772,0.42424242424242425,0.9442439126873955,5.502318428772183,1.5763385360134665,1.8142739320177488,1.1082443206160308,0.5569620253164557,0.44303797468354433,0.5233471163433897,0.9533057673132205,0.482187737594049,48.24050632911393,0.23333333333333334,0.20833333333333334,1.0,0.5,0.5882352941176471,0.7419354838709677,0.5172413793103449,0.3157894736842105,0.5178571428571429,0.6363636363636364,1.0,0.5,0.75,0.125,0.5217391304347826,79,2,0.03653846153846152
P00090,0,0.726027397260274,0.2602739726027397,0.5588235294117647,0.9657051562990427,5.856745542328444,1.5995413535800553,2.525099280856296,3.1773246178578347,0.5068493150684932,0.4931506849315068,0.4456805583117722,1.1086388833764556,0.45722933162859,48.013698630136986,0.5806451612903226,0.56,1.0,0.5454545454545454,0.48,0.43333333333333335,0.5555555555555556,0.5625,0.46,0.6190476190476191,0.5,0.6875,0.5625,0.0,0.5263157894736842,73,2,0.013513513513513487
P00091,1,0.7108433734939759,0.27710843373493976,0.6388888888888888,0.9800691585256767,2.369593219465702,0.44937965619264775,2.350034320850123,2.1145292422998803,0.6746987951807228,0.32530120481927716,0.5367949724139094,0.9264100551721813,0.3554396981013249,52.46987951807229,0.25,0.0625,1.0,0.35714285714285715,0.33333333333333337,0.8846153846153846,0.6764705882352942,0.43478260869565216,0.6507936507936508,0.7222222222222222,1.0,0.6666666666666666,0.8333333333333334,0.5,0.6818181818181818,83,2,-0.16085946573751453
P00092,0,0.6274509803921569,0.3333333333333333,1.1333333333333333,0.9957907696289647,5.645735852584262,1.649718210390321,2.276914814777352,1.5539310862646099,0.6078431372549019,0.3921568627450981,0.5223315027804177,0.9553369944391646,0.47189867114496414,50.294117647058826,0.22727272727272727,0.1875,0.8333333333333334,0.4,0.375,0.8,0.4,0.5238095238095238,0.6428571428571429,0.4444444444444444,0.0,0.6666666666666666,0.5,0.25,0.65,51,1,-0.06307692307692314
P00093,0,0.6851851851851852,0.24074074074074073,0.5416666666666666,0.9713074812741453,5.662973448507294,1.5367397472667206,2.4342868424846857,3.058719331902547,0.6296296296296297,0.37037037037037035,0.5120296187462628,0.9759407625074743,0.4115378749435429,53.01851851851852,0.35,0.3076923076923077,0.875,0.38461538461538464,0.2777777777777778,0.7222222222222222,0.7333333333333333,0.47619047619047616,0.5853658536585366,0.7272727272727273,1.0,0.6666666666666666,0.75,0.0,0.7,54,1,0.0
P00094,1,0.7702702702702703,0.36486486486486486,0.9,0.9755879233783092,2.4889931186463006,0.45580332813249086,2.316603437798285,1.673383415937987,0.581081081081081,0.41891891891891897,0.5298089131975818,0.9403821736048364,0.39712168144009097,51.95945945945946,0.3181818181818182,0.2,1.0,0.5333333333333333,0.4571428571428572,0.7,0.5555555555555556,0.5185185185185185,0.5535714285714286,0.625,1.0,0.8888888888888888,0.5555555555555556,0.0,0.3333333333333333,74,2,0.18918918918918914
P00095,0,0.5405405405405406,0.3918918918918919,2.6363636363636362,0.9173259555025477,6.088150097992738,1.574254737741825,3.0881387486036784,2.189615852461582,0.5945945945945946,0.4054054054054054,0.4994387025747067,1.0011225948505866,0.456460791920992,46.95945945945946,0.2647058823529412,0.22727272727272727,1.0,0.7,0.6923076923076923,0.7878787878787878,0.14285714285714285,0.75,0.576271186440678,0.6428571428571429,1.0,0.625,0.5,0.42857142857142855,0.6,74,2,0.16216216216216217
P00096,0,0.6590909090909091,0.23863636363636365,0.5675675675675675,0.9767568640727434,6.055107658933986,1.357728826350964,2.212978390363718,1.8379197684049708,0.4090909090909091,0.5909090909090908,0.403421477100631,1.1931570457987382,0.5524713097448198,48.77272727272727,0.5641025641025641,0.5185185185185185,0.6666666666666666,0.23076923076923078,0.59375,0.43243243243243246,0.5185185185185185,0.25,0.3559322033898305,0.5,1.0,0.6875,0.5,0.25,0.3333333333333333,88,2,-0.2727272727272727
P00097,0,0.7441860465116279,0.36046511627906974,0.9393939393939394,0.9867901406392868,5.922357622253403,1.6871365138118037,2.9207157061013733,3.0000199563328303,0.6395348837209303,0.36046511627906974,0.518291702808311,0.9634165943833778,0.3654503402859263,50.825581395348834,0.375,0.2608695652173913,1.0,0.625,0.3666666666666667,0.6666666666666666,0.5666666666666667,0.6923076923076923,0.6101694915254238,0.7307692307692307,0.0,0.6470588235294118,0.5882352941176471,0.5,0.5384615384615384,86,2,-0.11627906976744184
P00098,0,0.7222222222222222,0.2916666666666667,0.6774193548387096,0.9812472487063978,5.817562676245634,1.7634534010402272,2.6964621864486222,2.989198897796412,0.5,0.5,0.46521192675190587,1.0695761464961882,0.4328605950706426,50.958333333333336,0.42857142857142855,0.35714285714285715,0.875,0.5454545454545454,0.47619047619047616,0.5555555555555556,0.48,0.45,0.49019607843137253,0.55,0.0,0.75,0.5,0.4444444444444444,0.5555555555555556,72,2,0.16666666666666669
P00099,0,0.71875,0.328125,0.84,0.9918046099823001,6.006993462985878,1.5215900669499538,2.514455418375699,2.222375584184176,0.578125,0.421875,0.48501935427807585,1.0299612914438483,0.46586562363594686,48.984375,0.4230769230769231,0.4,1.0,0.6363636363636364,0.6086956521739131,0.5769230769230769,0.5263157894736842,0.631578947368421,0.5625,0.625,0.0,0.75,0.5,0.6,0.5294117647058824,64,2,0.28125
P00100,1,0.6470588235294118,0.27450980392156865,0.7368421052631579,0.9924333363345722,2.456169719883815,0.49033409113649296,2.055989614399838,1.5161080453279845,0.7450980392156863,0.2549019607843137,0.5639359636447981,0.8721280727104036,0.36398234683536507,47.76470588235294,0.30434782608695654,0.14285714285714285,1.0,0.8,0.38095238095238093,0.8,0.7333333333333333,0.6875,0.7380952380952381,0.875,0.0,0.5714285714285714,0.8571428571428571,0.0,0.7333333333333333,51,1,0.2846153846153846
P00101,1,0.6976744186046512,0.3023255813953488,0.7647058823529411,0.9923363449614883,2.438804625623425,0.43251854669370826,2.2053585044517865,1.7887013718534468,0.5581395348837209,0.4418604651162791,0.48047901839452645,1.0390419632109473,0.3924236207413867,52.96511627906977,0.3793103448275862,0.3333333333333333,1.0,0.5,0.48484848484848486,0.6428571428571429,0.4666666666666667,0.5714285714285714,0.53125,0.65,0.5,0.5,0.8333333333333334,0.2727272727272727,0.5555555555555556,86,2,-0.04651162790697683
P00102,0,0.5094339622641509,0.20754716981132076,0.6875,0.9441876096893886,5.978657866705094,1.5202365070727886,2.1145788492885504,1.771178399772182,0.5660377358490566,0.4339622641509434,0.5048111199018064,0.9903777601963873,0.46248717956561447,50.471698113207545,0.2,0.125,1.0,0.45454545454545453,0.6666666666666667,0.8421052631578947,0.35,0.5,0.5853658536585366,0.5,0.0,0.42857142857142855,0.7142857142857143,0.0,0.6470588235294118,53,1,-0.02136752136752129
P00103,0,0.8235294117647058,0.3382352941176471,0.696969696969697,0.9317439986058077,5.785577790324022,1.824207856382897,2.449965547485127,2.297886891023089,0.5441176470588235,0.4558823529411765,0.4851150909194807,1.0297698181610386,0.45763681856316357,49.35294117647059,0.5769230769230769,0.5238095238095238,1.0,0.5555555555555556,0.48,0.4583333333333333,0.6,0.5714285714285714,0.5283018867924528,0.6,0.0,0.8888888888888888,0.6666666666666666,0.2857142857142857,0.5714285714285714,68,2,0.20588235294117652
P00104,0,0.6730769230769231,0.17307692307692307,0.34615384615384615,0.9244969921365898,6.176111654171745,1.4883657048286427,1.8549881164497002,1.390651193392575,0.6153846153846154,0.3846153846153846,0.5126287746381428,0.9747424507237146,0.41307846306118734,49.09615384615385,0.3157894736842105,0.25,1.0,0.6,0.4782608695652174,0.75,0.64,0.36363636363636365,0.5952380952380952,0.7,0.0,0.8,0.6,0.0,0.7272727272727273,52,1,-0.15384615384615385
P00105,1,0.6125,0.225,0.5806451612903226,0.9742772010759925,2.3973717702783808,0.4915703534655913,2.4113184816105804,2.229435065319325,0.5875,0.4125,0.5035235378362664,0.9929529243274672,0.4533844321626494,45.6125,0.3333333333333333,0.27586206896551724,1.0,0.375,0.48275862068965514,0.7058823529411765,0.5185185185185185,0.47368421052631576,0.5873015873015873,0.5,1.0,0.75,0.625,0.2727272727272727,0.625,80,2,-0.22499999999999998
P00106,0,0.7246376811594203,0.42028985507246375,1.380952380952381,0.9844099770222969,6.081824642943687,1.8314133954556988,3.0816722831662275,2.628861766846536,0.5942028985507246,0.4057971014492754,0.4842585651911397,1.0314828696177207,0.44527602293220564,50.88405797101449,0.3333333333333333,0.3,1.0,0.6666666666666666,0.4642857142857143,0.6956521739130435,0.4642857142857143,0.6666666666666666,0.64,0.4117647058823529,1.0,0.6428571428571429,0.42857142857142855,0.25,0.6428571428571429,69,2,0.0117647058823529
P00107,1,0.686046511627907,0.29069767441860467,0.7352941176470589,0.9919291608034028,2.3145188685919043,0.4243759370823377,1.9620703818205405,1.3913200134707602,0.6627906976744186,0.33720930232558144,0.5400726073089516,0.919854785382097,0.41687935074141347,50.18604651162791,0.34285714285714286,0.25,1.0,0.5882352941176471,0.34615384615384615,0.7096774193548387,0.6296296296296297,0.6428571428571429,0.6521739130434783,0.6666666666666666,1.0,0.35714285714285715,0.7857142857142857,0.3,0.6538461538461539,86,2,-0.06976744186046513
P00108,0,0.6875,0.3125,0.8333333333333334,0.9965119062478288,5.705413095330424,1.2856509628382053,2.258715490155581,1.7001004624167213,0.4875,0.5125,0.42934524543224734,1.1413095091355054,0.5078713490461083,49.9125,0.48484848484848486,0.4782608695652174,0.8571428571428571,0.375,0.4347826086956522,0.46875,0.5238095238095238,0.48148148148148145,0.46774193548387094,0.5294117647058824,1.0,0.5833333333333334,0.5833333333333334,0.25,0.46153846153846156,80,2,0.07500000000000001
P00109,0,0.7088607594936709,0.34177215189873417,0.9310344827586207,0.9958574681194791,5.6780815217780365,1.7790842269058966,2.582101460167272,3.002965615604114,0.5189873417721519,0.4810126582278481,0.44977090866687097,1.100458182666258,0.4418975464219766,51.87341772151899,0.4166666666666667,0.3125,1.0,0.6923076923076923,0.5833333333333333,0.6086956521739131,0.45714285714285713,0.5238095238095238,0.55,0.4444444444444444,0.0,0.5,0.5833333333333334,0.46153846153846156,0.59375,79,2,0.06282051282051287
P00110,0,0.6451612903225806,0.3870967741935484,1.5,0.9872379251113543,5.843895763821311,1.5797210868007483,3.1918654282523065,3.0981424202274055,0.4838709677419355,0.5161290322580645,0.48044209987704595,1.0391158002459082,0.45069369873658477,51.38709677419355,0.3333333333333333,0.29411764705882354,0.8571428571428571,0.5833333333333334,0.7777777777777778,0.68,0.1111111111111111,0.5789473684210527,0.5510204081632653,0.23076923076923078,0.0,0.5,0.2,0.14285714285714285,0.3684210526315789,62,2,0.06451612903225806
P00111,1,0.6779661016949152,0.3050847457627119,0.8181818181818182,0.996646276623214,2.5682891340965615,0.4594192426732001,2.101194822838198,1.7596088805534655,0.6610169491525424,0.3389830508474576,0.5176664643986262,0.9646670712027476,0.40519388160999265,49.69491525423729,0.3,0.14285714285714285,1.0,0.5714285714285714,0.3928571428571429,0.7,0.5652173913043478,0.75,0.7045454545454546,0.5714285714285714,0.0,0.6666666666666666,0.4444444444444444,0.2222222222222222,0.6,59,1,-0.19195402298850572
P00112,0,0.6825396825396826,0.23809523809523808,0.5357142857142857,0.9706381214708321,5.484003449939256,1.8052908432964274,2.5587980197017433,3.1017670775481556,0.3968253968253968,0.6031746031746033,0.42618562424632594,1.1476287515073482,0.4242846846876197,52.12698412698413,0.38095238095238093,0.4666666666666667,1.0,0.3333333333333333,0.5909090909090908,0.5454545454545454,0.3333333333333333,0.30434782608695654,0.4117647058823529,0.3,0.5,1.0,0.3,0.0,0.5263157894736842,63,2,-0.044354838709677435
P00113,1,0.7121212121212122,0.3484848484848485,0.9583333333333334,0.9955150364969244,2.500557270116777,0.41039211048828617,2.352391175656963,1.7787089885147387,0.6515151515151515,0.3484848484848485,0.507548269537658,0.9849034609246841,0.3402839170128963,52.60606060606061,0.4166666666666667,0.2727272727272727,1.0,0.6153846153846154,0.52,0.6956521739130435,0.5416666666666666,0.7368421052631579,0.5869565217391305,0.7894736842105263,1.0,0.75,0.9166666666666666,0.3333333333333333,0.7647058823529411,66,2,-0.030303030303030276
P00114,0,0.6363636363636364,0.37662337662337664,1.45,0.9883196261828656,5.928319801398245,1.785605615621172,2.576851881392538,2.1570114363763535,0.5714285714285714,0.4285714285714286,0.48662457316942304,1.0267508536611543,0.46718748888428124,47.09090909090909,0.36363636363636365,0.3076923076923077,1.0,0.75,0.5925925925925926,0.696969696969697,0.2631578947368421,0.64,0.5806451612903226,0.5333333333333333,0.0,0.5555555555555556,0.5555555555555556,0.375,0.5454545454545454,77,2,-0.014844804318488558
P00115,1,0.7469879518072289,0.3253012048192771,0.7714285714285715,0.9804704528718093,2.4449401860772135,0.4750392887597367,2.7826631625339164,2.893822663727476,0.6144578313253012,0.3855421686746988,0.5082679013849155,0.9834641972301688,0.39735557050786297,51.83132530120482,0.4,0.3157894736842105,1.0,0.631578947368421,0.48275862068965514,0.6551724137931034,0.5806451612903226,0.6086956521739131,0.6206896551724138,0.6086956521739131,0.5,1.0,0.5714285714285714,0.7142857142857143,0.5806451612903226,83,2,0.057491289198606355
P00116,0,0.7222222222222222,0.2638888888888889,0.5757575757575758,0.9693570515733373,5.844645635257675,1.613497816572965,2.373190512508232,2.0833681384482308,0.4722222222222222,0.5277777777777778,0.4576383967570319,1.0847232064859362,0.4480009134037599,47.361111111111114,0.5454545454545454,0.5,1.0,0.4,0.5483870967741935,0.4827586206896552,0.45161290322580644,0.5,0.4,0.6190476190476191,1.0,0.5833333333333334,0.5,0.4,0.3333333333333333,72,2,-0.27777777777777785
P00117,0,0.5802469135802469,0.25925925925925924,0.8076923076923077,0.9822564834506524,5.5963293775431655,1.6393089716205322,2.1977678716391638,2.001831466721138,0.6049382716049383,0.3950617283950617,0.5195438128842229,0.9609123742315543,0.46727696415728853,48.71604938271605,0.2631578947368421,0.12,1.0,0.5833333333333334,0.6521739130434783,0.75,0.45454545454545453,0.5217391304347826,0.5692307692307692,0.75,0.0,0.6,0.8,0.2222222222222222,0.6666666666666666,81,2,-0.13841463414634148
P00118,0,0.7640449438202247,0.43820224719101125,1.3448275862068966,0.9718407651756734,6.2155162983323935,1.5195879084644313,2.9465423733926905,3.298811129425195,0.48314606741573035,0.5168539325842696,0.4575413478580145,1.084917304283971,0.42252335250311535,52.17977528089887,0.4827586206896552,0.5263157894736842,1.0,0.7333333333333333,0.5945945945945945,0.5357142857142857,0.34210526315789475,0.6521739130434783,0.48,0.46153846153846156,1.0,0.8333333333333334,0.3333333333333333,0.2857142857142857,0.5,89,2,-0.07828282828282829
P00119,1,0.7702702702702703,0.43243243243243246,1.28,0.9712590263695523,2.527704605396931,0.40797068584848883,2.8288362754707026,2.4256941251915096,0.6351351351351351,0.3648648648648649,0.5142947200062737,0.9714105599874527,0.40440791297669193,51.027027027027025,0.36,0.3157894736842105,1.0,0.7692307692307693,0.375,0.6521739130434783,0.5357142857142857,0.7391304347826086,0.6296296296296297,0.65,0.0,0.7857142857142857,0.7142857142857143,0.375,0.6923076923076923,74,2,0.08108108108108103
P00120,0,0.6296296296296297,0.2962962962962963,0.8888888888888888,0.9962464137552288,5.796727526200727,1.6106540158828686,1.9551292306611483,1.209847576661526,0.6296296296296297,0.37037037037037035,0.5238901297438573,0.9522197405122853,0.39988011493884407,49.03703703703704,0.2631578947368421,0.21428571428571427,1.0,0.5,0.52,0.7619047619047619,0.47368421052631576,0.6428571428571429,0.675,0.5,0.0,0.5833333333333334,0.5,0.0,0.6111111111111112,54,1,0.0
P00121,0,0.7209302325581395,0.2441860465116279,0.5121951219512195,0.9590232822975909,5.793032663061378,1.7919658563286656,2.3191625634200195,2.40078550741954,0.46511627906976744,0.5348837209302326,0.4707029731808788,1.0585940536382423,0.4842432199170707,45.58139534883721,0.47368421052631576,0.4642857142857143,1.0,0.375,0.525,0.5,0.5,0.3333333333333333,0.4444444444444444,0.4,1.0,0.5714285714285714,0.7142857142857143,0.08333333333333333,0.375,86,2,-0.09302325581395349
P00122,1,0.5636363636363636,0.2909090909090909,1.0666666666666667,0.978885508516845,2.528412969549342,0.43893847641408906,2.1962074770996365,1.671355497351963,0.6,0.4,0.5043099182961063,0.9913801634077875,0.42726451935534115,47.56363636363636,0.2608695652173913,0.2777777777777778,1.0,0.625,0.5238095238095238,0.7391304347826086,0.42105263157894735,0.6153846153846154,0.6,0.625,0.5,0.5,0.625,0.2857142857142857,0.6875,55,1,-0.20370370370370372
P00123,0,0.6065573770491803,0.29508196721311475,0.9473684210526315,0.9925932182444082,5.698166988437859,1.4986801380265928,2.6447465197196034,2.175354322669895,0.5901639344262295,0.4098360655737705,0.4881138192080326,1.023772361583935,0.4241099443713615,49.91803278688525,0.2857142857142857,0.1875,1.0,0.42857142857142855,0.42105263157894735,0.8095238095238095,0.43478260869565216,0.5294117647058824,0.6170212765957447,0.5,0.0,0.7,0.5,0.42857142857142855,0.65,61,2,0.04623655913978497
P00124,0,0.7454545454545455,0.2,0.36666666666666664,0.9109633322342948,5.644651791292061,1.7570988341175746,2.0611044639001324,1.8903714662332287,0.5454545454545454,0.4545454545454546,0.4847880417002289,1.0304239165995421,0.44205419729222417,46.0,0.5555555555555556,0.3888888888888889,1.0,0.5714285714285714,0.5217391304347826,0.46153846153846156,0.8125,0.38461538461538464,0.5,0.625,1.0,0.8571428571428571,0.5714285714285714,0.0,0.5454545454545454,55,1,-0.16534391534391535
P00125,0,0.7777777777777778,0.2716049382716049,0.5365853658536586,0.9401793679031173,5.703095559044332,1.5296363787303444,1.9725371427032943,1.5239879967504237,0.5061728395061729,0.49382716049382713,0.4481315176214941,1.1037369647570117,0.4356584807012004,46.333333333333336,0.6097560975609756,0.52,1.0,0.5714285714285714,0.5,0.45161290322580644,0.5806451612903226,0.47368421052631576,0.47619047619047616,0.6111111111111112,0.0,0.5,0.7,0.3333333333333333,0.2631578947368421,81,2,-0.037195121951219545
P00126,0,0.6818181818181818,0.2878787878787879,0.7307692307692307,0.9919868625607242,5.354656172024836,1.7547813939504082,1.9035962252073415,1.3403341777503537,0.5151515151515151,0.48484848484848486,0.46367339304954225,1.0726532139009157,0.43192385209122414,51.54545454545455,0.43478260869565216,0.35714285714285715,0.8888888888888888,0.5454545454545454,0.5,0.5217391304347826,0.46153846153846156,0.5882352941176471,0.5272727272727272,0.4444444444444444,0.5,0.75,0.5,0.5,0.5,66,2,0.0
P00127,0,0.6419753086419753,0.2962962962962963,0.8571428571428571,0.997035416729931,5.713707841839127,1.55569137707127,2.5105765401303946,2.2842193816648297,0.5432098765432098,0.45679012345679015,0.503347850771088,0.9933042984578241,0.40299843949056147,49.18518518518518,0.32432432432432434,0.391304347826087,1.0,0.4666666666666667,0.47619047619047616,0.6666666666666666,0.29411764705882354,0.5357142857142857,0.543859649122807,0.5217391304347826,1.0,0.6428571428571429,0.5,0.2857142857142857,0.48484848484848486,81,2,0.03597560975609759
P00128,1,0.6987951807228916,0.3132530120481928,0.8125,0.994439820000569,2.418982381157471,0.4637377383259982,2.3050238335418043,1.9981390922346476,0.5542168674698795,0.4457831325301205,0.5008152862235747,0.9983694275528506,0.4626495409019551,50.33734939759036,0.2857142857142857,0.3157894736842105,1.0,0.3076923076923077,0.4117647058823529,0.7037037037037037,0.5161290322580645,0.44,0.45614035087719296,0.75,1.0,0.6842105263157895,0.6842105263157895,0.45454545454545453,0.5142857142857142,83,2,0.03484320557491283
P00129,1,0.65625,0.359375,1.2105263157894737,0.9970657487876435,2.3805985924005495,0.37075082698451667,2.4230877481007806,1.9515467242923863,0.5625,0.4375,0.46784420452174963,1.0643115909565006,0.4842056876724052,47.1875,0.4074074074074074,0.3157894736842105,1.0,0.6666666666666666,0.6521739130434783,0.6666666666666666,0.4230769230769231,0.6428571428571429,0.5660377358490566,0.5454545454545454,0.0,0.625,0.5,0.6666666666666666,0.5882352941176471,64,2,-0.125
P00130,0,0.6547619047619048,0.27380952380952384,0.71875,0.9916960601466152,5.8042142176783225,1.722313312628215,2.211503279739035,1.7942820662058228,0.6190476190476191,0.38095238095238093,0.49840791151720626,1.0031841769655876,0.4604756708488335,50.583333333333336,0.34375,0.3333333333333333,0.8333333333333334,0.6470588235294118,0.3666666666666667,0.6896551724137931,0.6153846153846154,0.5517241379310345,0.5970149253731343,0.7058823529411765,0.0,0.625,0.75,0.5,0.6666666666666666,84,2,-0.09523809523809523
P00131,1,0.49056603773584906,0.20754716981132076,0.7333333333333333,0.9349749779338203,2.3435551470727876,0.4506963636358908,2.475774780627068,2.26844280018605,0.6792452830188679,0.3207547169811321,0.5454674757960595,0.9090650484078808,0.48263783480443884,46.16981132075472,0.17391304347826086,0.0,1.0,0.5,0.5555555555555556,0.8695652173913043,0.5294117647058824,0.5384615384615384,0.6666666666666666,0.75,0.6666666666666666,0.375,0.75,0.0,0.6,53,1,-0.32763532763532766
P00132,0,0.5308641975308642,0.2345679012345679,0.7916666666666666,0.9608583596308183,5.850367712695575,1.7313520625239562,2.9181414775513232,3.7130116648743603,0.6172839506172839,0.3827160493827161,0.5159550992638162,0.9680898014723678,0.43588989395931055,44.5679012345679,0.23076923076923078,0.13793103448275862,0.6666666666666666,0.5,0.5806451612903225,0.7948717948717948,0.42857142857142855,0.5,0.625,0.625,0.0,0.625,0.625,0.3076923076923077,0.6521739130434783,81,2,0.034146341463414664
P00133,0,0.711864406779661,0.2542372881355932,0.5555555555555556,0.9688915548296199,5.662950245357718,1.3230150561879368,2.2735337459100116,2.195548085561932,0.5932203389830508,0.4067796610169492,0.4731916472155518,1.0536167055688965,0.3955642462457528,50.96610169491525,0.42105263157894735,0.4166666666666667,1.0,0.5,0.33333333333333337,0.65,0.6363636363636364,0.47058823529411764,0.5384615384615384,0.6666666666666666,1.0,0.6666666666666666,0.8,0.2857142857142857,0.6363636363636364,59,1,0.08160919540229883
P00134,1,0.6470588235294118,0.3137254901960784,0.9411764705882353,0.9989495214640732,2.40836079526604,0.3508839451178666,2.0322575694099494,1.2497312295320562,0.7058823529411765,0.2941176470588235,0.5312947784244226,0.9374104431511546,0.4112344167728788,52.470588235294116,0.3333333333333333,0.23076923076923078,1.0,0.8888888888888888,0.5,0.7777777777777778,0.5625,0.7647058823529411,0.65,0.8888888888888888,1.0,0.5555555555555556,0.8888888888888888,0.25,0.7692307692307693,51,1,0.12923076923076926
P00135,0,0.75,0.3125,0.7142857142857143,0.9755307720176266,6.122303740912613,1.5217009353134643,2.01925985029321,1.4781686332518797,0.5625,0.4375,0.4846836268637047,1.0306327462725906,0.4482785620573917,50.5625,0.5384615384615384,0.4444444444444444,1.0,0.7,0.44999999999999996,0.5,0.631578947368421,0.5714285714285714,0.5192307692307693,0.7272727272727273,1.0,0.6666666666666666,0.8333333333333334,0.5,0.6875,64,2,0.0625
P00136,0,0.7049180327868853,0.3114754098360656,0.7916666666666666,0.9925932182444082,5.723760750466647,1.7876701523097085,2.5074769046536503,2.516403500023504,0.639344262295082,0.360655737704918,0.5139388992368347,0.9721222015263307,0.4376554907509105,49.40983606557377,0.4074074074074074,0.3333333333333333,0.8571428571428571,0.5,0.5333333333333333,0.6666666666666666,0.631578947368421,0.6111111111111112,0.6326530612244898,0.6363636363636364,1.0,0.6,0.8,0.25,0.5909090909090909,61,2,-0.2505376344086022
P00137,1,0.7142857142857143,0.25,0.5384615384615384,0.9655193961975073,2.4631455224094365,0.5752677566150014,1.993695744199006,1.337440616263194,0.625,0.375,0.5270833394236287,0.9458333211527427,0.3194566006624665,50.05357142857143,0.2777777777777778,0.2727272727272727,1.0,0.16666666666666666,0.36,0.7777777777777778,0.6153846153846154,0.4166666666666667,0.5405405405405406,0.7894736842105263,0.0,0.6428571428571429,0.7857142857142857,0.16666666666666666,0.6842105263157895,56,1,0.1071428571428572
P00138,1,0.5882352941176471,0.27450980392156865,0.875,0.9866263937660277,2.4579924362488677,0.40508905780868165,2.629940115786195,2.2615073621745907,0.5490196078431373,0.4509803921568627,0.5013100145103468,0.9973799709793062,0.4455173494191938,45.88235294117647,0.36,0.3125,1.0,1.0,0.631578947368421,0.6071428571428571,0.3076923076923077,0.7,0.5,0.6666666666666666,0.0,0.6,0.8,0.0,0.625,51,1,0.13538461538461544
P00139,1,0.7321428571428571,0.32142857142857145,0.782608695652174,0.9859172157746986,2.46356050639714,0.4061206540555135,1.7098052908693169,0.7103394583539234,0.5357142857142857,0.4642857142857143,0.4853676624150633,1.0292646751698735,0.35271285022435767,52.19642857142857,0.3684210526315789,0.3076923076923077,1.0,0.3333333333333333,0.5217391304347826,0.6470588235294118,0.42857142857142855,0.52,0.5102040816326531,0.7142857142857143,0.0,0.6,0.8,0.2222222222222222,0.7894736842105263,56,1,0.0
P00140,1,0.6521739130434783,0.2463768115942029,0.6071428571428571,0.9816561182085322,2.4431046299019017,0.45432068446843016,2.3168565099343557,1.9803349498436364,0.5797101449275363,0.42028985507246375,0.49349680998822903,1.0130063800235418,0.4388568330637168,46.52173913043478,0.4444444444444444,0.35,1.0,0.6,0.5789473684210527,0.6451612903225806,0.5454545454545454,0.5,0.5957446808510638,0.5238095238095238,1.0,0.7333333333333333,0.4666666666666667,0.1111111111111111,0.4,69,2,0.04117647058823526
P00141,0,0.7878787878787878,0.30303030303030304,0.625,0.9481964230199842,6.118771298269407,1.4208426159486716,1.7840746002353858,0.9596957397470195,0.5303030303030303,0.4696969696969697,0.462257811659313,1.075484376681374,0.41689318232985834,53.77272727272727,0.5263157894736842,0.45454545454545453,1.0,0.46153846153846156,0.4285714285714286,0.45,0.6190476190476191,0.52,0.5272727272727272,0.5454545454545454,0.0,0.7777777777777778,0.4444444444444444,0.375,0.5925925925925926,66,2,-0.2121212121212121
P00142,0,0.7796610169491526,0.3389830508474576,0.7692307692307693,0.9658596581350245,5.876518280446155,1.4639900231404543,1.863166161237085,1.0677147399273825,0.5423728813559322,0.4576271186440678,0.48082231046059876,1.0383553790788025,0.39097917160568607,51.83050847457627,0.6153846153846154,0.36363636363636365,1.0,0.6923076923076923,0.7222222222222222,0.47368421052631576,0.5238095238095238,0.631578947368421,0.5106382978723404,0.6666666666666666,0.0,0.375,0.75,0.3333333333333333,0.42857142857142855,59,1,-0.15402298850574714
P00143,0,0.7096774193548387,0.22580645161290322,0.4666666666666667,0.952417307098987,5.737516976172189,1.3546469468265463,2.09131273154819,2.0895834222175806,0.5483870967741935,0.4516129032258065,0.4892517838408645,1.021496432318271,0.42660752364219684,49.38709677419355,0.46153846153846156,0.3333333333333333,1.0,0.6,0.46153846153846156,0.5714285714285714,0.5833333333333334,0.47058823529411764,0.56,0.5,0.0,0.75,0.75,0.375,0.5769230769230769,62,2,0.12903225806451613
P00144,0,0.6349206349206349,0.3492063492063492,1.2222222222222223,0.9950720080878417,5.890162206442572,1.6496727351891625,3.0172450570574485,2.5491778222296513,0.5555555555555556,0.4444444444444444,0.4818920075820076,1.0362159848359849,0.4682863314026034,48.82539682539682,0.3448275862068966,0.42105263157894735,1.0,0.6363636363636364,0.5263157894736843,0.6666666666666666,0.3157894736842105,0.6470588235294118,0.525,0.55,1.0,0.4375,0.625,0.42857142857142855,0.45,63,2,-0.04939516129032262
P00145,0,0.65,0.38333333333333336,1.4375,0.9898535436013524,5.695309528992033,1.5437265523309198,2.389643884068487,1.6704980154986138,0.6333333333333333,0.3666666666666667,0.5154212201107624,0.9691575597784753,0.4903415366637518,47.9,0.37037037037037035,0.3157894736842105,0.8571428571428571,0.75,0.47619047619047616,0.7391304347826086,0.44,0.8333333333333334,0.6086956521739131,0.6923076923076923,1.0,0.6666666666666666,0.7777777777777778,0.375,0.631578947368421,60,1,0.06666666666666665
P00146,0,0.6727272727272727,0.38181818181818183,1.3125,0.9943162498120767,5.53678854674196,1.4670036906575958,3.2081801032497452,2.9289746200459383,0.5636363636363636,0.4363636363636364,0.4828702854107697,1.0342594291784606,0.47220773713909825,46.50909090909091,0.46153846153846156,0.29411764705882354,1.0,1.0,0.6,0.625,0.4,0.7272727272727273,0.6097560975609756,0.42857142857142855,0.0,0.6666666666666666,0.5,0.2857142857142857,0.5263157894736842,55,1,0.0886243386243386
P00147,0,0.640625,0.265625,0.7083333333333334,0.9900875675925761,6.014152245315611,1.812282127496175,2.0756216672320726,1.8759331996578115,0.71875,0.28125,0.531005454488299,0.9379890910234021,0.4807377693857568,52.828125,0.2916666666666667,0.11764705882352941,0.8181818181818182,0.5294117647058824,0.2272727272727273,0.8636363636363636,0.7894736842105263,0.5217391304347826,0.7083333333333334,0.7333333333333333,1.0,0.36363636363636365,0.7272727272727273,0.75,0.75,64,2,0.125
P00148,1,0.6567164179104478,0.34328358208955223,1.0952380952380953,0.9991804726809543,2.4351385202842284,0.47137304156386295,2.43512973623558,1.8705839646862243,0.6417910447761194,0.35820895522388063,0.5240041103568382,0.9519917792863237,0.40811626292759945,50.1044776119403,0.2692307692307692,0.16666666666666666,1.0,0.75,0.45833333333333337,0.75,0.48148148148148145,0.75,0.6346153846153846,0.6153846153846154,1.0,0.4166666666666667,0.6666666666666666,0.4,0.5714285714285714,67,2,-0.16844919786096257
P00149,0,0.6515151515151515,0.2878787878787879,0.7916666666666666,0.9955150364969244,5.621191066805818,1.435056046040314,2.5779339606083154,2.6231932777188245,0.6515151515151515,0.3484848484848485,0.518528374030873,0.9629432519382539,0.41654424911357935,50.75757575757576,0.2916666666666667,0.125,1.0,0.7,0.4814814814814815,0.8181818181818182,0.5833333333333334,0.55,0.6078431372549019,0.7857142857142857,1.0,0.4,0.8,0.42857142857142855,0.7368421052631579,66,2,0.2727272727272727
P00150,1,0.6436781609195402,0.28735632183908044,0.8064516129032258,0.9955600718137515,2.5014306099091215,0.4742432940720881,2.4989229309468786,2.1651664688130756,0.7126436781609196,0.28735632183908044,0.513126214566757,0.9737475708664861,0.39149274982543353,49.758620689655174,0.2894736842105263,0.19047619047619047,1.0,0.7142857142857143,0.3928571428571429,0.7777777777777778,0.6923076923076923,0.64,0.7272727272727273,0.65,1.0,0.5833333333333334,0.6666666666666666,0.1111111111111111,0.7741935483870968,87,2,-0.06236786469344613
P00151,1,0.6153846153846154,0.19230769230769232,0.45454545454545453,0.9543725779839041,2.5574810977988816,0.46185244171198847,2.633951894397822,3.7225177433876,0.5961538461538461,0.40384615384615385,0.4895197457930974,1.0209605084138051,0.4821583102475664,48.30769230769231,0.3,0.26666666666666666,0.5,0.3333333333333333,0.47619047619047616,0.7142857142857143,0.5714285714285714,0.4,0.5588235294117647,0.6875,0.5,0.46153846153846156,0.6923076923076923,0.6,0.6923076923076923,52,1,0.1923076923076923
P00152,0,0.7878787878787878,0.36363636363636365,0.8571428571428571,0.9653416911257973,5.663368358500681,1.5541493121993342,2.228956046987131,1.7686103534395858,0.6818181818181818,0.31818181818181823,0.5248842106522453,0.9502315786955094,0.37278425412305866,55.81818181818182,0.45,0.3125,1.0,0.6,0.375,0.631578947368421,0.6842105263157895,0.7142857142857143,0.6607142857142857,0.8,0.0,0.8571428571428571,0.8571428571428571,0.0,0.5714285714285714,66,2,-0.09090909090909094
P00153,1,0.7840909090909091,0.3181818181818182,0.6829268292682927,0.956817802665093,2.512585178105164,0.43696057768472824,2.0031536030651553,1.4680664091866056,0.5113636363636364,0.48863636363636365,0.4810169880195831,1.037966023960834,0.3587289817237704,54.125,0.43478260869565216,0.375,1.0,0.4444444444444444,0.5,0.6086956521739131,0.5333333333333333,0.42857142857142855,0.4927536231884058,0.5555555555555556,1.0,0.8888888888888888,0.5555555555555556,0.4,0.6,88,2,-0.06818181818181812
P00154,1,0.6615384615384615,0.23076923076923078,0.5357142857142857,0.9719920860978977,2.408366131993539,0.491132997201434,2.352901985321098,2.064095319535789,0.6153846153846154,0.3846153846153846,0.545520044509635,0.9089599109807301,0.408786540150257,49.215384615384615,0.2962962962962963,0.2727272727272727,1.0,0.6363636363636364,0.4545454545454546,0.7307692307692307,0.6,0.47368421052631576,0.6326530612244898,0.5714285714285714,0.5,0.8181818181818182,0.45454545454545453,0.2222222222222222,0.5652173913043478,65,2,-0.0804924242424242
P00155,1,0.7105263157894737,0.3026315789473684,0.7419354838709677,0.988841133516701,2.513842643526221,0.47700375404555756,2.0893378602471837,1.7249530010076388,0.618421052631579,0.381578947368421,0.49900749414295315,1.0019850117140936,0.4497381950646824,47.06578947368421,0.4864864864864865,0.38461538461538464,1.0,0.6666666666666666,0.33333333333333337,0.5757575757575758,0.6153846153846154,0.7058823529411765,0.65625,0.4,0.5,0.6666666666666666,0.3333333333333333,0.375,0.44,76,2,-0.02631578947368418
P00156,0,0.5641025641025641,0.2692307692307692,0.9130434782608695,0.9788069930961362,5.571680678308028,1.4195956449166436,2.479244259745484,2.161379359989205,0.6666666666666666,0.33333333333333337,0.5183502760814197,0.9632994478371608,0.4490785310358306,48.58974358974359,0.24324324324324326,0.16666666666666666,0.8888888888888888,0.5,0.5909090909090908,0.8235294117647058,0.5217391304347826,0.5714285714285714,0.6363636363636364,0.7391304347826086,0.0,0.6,0.6666666666666666,0.2222222222222222,0.7916666666666666,78,2,0.05128205128205121
P00157,0,0.7176470588235294,0.3764705882352941,1.103448275862069,0.993734259882995,5.8129581570818205,1.5502819179830236,2.5195124778662366,2.1939422746994377,0.611764705882353,0.388235294117647,0.502501159919249,0.994997680161502,0.44470477699042954,50.858823529411765,0.3888888888888889,0.43478260869565216,1.0,0.8333333333333334,0.46153846153846156,0.6176470588235294,0.5714285714285714,0.6333333333333333,0.6197183098591549,0.5714285714285714,0.0,0.8888888888888888,0.5555555555555556,0.0,0.5416666666666666,85,2,-0.06146179401993357
P00158,0,0.75,0.3235294117647059,0.7586206896551724,0.9786060106920111,6.106416707188942,1.8014336789608292,2.155683196552785,1.7062059285178355,0.45588235294117646,0.5441176470588236,0.4324413631009802,1.1351172737980397,0.4669565376459221,52.23529411764706,0.5238095238095238,0.46153846153846156,0.7142857142857143,0.5,0.5483870967741935,0.5,0.4666666666666667,0.4,0.41818181818181815,0.6153846153846154,0.0,0.7777777777777778,0.5555555555555556,0.25,0.5384615384615384,68,2,-0.02941176470588236
P00159,1,0.6067415730337079,0.23595505617977527,0.6363636363636364,0.9790874106769583,2.382824312725541,0.39803762806011844,1.9648044802027314,1.6338882136799273,0.651685393258427,0.348314606741573,0.5407798428057506,0.9184403143884987,0.42623469392569,48.943820224719104,0.2564102564102564,0.15384615384615385,1.0,0.5555555555555556,0.4814814814814815,0.7837837837837838,0.6086956521739131,0.5172413793103449,0.5972222222222222,0.8666666666666667,1.0,0.4166666666666667,0.9166666666666666,0.15384615384615385,0.7941176470588235,89,2,0.030303030303030276
P00160,1,0.6266666666666667,0.32,1.0434782608695652,0.9966539810588864,2.3973716849940505,0.44496233598806817,2.522503597596157,2.0596966463892126,0.6933333333333334,0.30666666666666664,0.5246808095352296,0.9506383809295409,0.41395370512059393,50.333333333333336,0.2413793103448276,0.1111111111111111,1.0,0.6153846153846154,0.40740740740740744,0.8064516129032258,0.6190476190476191,0.6086956521739131,0.6981132075471698,0.6818181818181818,0.0,0.4166666666666667,0.6666666666666666,0.125,0.6153846153846154,75,2,-0.0718349928876244
P00161,1,0.65,0.2833333333333333,0.7727272727272727,0.9945598702792322,2.455959835523918,0.4708152494076834,2.121754744298471,1.7072418990664302,0.65,0.35,0.5403869193870807,0.9192261612258382,0.39147452572001606,48.11666666666667,0.3333333333333333,0.17647058823529413,1.0,0.7777777777777778,0.40909090909090906,0.75,0.5294117647058824,0.631578947368421,0.6170212765957447,0.8,0.6666666666666666,0.375,0.875,0.375,0.7058823529411765,60,1,-0.033333333333333326
P00162,0,0.7258064516129032,0.2903225806451613,0.6666666666666666,0.9792914131179907,5.794578889115286,1.7563219148672764,2.5996763524733355,2.4911963807153636,0.6129032258064516,0.3870967741935484,0.5073561934901346,0.9852876130197309,0.37905166221876013,46.5,0.43333333333333335,0.35,1.0,0.8333333333333334,0.40909090909090906,0.5666666666666667,0.65,0.6666666666666666,0.6046511627906976,0.631578947368421,0.0,0.8,0.6,0.16666666666666666,0.5555555555555556,62,2,-0.19354838709677424
P00163,1,0.6341463414634146,0.25609756097560976,0.6774193548387096,0.9871264935421584,2.3870558261594486,0.4284281720207826,2.5521946880588144,3.05069471491748,0.6463414634146342,0.35365853658536583,0.5493737488242735,0.9012525023514532,0.4238341040938605,50.25609756097561,0.1875,0.08333333333333333,1.0,0.375,0.40740740740740744,0.84375,0.6153846153846154,0.4166666666666667,0.6271186440677966,0.7,0.6666666666666666,0.7222222222222222,0.6111111111111112,0.3333333333333333,0.5185185185185185,82,2,-0.07317073170731714
P00164,0,0.6410256410256411,0.38461538461538464,1.5,0.9869209914747653,5.75819740214139,1.692953752594337,2.999240804101274,2.554666821452317,0.5,0.5,0.43727295880963607,1.1254540823807277,0.493412738362914,47.1025641025641,0.42857142857142855,0.46153846153846156,0.8,0.6363636363636364,0.6956521739130435,0.6129032258064516,0.3448275862068966,0.5555555555555556,0.509090909090909,0.4782608695652174,0.0,0.8571428571428571,0.5714285714285714,0.25,0.6363636363636364,78,2,0.1282051282051282
P00165,0,0.7758620689655172,0.3448275862068966,0.8,0.9694802928155769,5.710218574846684,1.6325149196082331,2.466267162259202,2.226428135287219,0.5,0.5,0.4452225780218062,1.1095548439563878,0.46387473716339134,51.05172413793103,0.6086956521739131,0.5882352941176471,0.8333333333333334,0.6363636363636364,0.5,0.43478260869565216,0.5882352941176471,0.5,0.46511627906976744,0.6,0.0,0.9,0.5,0.3333333333333333,0.45,58,1,-0.10344827586206895
P00166,0,0.7254901960784313,0.2549019607843137,0.5416666666666666,0.9630450790733197,5.999451397552711,1.6979165584971638,2.2314487340341076,1.9365061700220292,0.5686274509803921,0.43137254901960786,0.49764655317621986,1.0047068936475603,0.45279678290030556,52.80392156862745,0.5,0.25,1.0,0.5833333333333334,0.375,0.6111111111111112,0.6428571428571429,0.47368421052631576,0.5405405405405406,0.6153846153846154,1.0,0.7777777777777778,0.8888888888888888,0.0,0.5,51,1,0.01692307692307682
P00167,1,0.7678571428571429,0.35714285714285715,0.8695652173913043,0.9759770383584843,2.4909113999407935,0.5222539608050842,2.411000942299177,2.9826157211995072,0.625,0.375,0.5211043725082957,0.9577912549834087,0.33944952451034377,54.017857142857146,0.45,0.3333333333333333,0.8571428571428571,0.75,0.44999999999999996,0.6666666666666666,0.5909090909090909,0.631578947368421,0.5121951219512195,0.9285714285714286,1.0,0.7272727272727273,0.9090909090909091,0.5,0.6470588235294118,56,1,-0.03571428571428581
P00168,0,0.6266666666666667,0.3466666666666667,1.2380952380952381,0.9935491879950303,6.07471174620051,1.709036573742824,2.569388745539495,2.1497286638822892,0.6133333333333333,0.3866666666666667,0.49662819056430674,1.0067436188713865,0.4532741342308718,49.333333333333336,0.25925925925925924,0.15789473684210525,1.0,0.75,0.5428571428571429,0.8,0.39285714285714285,0.6818181818181818,0.559322033898305,0.8125,0.0,0.8571428571428571,0.8571428571428571,0.4,0.6666666666666666,75,2,-0.28307254623044104
P00169,0,0.7258064516129032,0.1935483870967742,0.36363636363636365,0.9177865147843569,5.826424914618988,1.6439531536299947,1.7395183768437745,1.6237477852105957,0.4838709677419355,0.5161290322580645,0.4738213434682083,1.0523573130635833,0.4193394113066634,49.225806451612904,0.4583333333333333,0.45,0.8,0.4444444444444444,0.48,0.5,0.5416666666666666,0.375,0.45652173913043476,0.5625,0.0,0.5384615384615384,0.5384615384615384,0.3333333333333333,0.38095238095238093,62,2,-0.19354838709677424
P00170,0,0.6521739130434783,0.3333333333333333,1.0454545454545454,0.9994262594684702,5.779978820440322,1.5360601706892525,2.363304316509087,1.7913863607303016,0.6231884057971014,0.37681159420289856,0.5198517003429023,0.9602965993141955,0.4370458378827613,50.78260869565217,0.3333333333333333,0.2777777777777778,0.9,0.5,0.5238095238095238,0.7142857142857143,0.5,0.631578947368421,0.6140350877192983,0.6666666666666666,0.0,0.625,0.75,0.2857142857142857,0.6521739130434783,69,2,0.01092436974789912
P00171,0,0.6056338028169014,0.19718309859154928,0.4827586206896552,0.9583173356782501,5.843307248205256,1.4014952969261985,2.284469537894949,2.234648077391618,0.5492957746478874,0.45070422535211263,0.46075104735856665,1.0784979052828667,0.5187990005179491,45.61971830985915,0.3939393939393939,0.34615384615384615,1.0,0.5,0.6,0.6060606060606061,0.56,0.38461538461538464,0.5454545454545454,0.5,1.0,0.5555555555555556,0.7777777777777778,0.2857142857142857,0.625,71,2,-0.15634920634920635
P00172,0,0.6623376623376623,0.24675324675324675,0.59375,0.9801576333086146,5.5056520615325635,1.5981679989219206,1.9425300046105964,1.6105098120134633,0.5064935064935064,0.49350649350649356,0.4719024340405953,1.0561951319188094,0.46864012433346264,48.20779220779221,0.4375,0.3,0.8,0.1,0.4242424242424242,0.6333333333333333,0.4782608695652174,0.375,0.46774193548387094,0.6666666666666666,0.0,0.5,0.8,0.16666666666666666,0.6,77,2,0.22064777327935226
P00173,0,0.7228915662650602,0.26506024096385544,0.5789473684210527,0.969637221157835,5.609163342005827,1.6494675327791273,2.1455827076569993,1.914198906230962,0.4819277108433735,0.5180722891566265,0.4534025652960234,1.0931948694079532,0.43795833053509114,53.397590361445786,0.4,0.3333333333333333,1.0,0.3333333333333333,0.6216216216216216,0.5909090909090909,0.5263157894736842,0.30434782608695654,0.42424242424242425,0.7058823529411765,0.0,0.8571428571428571,0.7857142857142857,0.125,0.5714285714285714,83,2,-0.011614401858304313
P00174,0,0.6545454545454545,0.2,0.44,0.9534382032409197,5.8333796098602155,1.9612418576620267,2.476568381021346,2.4616167363138346,0.5818181818181818,0.4181818181818182,0.48926272606919213,1.0214745478616156,0.4831193359084469,46.654545454545456,0.46153846153846156,0.4444444444444444,1.0,0.6666666666666666,0.5,0.5416666666666666,0.631578947368421,0.5833333333333334,0.5555555555555556,0.625,0.6666666666666666,0.6153846153846154,0.6923076923076923,0.0,0.75,55,1,0.12433862433862441
P00175,0,0.6111111111111112,0.25555555555555554,0.71875,0.986353150824755,5.791227830770816,1.555813348098459,2.3239798068736937,2.7526865559687956,0.6111111111111112,0.38888888888888884,0.4980146598440977,1.0039706803118047,0.4576399823070945,46.98888888888889,0.3409090909090909,0.3448275862068966,1.0,0.6428571428571429,0.5294117647058824,0.6190476190476191,0.5357142857142857,0.7,0.6521739130434783,0.5,0.3333333333333333,0.5333333333333333,0.4,0.14285714285714285,0.5652173913043478,90,2,0.022222222222222254
P00176,1,0.6666666666666666,0.4057971014492754,1.5555555555555556,0.9855458760638377,2.4386264252956273,0.44740720112423676,2.463296295299682,1.9282280757551367,0.5797101449275363,0.42028985507246375,0.4960970841117082,1.0078058317765834,0.42237400647041284,46.17391304347826,0.35294117647058826,0.19047619047619047,1.0,0.7777777777777778,0.5384615384615384,0.6896551724137931,0.3181818181818182,0.7222222222222222,0.5636363636363636,0.6923076923076923,0.0,0.2857142857142857,0.42857142857142855,0.5,0.5833333333333334,69,2,-0.19075630252100845
P00177,0,0.7045454545454546,0.36363636363636365,1.0666666666666667,0.9966670550486785,5.881493341657764,1.6593013481442775,2.5698199549675396,2.1312326651761455,0.5340909090909091,0.46590909090909094,0.45696432581315594,1.0860713483736884,0.44494416352176613,47.95454545454545,0.4888888888888889,0.3181818181818182,1.0,0.6666666666666666,0.5,0.5945945945945946,0.42424242424242425,0.6111111111111112,0.5492957746478874,0.4,1.0,0.6428571428571429,0.42857142857142855,0.6666666666666666,0.45454545454545453,88,2,0.022727272727272707
P00178,0,0.6271186440677966,0.3050847457627119,0.9473684210526315,0.996646276623214,5.93616029487629,1.668417675589009,2.217961503881817,1.7270847522507171,0.559322033898305,0.44067796610169496,0.4906422031898549,1.0187155936202903,0.46989404930931394,49.559322033898304,0.3333333333333333,0.25,1.0,0.625,0.5666666666666667,0.6842105263157895,0.43478260869565216,0.5882352941176471,0.5,0.875,1.0,0.5,0.75,0.42857142857142855,0.4666666666666667,59,1,0.014942528735632177
P00179,0,0.6779661016949152,0.288135593220339,0.7391304347826086,0.9927682224649002,5.5305246157534675,1.7750133798210175,2.6520091392352336,3.630519139511378,0.5423728813559322,0.4576271186440678,0.44162050907948663,1.1167589818410268,0.46217482745365934,50.94915254237288,0.391304347826087,0.42857142857142855,1.0,0.5555555555555556,0.5,0.5652173913043478,0.5714285714285714,0.4666666666666667,0.5416666666666666,0.5555555555555556,0.5,0.625,0.375,0.14285714285714285,0.5714285714285714,59,1,-0.08620689655172409
P00180,1,0.7435897435897436,0.3333333333333333,0.8125,0.9836953470468075,2.3934522065597084,0.39815388269635094,2.4642509561909653,2.113451437792638,0.5128205128205128,0.4871794871794872,0.4850143843590469,1.029971231281906,0.40230084165767815,50.256410256410255,0.42424242424242425,0.3684210526315789,1.0,0.5384615384615384,0.56,0.5862068965517241,0.4230769230769231,0.5217391304347826,0.5087719298245614,0.5,1.0,0.6666666666666666,0.5555555555555556,0.5,0.6521739130434783,78,2,0.10256410256410253
P00181,0,0.5875,0.275,0.88,0.9865007945050567,5.518337573440012,1.5524290576920745,2.0550634313773015,1.3068219881196796,0.6625,0.3375,0.5100822230226075,0.9798355539547849,0.49315153388067884,42.775,0.4166666666666667,0.30303030303030304,1.0,0.7272727272727273,0.35,0.6818181818181818,0.631578947368421,0.6470588235294118,0.609375,0.875,0.0,0.5,1.0,0.2,0.7142857142857143,80,2,0.07499999999999996
P00182,0,0.7213114754098361,0.2786885245901639,0.6296296296296297,0.9765890503687534,5.741703852317527,1.6709240228872437,2.550160805168019,2.3929145049972123,0.6229508196721312,0.3770491803278688,0.4576303933316128,1.0847392133367744,0.461511087070428,48.36065573770492,0.48,0.42857142857142855,1.0,0.7142857142857143,0.31818181818181823,0.5652173913043478,0.7619047619047619,0.5294117647058824,0.5531914893617021,0.8461538461538461,1.0,0.8,0.8,0.5,0.7142857142857143,61,2,0.11075268817204298
P00183,0,0.5789473684210527,0.2894736842105263,1.0,0.9848107791666668,5.785756414355864,1.4948847474271145,2.3197718216968886,1.9404994420741932,0.5921052631578947,0.4078947368421053,0.5069495914570092,0.9861008170859814,0.4309914291416604,48.98684210526316,0.23529411764705882,0.15,1.0,0.5833333333333334,0.5416666666666667,0.7419354838709677,0.4230769230769231,0.5789473684210527,0.6031746031746031,0.5454545454545454,0.5,0.375,0.625,0.2857142857142857,0.6521739130434783,76,2,0.13157894736842113
P00184,0,0.6629213483146067,0.20224719101123595,0.43902439024390244,0.9528831067852471,5.6699125589891715,1.7215805562143496,1.8573249217486394,1.5053815424952062,0.43820224719101125,0.5617977528089888,0.4410230358806671,1.117953928238666,0.5007617045687294,48.325842696629216,0.5,0.4,0.8,0.26666666666666666,0.6333333333333333,0.5277777777777778,0.5,0.24,0.3787878787878788,0.5909090909090909,1.0,0.6,0.6666666666666666,0.0,0.3793103448275862,89,2,0.14747474747474743
P00185,0,0.7543859649122807,0.22807017543859648,0.43333333333333335,0.9282341220518463,6.133269590642572,1.5122981234214015,2.2857337417367525,3.0247460329411195,0.5789473684210527,0.42105263157894735,0.4715877886688386,1.056824422662323,0.4380525254104522,48.26315789473684,0.5652173913043478,0.38461538461538464,0.75,0.25,0.4137931034482759,0.47368421052631576,0.6923076923076923,0.5,0.5348837209302325,0.7692307692307693,0.0,0.75,0.75,0.0,0.7857142857142857,57,1,0.15517241379310343
P00186,0,0.647887323943662,0.23943661971830985,0.5862068965517241,0.9789836946236272,6.0558589924479955,1.575494405333428,2.3899034858710033,2.039809759248333,0.5070422535211268,0.49295774647887325,0.46756339629554516,1.0648732074089098,0.4864033173874201,50.66197183098591,0.43333333333333335,0.375,1.0,0.35714285714285715,0.5454545454545454,0.6666666666666666,0.47058823529411764,0.37037037037037035,0.46296296296296297,0.6470588235294118,0.0,0.6666666666666666,0.5555555555555556,0.125,0.375,71,2,-0.014285714285714235
P00187,1,0.6727272727272727,0.2909090909090909,0.7619047619047619,0.9943162498120767,2.387834775423188,0.4557841234689169,1.8633861580172708,1.2198038601226628,0.6181818181818182,0.38181818181818183,0.5515886009672331,0.896822798065534,0.42705257530448376,50.21818181818182,0.21739130434782608,0.1875,1.0,0.5,0.4375,0.8,0.5294117647058824,0.5,0.6086956521739131,0.6666666666666666,0.0,0.5714285714285714,0.7142857142857143,0.5,0.6875,55,1,0.050264550264550345
P00188,0,0.632183908045977,0.3563218390804598,1.2916666666666667,0.9929304026446215,6.087928246066594,1.418574069697572,2.3257137752117885,1.5829871659663433,0.6436781609195402,0.3563218390804598,0.5050490973329528,0.9899018053340944,0.4619514038373183,48.03448275862069,0.34210526315789475,0.2413793103448276,1.0,0.7,0.4516129032258065,0.6842105263157895,0.5555555555555556,0.6818181818181818,0.6527777777777778,0.5384615384615384,1.0,0.625,0.625,0.23076923076923078,0.4666666666666667,87,2,0.03118393234672301
P00189,0,0.7058823529411765,0.21568627450980393,0.44,0.9468917158733349,5.820831672698961,1.461624104612578,2.33580881300568,2.4208673338008713,0.43137254901960786,0.5686274509803921,0.40931515391447393,1.1813696921710521,0.4829461979091229,49.509803921568626,0.5652173913043478,0.5,1.0,0.42857142857142855,0.5,0.38095238095238093,0.5294117647058824,0.38461538461538464,0.45714285714285713,0.3333333333333333,1.0,0.7142857142857143,0.2857142857142857,0.6,0.3157894736842105,51,1,-0.09538461538461535
P00190,0,0.6794871794871795,0.2948717948717949,0.7666666666666667,0.9942508581829151,5.846453191938024,1.5845537980124393,2.460016647531659,2.1572570158740674,0.5256410256410257,0.47435897435897434,0.4904186058818941,1.0191627882362118,0.4492195642382017,47.6025641025641,0.47368421052631576,0.34782608695652173,0.8571428571428571,0.38461538461538464,0.5555555555555556,0.6111111111111112,0.45454545454545453,0.45,0.5161290322580645,0.6,0.0,0.8,0.4,0.4444444444444444,0.5,78,2,-0.02564102564102566
P00191,0,0.5526315789473685,0.3157894736842105,1.3333333333333333,0.9693986975683961,5.904383221520081,1.4561739954994386,2.6149659039708473,2.0443769259974154,0.7105263157894737,0.2894736842105263,0.5599814130297119,0.8800371739405763,0.46081340494957995,45.5,0.23076923076923078,0.16666666666666666,1.0,0.6923076923076923,0.52,0.8285714285714286,0.48,0.8125,0.6885245901639344,0.7857142857142857,1.0,0.5555555555555556,0.7777777777777778,0.6666666666666666,0.6666666666666666,76,2,-0.05263157894736836
P00192,0,0.6666666666666666,0.2361111111111111,0.5483870967741935,0.9738098089660944,5.837460193885023,1.55160689713866,2.019695223566574,1.8112516005734594,0.5972222222222222,0.4027777777777778,0.471921367910839,1.056157264178322,0.43554177197478916,45.166666666666664,0.47368421052631576,0.4583333333333333,1.0,0.625,0.42307692307692313,0.6,0.6071428571428571,0.5714285714285714,0.5576923076923077,0.7,0.0,0.8461538461538461,0.6923076923076923,0.5,0.6,72,2,0.08333333333333326
P00193,0,0.6144578313253012,0.3132530120481928,1.04,0.994439820000569,5.833174342234906,1.7557892594735927,2.466751325373861,2.1216130440083107,0.6385542168674698,0.3614457831325302,0.4901164537312689,1.0197670925374622,0.48626246252648225,49.433734939759034,0.34285714285714286,0.25925925925925924,1.0,0.47368421052631576,0.48,0.6764705882352942,0.5454545454545454,0.6666666666666666,0.6060606060606061,0.7647058823529411,0.0,0.6153846153846154,0.8461538461538461,0.375,0.6538461538461539,83,2,0.24970963995354234
P00194,0,0.7307692307692307,0.358974358974359,0.9655172413793104,0.9911689689401411,5.989986513097914,1.4668767068761701,2.395896419182517,1.8933903831969416,0.5256410256410257,0.47435897435897434,0.4570651539954842,1.0858696920090316,0.46714540771072527,51.96153846153846,0.5517241379310345,0.4090909090909091,0.9090909090909091,0.5882352941176471,0.5217391304347826,0.5,0.4782608695652174,0.5925925925925926,0.5535714285714286,0.45454545454545453,0.0,0.5833333333333334,0.5,1.0,0.4444444444444444,78,2,-0.07692307692307693
P00195,0,0.7205882352941176,0.4264705882352941,1.45,0.9827365524509634,5.790032363013876,1.5534915415554682,2.435153715177804,1.7739999494506846,0.6764705882352942,0.32352941176470584,0.5114535918390328,0.9770928163219343,0.41767092075568907,48.4264705882353,0.43333333333333335,0.3333333333333333,1.0,0.5833333333333334,0.2962962962962963,0.6666666666666666,0.5789473684210527,0.7727272727272727,0.6181818181818182,0.9166666666666666,1.0,0.75,1.0,0.3333333333333333,0.5625,68,2,0.0
P00196,0,0.75,0.36538461538461536,0.95,0.9848323797687023,5.9290431745787355,1.6604587598253313,2.511439182045914,2.244374953613367,0.6153846153846154,0.3846153846153846,0.48472755994003563,1.0305448801199288,0.43306974404873494,50.46153846153846,0.47619047619047616,0.4166666666666667,1.0,0.5454545454545454,0.3125,0.55,0.6666666666666666,0.6470588235294118,0.6756756756756757,0.42857142857142855,1.0,0.6363636363636364,0.45454545454545453,0.75,0.4444444444444444,52,1,-0.07692307692307698
P00197,1,0.6363636363636364,0.25,0.6470588235294118,0.9847433310729073,2.386319768227601,0.44791057174409005,2.507415491133026,2.3852658675662504,0.6590909090909091,0.34090909090909094,0.5435319238125945,0.912936152374811,0.3994543482324602,50.59090909090909,0.22857142857142856,0.24,1.0,0.631578947368421,0.3666666666666667,0.7692307692307693,0.6538461538461539,0.4782608695652174,0.6567164179104478,0.65,1.0,0.6666666666666666,0.6666666666666666,0.0,0.6818181818181818,88,2,-0.09090909090909094
P00198,0,0.6909090909090909,0.2727272727272727,0.6521739130434783,0.9847394666504513,5.542584252570527,1.5606121616848239,2.689030634646304,2.6289718140340836,0.5454545454545454,0.4545454545454546,0.45338743650004526,1.0932251269999094,0.4280974613177645,52.872727272727275,0.3684210526315789,0.38461538461538464,0.8571428571428571,0.5833333333333334,0.5,0.631578947368421,0.5263157894736842,0.47058823529411764,0.5526315789473685,0.4666666666666667,1.0,0.8181818181818182,0.5454545454545454,0.25,0.6,55,1,-0.16534391534391535
P00199,1,0.6557377049180327,0.3114754098360656,0.9047619047619048,0.9990102732714808,2.407122998146009,0.461033328436235,2.1537527637099827,1.560275130717388,0.6557377049180327,0.34426229508196726,0.558730527775548,0.8825389444489042,0.37199774242493094,51.01639344262295,0.15,0.06666666666666667,1.0,0.5833333333333334,0.4782608695652174,0.8571428571428571,0.5217391304347826,0.5882352941176471,0.6041666666666666,0.8333333333333334,1.0,0.7272727272727273,0.8181818181818182,0.25,0.6666666666666666,61,2,0.10967741935483877
P00200,0,0.6896551724137931,0.20689655172413793,0.42857142857142855,0.9472513879834538,5.660696679085064,1.704238142342321,1.984676647866875,1.7330923596731602,0.5402298850574713,0.45977011494252873,0.46013065225954675,1.0797386954809067,0.4790842099145045,51.6551724137931,0.41379310344827586,0.3684210526315789,0.8571428571428571,0.4666666666666667,0.45945945945945943,0.5625,0.6451612903225806,0.375,0.46774193548387094,0.72,0.0,0.47058823529411764,0.8235294117647058,0.2222222222222222,0.53125,87,2,-0.26532769556025365
P00201,1,0.7195121951219512,0.3780487804878049,1.1071428571428572,0.9932628312243988,2.5222989149319854,0.4501291438600709,2.837223620012512,2.4112176836224326,0.5121951219512195,0.4878048780487805,0.48397982326916866,1.0320403534616627,0.43313838176886144,52.451219512195124,0.39285714285714285,0.2,1.0,0.6666666666666666,0.6,0.6086956521739131,0.4,0.5833333333333334,0.46296296296296297,0.5769230769230769,1.0,0.6363636363636364,0.6363636363636364,0.4444444444444444,0.5555555555555556,82,2,0.09756097560975613
P00202,0,0.7380952380952381,0.32142857142857145,0.7714285714285715,0.9835015601790952,6.06868561219685,1.5489115764346288,2.3216525786121585,2.2000634797022163,0.4880952380952381,0.5119047619047619,0.434600676575493,1.1307986468490139,0.46331955557708954,51.13095238095238,0.48148148148148145,0.35,0.8333333333333334,0.4,0.5714285714285714,0.5,0.5161290322580645,0.44,0.463768115942029,0.6,0.0,0.2,0.6,0.5555555555555556,0.5454545454545454,84,2,-0.11904761904761912
P00203,0,0.6621621621621622,0.3783783783783784,1.3333333333333333,0.9937871798328699,5.870426926990896,1.6563424678672731,2.8184969809560143,2.1955454453537717,0.6486486486486487,0.3513513513513513,0.5119624806408797,0.9760750387182408,0.4337907799191323,50.445945945945944,0.3076923076923077,0.21052631578947367,0.8333333333333334,0.6923076923076923,0.40625,0.76,0.48148148148148145,0.7272727272727273,0.6727272727272727,0.5789473684210527,0.0,0.75,0.5625,0.25,0.6896551724137931,74,2,-0.05405405405405406
P00204,0,0.6103896103896104,0.2727272727272727,0.8076923076923077,0.9905248662442369,5.761210592240946,1.5330416429718798,2.4765687287881355,2.2549554608424676,0.5454545454545454,0.4545454545454546,0.48234028386267913,1.0353194322746417,0.47552351353916605,54.64935064935065,0.21739130434782608,0.2222222222222222,0.7272727272727273,0.5,0.4666666666666667,0.782608695652174,0.4583333333333333,0.43333333333333335,0.5081967213114754,0.6666666666666666,0.75,0.6666666666666666,0.8333333333333334,0.14285714285714285,0.65,77,2,-0.06612685560053988
P00205,0,0.6176470588235294,0.27941176470588236,0.8260869565217391,0.9926333638431593,6.010269389336015,1.642475824566146,2.6625146968813342,2.330101026810155,0.6176470588235294,0.38235294117647056,0.5078250574126099,0.9843498851747803,0.41568029399897793,49.279411764705884,0.21428571428571427,0.3,1.0,0.6,0.5,0.7692307692307693,0.4782608695652174,0.5789473684210527,0.66,0.47058823529411764,1.0,0.6153846153846154,0.46153846153846156,0.0,0.5714285714285714,68,2,0.11764705882352944
P00206,0,0.7361111111111112,0.2916666666666667,0.65625,0.9751835297490364,5.799884510970099,1.3235991297120744,1.9819129741397434,1.2508164456796702,0.4444444444444444,0.5555555555555556,0.4617525777609354,1.0764948444781293,0.4487646939136089,51.31944444444444,0.5161290322580645,0.47619047619047616,1.0,0.42857142857142855,0.5909090909090908,0.5,0.4444444444444444,0.38461538461538464,0.4528301886792453,0.42105263157894735,0.0,0.7692307692307693,0.3076923076923077,0.5,0.45454545454545453,72,2,-0.1111111111111111
P00207,0,0.5875,0.275,0.88,0.9865007945050567,5.51486102224276,1.6056453833987292,2.631782227216029,2.418180327079863,0.6,0.4,0.5110124585809558,0.9779750828380884,0.47043104245114,49.1875,0.34285714285714286,0.24,0.9,0.5714285714285714,0.4642857142857143,0.7352941176470589,0.47368421052631576,0.5185185185185185,0.5645161290322581,0.7058823529411765,1.0,0.6923076923076923,0.6923076923076923,0.2,0.5666666666666667,80,2,0.09999999999999998
P00208,0,0.5370370370370371,0.3333333333333333,1.6363636363636365,0.9528806179183443,5.7094961721895645,1.5989927437358158,2.7810000690987313,2.499306831006634,0.6851851851851852,0.31481481481481477,0.540321896374455,0.9193562072510901,0.4486859701938588,47.51851851851852,0.18518518518518517,0.11764705882352941,1.0,0.7272727272727273,0.5625,0.84,0.42105263157894735,0.8,0.6888888888888889,0.6666666666666666,0.0,0.8333333333333334,0.5,0.6666666666666666,0.5,54,1,-0.11111111111111105
P00209,0,0.6811594202898551,0.36231884057971014,1.1363636363636365,0.9983026984121179,5.813828348087798,1.5064298455715572,2.546471864263076,2.1573818108992335,0.5362318840579711,0.46376811594202894,0.47194938237013295,1.0561012352597343,0.4418530526130942,51.30434782608695,0.4074074074074074,0.3125,0.8,0.5,0.40909090909090906,0.65,0.391304347826087,0.5769230769230769,0.5555555555555556,0.4666666666666667,0.0,0.5,0.5,0.3333333333333333,0.6875,69,2,-0.1605042016806723
P00210,0,0.7796610169491526,0.3728813559322034,0.9166666666666666,0.9712428678041652,5.862660527093561,1.3744211258245285,2.280963181529415,1.6861843642064298,0.4406779661016949,0.5593220338983051,0.4135126874241195,1.172974625151761,0.43362737936913226,47.440677966101696,0.6521739130434783,0.6666666666666666,1.0,0.25,0.48275862068965514,0.36363636363636365,0.4166666666666667,0.6153846153846154,0.42857142857142855,0.47058823529411764,0.0,0.8,0.5,0.6,0.5,59,1,-0.15057471264367822
P00211,0,0.68,0.3,0.7894736842105263,0.9953399877068456,5.406987899806769,1.448092774433785,3.206908218545157,4.435023555116194,0.52,0.48,0.49071553826201236,1.0185689234759754,0.4706788566861831,47.58,0.46153846153846156,0.3125,1.0,0.7,0.6,0.6,0.45454545454545453,0.42857142857142855,0.55,0.4444444444444444,0.0,0.875,0.5,0.0,0.5833333333333334,50,1,-0.15999999999999998
P00212,0,0.7547169811320755,0.4528301886792453,1.5,0.9694291344807998,5.652728416761421,1.6045923640996433,2.7801846614218766,2.2372278736842075,0.660377358490566,0.339622641509434,0.4877133520575853,1.0245732958848295,0.4544201095091746,49.9622641509434,0.47058823529411764,0.46153846153846156,1.0,0.75,0.4347826086956522,0.625,0.5454545454545454,0.8666666666666667,0.6,0.7777777777777778,0.0,0.7692307692307693,0.8461538461538461,0.6666666666666666,0.75,53,1,0.23931623931623935
P00213,0,0.6851851851851852,0.2777777777777778,0.6818181818181818,0.9880617251774644,5.691552023037781,1.5859876148480243,1.9998837423410445,1.715780468274657,0.5925925925925926,0.40740740740740744,0.4957132338659838,1.0085735322680325,0.4450695130962846,51.074074074074076,0.4166666666666667,0.4375,1.0,0.6,0.4375,0.5909090909090909,0.6,0.5882352941176471,0.6046511627906976,0.5,1.0,0.5,0.5,0.5,0.47058823529411764,54,1,0.07407407407407407
P00214,0,0.735632183908046,0.2988505747126437,0.6842105263157895,0.9780243787677387,5.666449520738474,1.5459292429379463,2.321901460167955,2.2637973806957374,0.4827586206896552,0.5172413793103448,0.4573601562076996,1.085279687584601,0.4299738694769226,51.02298850574713,0.4,0.4090909090909091,1.0,0.4375,0.5625,0.5862068965517241,0.4666666666666667,0.39285714285714285,0.463768115942029,0.5294117647058824,1.0,0.42857142857142855,0.42857142857142855,0.29411764705882354,0.5217391304347826,87,2,-0.1490486257928118
P00215,1,0.6271186440677966,0.288135593220339,0.85,0.9949763721992633,2.508274511913624,0.553471901113161,2.163715098225283,1.5933476233936354,0.5423728813559322,0.4576271186440678,0.495275096113045,1.0094498077739098,0.4065216103949775,50.152542372881356,0.25,0.16666666666666666,1.0,0.625,0.6153846153846154,0.7894736842105263,0.4166666666666667,0.4375,0.5111111111111111,0.6428571428571429,0.0,0.6666666666666666,0.5555555555555556,0.5,0.5789473684210527,59,1,0.04942528735632179
P00216,0,0.5974025974025974,0.3116883116883117,1.0909090909090908,0.9899524013009434,6.132600963560861,1.6391457710345554,2.6546505824215414,3.188219755681451,0.6493506493506493,0.35064935064935066,0.5157514458591622,0.9684971082816757,0.4766663667003656,46.77922077922078,0.2727272727272727,0.15789473684210525,1.0,0.7142857142857143,0.6071428571428572,0.75,0.5,0.7058823529411765,0.6101694915254238,0.75,1.0,0.45454545454545453,0.6363636363636364,0.7142857142857143,0.6190476190476191,77,2,0.03508771929824561
P00217,1,0.6779661016949152,0.3728813559322034,1.2222222222222223,0.996646276623214,2.585597779004976,0.4253299176312102,2.347473870061139,1.8006158199554536,0.5932203389830508,0.4067796610169492,0.49478891878122,1.0104221624375602,0.40701438989106287,48.28813559322034,0.3333333333333333,0.29411764705882354,1.0,0.7142857142857143,0.5454545454545454,0.6521739130434783,0.42857142857142855,0.7333333333333333,0.5882352941176471,0.625,0.0,0.75,0.5,0.6,0.65,59,1,0.01379310344827589
P00218,1,0.6493506493506493,0.18181818181818182,0.3888888888888889,0.9401699930600376,2.362108070267471,0.39201120601446715,1.7771862854334564,1.370574719681876,0.6623376623376623,0.33766233766233766,0.5393546034838778,0.9212907930322446,0.38206164830110534,47.09090909090909,0.39473684210526316,0.22727272727272727,1.0,0.625,0.41666666666666663,0.6875,0.6923076923076923,0.5789473684210527,0.6557377049180327,0.6875,0.0,0.25,0.75,0.0,0.6470588235294118,77,2,0.11268556005398112
P00219,0,0.6941176470588235,0.3058823529411765,0.7878787878787878,0.9939768159562864,5.764580301558206,1.602125419773482,2.428423185340548,2.160960622557076,0.5882352941176471,0.4117647058823529,0.4841954598920072,1.0316090802159859,0.4960397402449888,46.0,0.48717948717948717,0.42857142857142855,1.0,0.75,0.38888888888888884,0.5348837209302325,0.6666666666666666,0.6,0.5892857142857143,0.5384615384615384,1.0,0.65,0.55,0.4,0.5714285714285714,85,2,0.08028792912513838
P00220,0,0.6753246753246753,0.4155844155844156,1.6,0.9833293973569059,5.697193808404277,1.7920495505648923,2.293375626968955,1.616963682026867,0.5974025974025974,0.4025974025974026,0.49764585489868396,1.004708290202632,0.5023187214245621,47.688311688311686,0.4411764705882353,0.2608695652173913,1.0,0.8,0.5333333333333333,0.6333333333333333,0.4230769230769231,0.7619047619047619,0.6417910447761194,0.3,0.0,0.5555555555555556,0.3333333333333333,0.6428571428571429,0.5384615384615384,77,2,0.14035087719298245
P00221,0,0.6610169491525424,0.1864406779661017,0.39285714285714285,0.940809216621293,5.559538937796756,1.5111420345350874,1.7198572627769686,0.8373729272228817,0.4915254237288136,0.5084745762711864,0.458401621683952,1.0831967566320961,0.4876710458958957,46.79661016949152,0.4482758620689655,0.5,1.0,0.16666666666666666,0.5714285714285714,0.5172413793103449,0.7857142857142857,0.1875,0.41304347826086957,0.7692307692307693,0.0,0.5714285714285714,0.8571428571428571,0.25,0.5882352941176471,59,1,0.017241379310344807
P00222,1,0.6404494382022472,0.2808988764044944,0.78125,0.9942025924147215,2.4921473829279424,0.4508922582756806,2.1420752977246265,1.7133272260112606,0.6853932584269663,0.3146067415730337,0.5434864783594977,0.9130270432810044,0.4099345486215158,49.47191011235955,0.3,0.18518518518518517,0.8571428571428571,0.8125,0.40740740740740744,0.78125,0.6129032258064516,0.6538461538461539,0.6666666666666666,0.75,1.0,0.6363636363636364,0.6363636363636364,0.2222222222222222,0.6451612903225806,89,2,0.09696969696969693
P00223,0,0.6704545454545454,0.2727272727272727,0.6857142857142857,0.9893016389706538,5.739458495602547,1.558636897728559,2.6839615283735325,3.0055197080943064,0.5568181818181818,0.44318181818181823,0.4710431926991648,1.0579136146016703,0.47211070372958786,48.65909090909091,0.37142857142857144,0.3333333333333333,1.0,0.5384615384615384,0.5277777777777778,0.6363636363636364,0.5277777777777778,0.47368421052631576,0.5303030303030303,0.6111111111111112,0.75,0.7058823529411765,0.6470588235294118,0.4,0.5925925925925926,88,2,0.11363636363636365
P00224,0,0.725,0.25,0.5263157894736842,0.9604875865907871,6.045906433342206,1.5363137904544442,1.9573250753196714,1.8241574819984532,0.5625,0.4375,0.45993117657526456,1.080137646849471,0.4528220311399953,51.6625,0.4482758620689655,0.42105263157894735,0.8181818181818182,0.4666666666666667,0.4117647058823529,0.56,0.6451612903225806,0.4583333333333333,0.5166666666666667,0.7,0.0,0.3333333333333333,0.7333333333333333,0.23076923076923078,0.5454545454545454,80,2,-0.07499999999999996
P00225,0,0.6610169491525424,0.2542372881355932,0.625,0.9837683324466002,5.702090383866553,1.410617687088932,1.749273958663278,1.406518289704677,0.4576271186440678,0.5423728813559322,0.43166306541747096,1.1366738691650584,0.47362358484040695,48.74576271186441,0.5172413793103449,0.4,1.0,0.25,0.5333333333333333,0.48148148148148145,0.4375,0.4375,0.46153846153846156,0.42857142857142855,0.0,0.6666666666666666,0.3333333333333333,0.16666666666666666,0.3888888888888889,59,1,-0.11724137931034484
P00226,0,0.6721311475409836,0.3442622950819672,1.05,0.9997566821835681,5.617483376983682,1.5253010330703989,2.4321809323918293,2.037134491109891,0.5245901639344263,0.47540983606557374,0.4530494251846925,1.093901149630615,0.4752003969714999,55.14754098360656,0.35294117647058826,0.2727272727272727,0.6666666666666666,0.42857142857142855,0.5,0.6875,0.47368421052631576,0.46153846153846156,0.48,0.7272727272727273,0.0,0.7142857142857143,1.0,0.75,0.5555555555555556,61,2,0.048387096774193505
P00227,0,0.5849056603773585,0.3584905660377358,1.5833333333333333,0.973085526909579,5.4557133487135605,1.6475787729865705,2.8865513430958325,2.1508268810789044,0.6226415094339622,0.37735849056603776,0.5067348997919832,0.9865302004160339,0.433573932336561,46.698113207547166,0.2692307692307692,0.23529411764705882,1.0,0.75,0.5,0.7083333333333334,0.3125,0.8461538461538461,0.6052631578947368,0.6153846153846154,1.0,0.7777777777777778,0.5555555555555556,0.5,0.4090909090909091,53,1,0.014245014245014231
P00228,0,0.6455696202531646,0.3291139240506329,1.04,0.9989846528567847,5.672786046862508,1.3509370694982523,2.846451793506413,2.7599303836074394,0.5063291139240507,0.49367088607594933,0.4714471892759686,1.0571056214480627,0.41495392194009195,51.58227848101266,0.3225806451612903,0.3157894736842105,1.0,0.5882352941176471,0.625,0.6785714285714286,0.3333333333333333,0.4666666666666667,0.532258064516129,0.4117647058823529,0.0,0.625,0.5,0.4444444444444444,0.5,79,2,0.29102564102564105
P00229,0,0.7349397590361446,0.27710843373493976,0.6052631578947368,0.969637221157835,5.712803994732054,1.566634205657311,2.1033168611466464,1.719451522559711,0.46987951807228917,0.5301204819277108,0.44697134596901206,1.1060573080619758,0.4249323980287344,52.71084337349398,0.391304347826087,0.47058823529411764,1.0,0.17647058823529413,0.5151515151515151,0.5925925925925926,0.4642857142857143,0.35714285714285715,0.46875,0.47058823529411764,0.5,0.6666666666666666,0.4166666666666667,0.25,0.6,83,2,0.012775842044134678
P00230,0,0.6329113924050633,0.31645569620253167,1.0,0.997702962079144,5.607618231084049,1.8248928512788791,2.8782369302747957,2.527452807905089,0.6455696202531646,0.35443037974683544,0.5329202769910462,0.9341594460179077,0.4463550398849395,50.177215189873415,0.24242424242424243,0.23076923076923078,0.9166666666666666,0.6875,0.48,0.7428571428571429,0.5,0.6363636363636364,0.6166666666666667,0.7647058823529411,0.5,0.6363636363636364,0.8181818181818182,0.16666666666666666,0.7333333333333333,79,2,-0.19358974358974357
P00231,1,0.7222222222222222,0.3888888888888889,1.1666666666666667,0.9915323997298832,2.4549557288085464,0.468821415391418,2.285211888721729,2.443362777150774,0.5277777777777778,0.4722222222222222,0.4908071970916424,1.0183856058167153,0.43556485487543684,50.27777777777778,0.375,0.29411764705882354,1.0,0.4444444444444444,0.5454545454545454,0.625,0.3157894736842105,0.5862068965517241,0.5087719298245614,0.6428571428571429,0.0,0.5,0.5,0.5714285714285714,0.7,72,2,0.0
P00232,0,0.782051282051282,0.23076923076923078,0.4186046511627907,0.9090765128974543,5.898322691272029,1.3469176390557274,2.0137540198845243,1.7579965903663195,0.46153846153846156,0.5384615384615384,0.45264319273288817,1.0947136145342238,0.4013388384233734,49.333333333333336,0.59375,0.47619047619047616,1.0,0.23076923076923078,0.4285714285714286,0.45161290322580644,0.5925925925925926,0.3,0.44642857142857145,0.45,1.0,0.6,0.6,0.0,0.48,78,2,0.051282051282051266
P00233,0,0.7101449275362319,0.3333333333333333,0.8846153846153846,0.9948232251136976,5.921175212909332,1.5333755219357297,2.359648111577127,2.129414557425351,0.6086956521739131,0.3913043478260869,0.49736985445411497,1.0052602910917703,0.44002699157057973,46.3768115942029,0.4838709677419355,0.2631578947368421,1.0,0.875,0.5172413793103448,0.5925925925925926,0.5555555555555556,0.7333333333333333,0.6,0.6470588235294118,0.5,0.5833333333333334,0.9166666666666666,0.3333333333333333,0.7391304347826086,69,2,0.04033613445378148
P00234,0,0.6363636363636364,0.23636363636363636,0.5909090909090909,0.9787786531964969,5.786850095940847,1.2062989938725939,2.0677147396491047,1.2466614641342861,0.4727272727272727,0.5272727272727273,0.42517643413226663,1.1496471317354668,0.4890748997187022,49.054545454545455,0.5714285714285714,0.4166666666666667,0.6666666666666666,0.6,0.6296296296296297,0.45,0.5,0.46153846153846156,0.43902439024390244,0.5714285714285714,0.0,0.625,0.75,0.0,0.5833333333333334,55,1,-0.16269841269841273
P00235,0,0.6179775280898876,0.1797752808988764,0.41025641025641024,0.9445220607494826,5.78599170135441,1.4239136483497585,1.8435083208727763,1.6541522243225157,0.48314606741573035,0.5168539325842696,0.4730581736945618,1.0538836526108761,0.45355289221756784,48.53932584269663,0.39473684210526316,0.2857142857142857,1.0,0.5714285714285714,0.6363636363636364,0.6363636363636364,0.4666666666666667,0.3076923076923077,0.4393939393939394,0.5909090909090909,1.0,0.47058823529411764,0.5882352941176471,0.0,0.5517241379310345,89,2,-0.033333333333333326
P00236,1,0.5614035087719298,0.2807017543859649,1.0,0.9782546576140436,2.328903300911956,0.4685200634003969,1.8441717667928097,0.7171335733900204,0.6491228070175439,0.3508771929824561,0.5546115356924038,0.8907769286151922,0.4700568763608299,47.03508771929825,0.2413793103448276,0.23809523809523808,1.0,0.6153846153846154,0.4,0.7333333333333333,0.45454545454545453,0.625,0.6938775510204082,0.375,0.0,0.6,0.4,0.2857142857142857,0.5714285714285714,57,1,0.01231527093596052
P00237,1,0.6984126984126984,0.2857142857142857,0.6923076923076923,0.9873342572706626,2.440829682106132,0.3948068505511459,2.2232225722974164,1.8045835666014853,0.49206349206349204,0.5079365079365079,0.4739726743360493,1.0520546513279012,0.42705994183110224,48.98412698412698,0.375,0.25,1.0,0.14285714285714285,0.6,0.625,0.45454545454545453,0.35294117647058826,0.4791666666666667,0.5384615384615384,0.5,0.75,0.5,0.25,0.3684210526315789,63,2,0.14314516129032256
P00238,0,0.686046511627907,0.36046511627906974,1.1071428571428572,0.9984153967727545,5.9927016467781975,1.7058687311583294,2.8972150502388203,3.3995491986325477,0.5465116279069767,0.4534883720930233,0.46905315774365514,1.0618936845126898,0.43957569538269037,50.47674418604651,0.3548387096774194,0.3181818181818182,1.0,0.6923076923076923,0.5454545454545454,0.6296296296296297,0.42857142857142855,0.625,0.5714285714285714,0.42857142857142855,0.5,0.75,0.375,0.3333333333333333,0.6071428571428571,86,2,0.023255813953488413
P00239,0,0.6666666666666666,0.28735632183908044,0.7575757575757576,0.9942091311639716,6.235430922355768,1.4744594296935067,2.0277646264995637,1.0396710448400406,0.6551724137931034,0.3448275862068966,0.5309766705587585,0.9380466588824828,0.414753671678789,47.85057471264368,0.3235294117647059,0.24,0.8333333333333334,0.6,0.4444444444444444,0.7647058823529411,0.59375,0.5714285714285714,0.6129032258064516,0.75,1.0,0.5454545454545454,0.8181818181818182,0.6,0.6842105263157895,87,2,0.007928118393234596
P00240,1,0.7457627118644068,0.4576271186440678,1.588235294117647,0.9688915548296199,2.3952291305352422,0.47234527774009677,2.347674643686919,1.7314878376030505,0.576271186440678,0.423728813559322,0.49811939056630083,1.0037612188673983,0.4079828760475284,50.88135593220339,0.38095238095238093,0.2857142857142857,1.0,0.3,0.5,0.7222222222222222,0.3684210526315789,0.6363636363636364,0.5714285714285714,0.6,0.0,0.5714285714285714,0.8571428571428571,0.4,0.5789473684210527,59,1,-0.019540229885057436
P00241,0,0.735632183908046,0.3103448275862069,0.7297297297297297,0.9816572367235092,5.861892018435919,1.6021519926487275,1.9793006353262856,1.3004295026995574,0.5632183908045977,0.4367816091954023,0.4721025619799797,1.0557948760400406,0.41133941923521533,49.71264367816092,0.4482758620689655,0.38095238095238093,1.0,0.6428571428571429,0.5714285714285714,0.5357142857142857,0.55,0.631578947368421,0.5522388059701493,0.631578947368421,0.0,0.5333333333333333,0.4666666666666667,0.25,0.4782608695652174,87,2,-0.03594080338266392
P00242,0,0.6307692307692307,0.3230769230769231,1.05,0.9972337856253102,5.557234504939598,1.6965512069407658,2.3980805277006336,1.6831214400272319,0.5692307692307692,0.4307692307692308,0.4946043341965713,1.0107913316068575,0.44374735281047023,50.90769230769231,0.18181818181818182,0.14285714285714285,1.0,0.45454545454545453,0.5769230769230769,0.7727272727272727,0.4230769230769231,0.5294117647058824,0.5686274509803921,0.5714285714285714,0.0,0.8,0.6,0.25,0.48,65,2,0.07481060606060608
P00243,1,0.7411764705882353,0.36470588235294116,0.96875,0.9880408065258607,2.5466978191338714,0.4916969836387329,2.5246328307400714,2.7878902079141032,0.5882352941176471,0.4117647058823529,0.5152698158090209,0.9694603683819584,0.382174253518305,51.294117647058826,0.32,0.21052631578947367,1.0,0.5833333333333334,0.5,0.75,0.47058823529411764,0.5925925925925926,0.6086956521739131,0.5,0.5,0.9090909090909091,0.45454545454545453,0.375,0.6153846153846154,85,2,0.03322259136212624
P00244,0,0.6794871794871795,0.21794871794871795,0.4722222222222222,0.9590196962903411,5.279685677078685,1.6164986072388803,2.2189461451970907,2.1113835734760187,0.5256410256410257,0.47435897435897434,0.45386567806809947,1.092268643863801,0.42988378980655334,50.42307692307692,0.43333333333333335,0.3888888888888889,1.0,0.6363636363636364,0.53125,0.5714285714285714,0.5161290322580645,0.47368421052631576,0.5081967213114754,0.6,0.5,0.6666666666666666,0.6,0.0,0.5925925925925926,78,2,0.02564102564102566
P00245,0,0.7534246575342466,0.3287671232876712,0.7741935483870968,0.9781948480176201,6.049336678690192,1.6727951420461802,2.392587923791361,1.9523731461935194,0.5753424657534246,0.4246575342465754,0.5123870264752518,0.9752259470494964,0.39497830138564044,49.84931506849315,0.4230769230769231,0.09090909090909091,1.0,0.5384615384615384,0.5806451612903225,0.6,0.5555555555555556,0.5714285714285714,0.5555555555555556,0.7058823529411765,0.0,0.6666666666666666,0.6666666666666666,0.14285714285714285,0.6153846153846154,73,2,-0.12537537537537535
P00246,0,0.7386363636363636,0.29545454545454547,0.6666666666666666,0.9754026169358324,5.972370616927528,1.523530228777278,2.2954340693346778,1.9406310507685607,0.375,0.625,0.4212015932487654,1.1575968135024692,0.4524612146706452,52.95454545454545,0.5,0.5,0.9090909090909091,0.36363636363636365,0.6944444444444444,0.42424242424242425,0.37037037037037035,0.32142857142857145,0.36363636363636365,0.45,0.0,0.8125,0.375,0.4444444444444444,0.3448275862068966,88,2,-0.06818181818181823
P00247,0,0.6538461538461539,0.4423076923076923,2.090909090909091,0.9617861923084388,6.0545718582762476,1.4338004157018076,3.5929063170776026,4.561331122210939,0.5384615384615384,0.46153846153846156,0.4928796398896336,1.0142407202207329,0.4645816130528374,50.92307692307692,0.25,0.15384615384615385,1.0,0.8333333333333334,0.6521739130434783,0.8461538461538461,0.30434782608695654,0.625,0.5238095238095238,0.7142857142857143,0.3333333333333333,0.625,0.5,0.6,0.42857142857142855,52,1,0.0
P00248,0,0.7111111111111111,0.3,0.7297297297297297,0.9879210871424223,5.921249000924139,1.583094996865369,2.6464002019187416,2.570571336713157,0.5,0.5,0.4657991797996289,1.0684016404007421,0.4741823008504996,49.25555555555555,0.45714285714285713,0.38461538461538464,1.0,0.5833333333333334,0.4545454545454546,0.5161290322580645,0.45714285714285713,0.5416666666666666,0.4925373134328358,0.5238095238095238,0.5,0.625,0.5625,0.25,0.6071428571428571,90,2,-0.06666666666666665
P00249,0,0.7323943661971831,0.22535211267605634,0.4444444444444444,0.9402108316584138,5.99233375784498,1.5590576557271054,1.8834597707416305,1.6084469380575868,0.5211267605633803,0.47887323943661975,0.4686668751448832,1.0626662497102337,0.45759820430070586,52.32394366197183,0.5217391304347826,0.2857142857142857,1.0,0.5714285714285714,0.48484848484848486,0.55,0.6,0.4230769230769231,0.4915254237288136,0.6666666666666666,0.0,0.6666666666666666,0.5,0.2222222222222222,0.5263157894736842,71,2,0.12619047619047624
P00250,1,0.7419354838709677,0.25806451612903225,0.5333333333333333,0.9560972449280192,2.3484080348205216,0.39573233928022916,2.0437277350396887,1.8495015333053364,0.6935483870967742,0.30645161290322576,0.5183806925642425,0.9632386148715152,0.3683350601166417,51.03225806451613,0.38461538461538464,0.35714285714285715,1.0,0.5,0.19047619047619047,0.6666666666666666,0.8095238095238095,0.5882352941176471,0.68,0.75,0.0,0.625,0.75,0.2857142857142857,0.8095238095238095,62,2,0.09677419354838712
P00251,0,0.6986301369863014,0.3835616438356164,1.2173913043478262,0.9948105753673169,5.784169671897442,1.4164100715418515,2.6355092091376946,2.2363237906576603,0.5616438356164384,0.4383561643835616,0.4983751559513164,1.0032496880973671,0.46860683847694684,49.9041095890411,0.36666666666666664,0.3333333333333333,1.0,0.6666666666666666,0.5833333333333333,0.7037037037037037,0.45,0.5,0.5689655172413793,0.5333333333333333,0.0,0.8181818181818182,0.45454545454545453,0.5,0.59375,73,2,-0.26201201201201196
P00252,1,0.6447368421052632,0.3157894736842105,0.96,0.9989031256913786,2.3871436185401236,0.41441283523573696,2.1874253464702273,1.6375823056262846,0.5921052631578947,0.4078947368421053,0.5091371405084746,0.9817257189830505,0.4326437959736661,48.8421052631579,0.2903225806451613,0.13636363636363635,1.0,0.6153846153846154,0.6428571428571428,0.75,0.41379310344827586,0.631578947368421,0.559322033898305,0.6875,1.0,0.5833333333333334,0.75,0.4,0.6428571428571429,76,2,0.13157894736842113
P00253,0,0.6666666666666666,0.30303030303030304,0.8333333333333334,0.9974889885321883,6.044395720355688,1.4831535653909063,2.0754108283097326,1.5311837469432168,0.5303030303030303,0.4696969696969697,0.4446152659797813,1.1107694680404374,0.4573191806580684,50.96969696969697,0.4782608695652174,0.3333333333333333,1.0,0.5833333333333334,0.42307692307692313,0.5652173913043478,0.42857142857142855,0.5909090909090909,0.5714285714285714,0.3,0.0,0.25,0.5,0.2,0.6363636363636364,66,2,0.2121212121212121
P00254,0,0.8035714285714286,0.2857142857142857,0.5517241379310345,0.926978656931723,5.87030133140526,1.760613517968539,2.0381845941200223,1.7536580044061911,0.48214285714285715,0.5178571428571428,0.4441971519628842,1.1116056960742315,0.43677372507599144,49.839285714285715,0.6190476190476191,0.5384615384615384,1.0,0.5,0.4782608695652174,0.3684210526315789,0.6,0.47058823529411764,0.4634146341463415,0.5333333333333333,0.0,0.7272727272727273,0.45454545454545453,0.42857142857142855,0.45,56,1,0.24999999999999994
P00255,0,0.7419354838709677,0.2903225806451613,0.6428571428571429,0.9717904016449086,5.987623230838175,1.64916950965625,2.0797269760554697,1.7769563616957418,0.5645161290322581,0.4354838709677419,0.49530290401988153,1.0093941919602372,0.43760058979901023,50.12903225806452,0.4090909090909091,0.3157894736842105,1.0,0.6153846153846154,0.4545454545454546,0.5652173913043478,0.65,0.47368421052631576,0.5510204081632653,0.6153846153846154,0.0,0.8888888888888888,0.5555555555555556,0.3333333333333333,0.5,62,2,-0.16129032258064513
P00256,0,0.7166666666666667,0.4,1.263157894736842,0.990316223251014,6.009949235275724,1.6124176004883526,3.6034437577561826,2.81160110147686,0.6,0.4,0.4978965734525032,1.0042068530949937,0.42244013415763604,51.733333333333334,0.45454545454545453,0.4117647058823529,0.8333333333333334,0.8333333333333334,0.48,0.631578947368421,0.4444444444444444,0.8571428571428571,0.6388888888888888,0.5217391304347826,1.0,0.8461538461538461,0.46153846153846156,0.5,0.5416666666666666,60,1,0.0
P00257,0,0.631578947368421,0.2631578947368421,0.7142857142857143,0.989497538622715,5.686377815932098,1.5499686254769949,1.7072388685851243,0.8001933819581603,0.5614035087719298,0.4385964912280702,0.4607968752683514,1.0784062494632973,0.47602129130951953,51.96491228070175,0.38095238095238093,0.46153846153846156,1.0,0.46153846153846156,0.47619047619047616,0.6666666666666666,0.5333333333333333,0.47619047619047616,0.5416666666666666,0.6666666666666666,0.0,0.2,0.6,0.0,0.6,57,1,0.05049261083743839
P00258,1,0.6091954022988506,0.27586206896551724,0.8275862068965517,0.9909353604174336,2.337628736601803,0.4910124644009758,2.2070005185293287,1.7926949036629376,0.6206896551724138,0.3793103448275862,0.48919806353378426,1.0216038729324317,0.4250165526556345,47.60919540229885,0.3611111111111111,0.20833333333333334,1.0,0.6666666666666666,0.4444444444444444,0.6666666666666666,0.5161290322580645,0.7,0.6231884057971014,0.6,0.6666666666666666,0.45454545454545453,0.5454545454545454,0.42857142857142855,0.5,87,2,0.07769556025369972
P00259,0,0.7078651685393258,0.2696629213483146,0.6153846153846154,0.9780053178420067,5.658950789625607,1.6910277346099196,2.4094499631607382,3.0760805082973834,0.4606741573033708,0.5393258426966292,0.4500853989141877,1.0998292021716247,0.49020753100544073,52.80898876404494,0.5,0.4,0.8461538461538461,0.3157894736842105,0.5806451612903225,0.5555555555555556,0.46875,0.36666666666666664,0.42857142857142855,0.5882352941176471,0.5,0.5555555555555556,0.5555555555555556,0.2857142857142857,0.45,89,2,-0.07777777777777778
P00260,0,0.6527777777777778,0.2222222222222222,0.5161290322580645,0.9688111240555237,5.554348258555576,1.302093272391371,1.6168273186756827,0.7617999196886172,0.5416666666666666,0.45833333333333337,0.4840064734572964,1.0319870530854072,0.43862951970084485,50.40277777777778,0.32142857142857145,0.3,1.0,0.5,0.5185185185185186,0.6206896551724138,0.52,0.4444444444444444,0.5263157894736842,0.6,0.0,0.625,0.625,0.6,0.6,72,2,0.19444444444444442
P00261,0,0.7727272727272727,0.36363636363636365,0.8888888888888888,0.9741707427017494,5.836720095101746,1.401991267678967,2.0990656787663573,1.3015310870864747,0.5113636363636364,0.48863636363636365,0.46449736731738156,1.0710052653652367,0.4243205461191929,50.92045454545455,0.59375,0.47619047619047616,1.0,0.7272727272727273,0.4545454545454546,0.5,0.5555555555555556,0.4827586206896552,0.4657534246575342,0.7333333333333333,0.0,0.5555555555555556,0.6666666666666666,0.45454545454545453,0.5,88,2,-0.022727272727272707
P00262,0,0.6790123456790124,0.3333333333333333,0.9642857142857143,0.9995837003003465,5.867841791424043,1.5278733560465279,2.4830278005444346,2.658905414940258,0.5308641975308642,0.4691358024691358,0.467490635506245,1.0650187289875102,0.4888219734344406,50.19753086419753,0.4,0.25,1.0,0.5,0.5151515151515151,0.7037037037037037,0.41935483870967744,0.4782608695652174,0.5076923076923077,0.6153846153846154,0.6666666666666666,0.6,0.6,0.3333333333333333,0.4444444444444444,81,2,0.11036585365853657
P00263,1,0.6455696202531646,0.31645569620253167,0.9615384615384616,0.9989846528567847,2.4199897616212613,0.5334638380288582,1.9614963100980451,1.4410554246077185,0.6455696202531646,0.35443037974683544,0.541655921952197,0.9166881560956059,0.4030120347802442,49.11392405063291,0.2571428571428571,0.23809523809523808,1.0,0.75,0.4782608695652174,0.7058823529411765,0.5,0.6956521739130435,0.6268656716417911,0.7272727272727273,1.0,0.3333333333333333,0.8888888888888888,0.25,0.6785714285714286,79,2,0.1102564102564102
P00264,0,0.7272727272727273,0.1590909090909091,0.28,0.8811156556565691,6.0994088474706905,1.6848949327657032,1.9038746437727556,1.6503189775221963,0.5113636363636364,0.48863636363636365,0.4503276924691658,1.0993446150616684,0.4212858564394016,49.80681818181818,0.5277777777777778,0.5384615384615384,1.0,0.2,0.4375,0.48484848484848486,0.6470588235294118,0.3333333333333333,0.47619047619047616,0.5454545454545454,1.0,0.7777777777777778,0.7222222222222222,0.0,0.59375,88,2,-0.022727272727272707
P00265,0,0.6545454545454545,0.2545454545454545,0.6363636363636364,0.9848663976768915,6.035843256681376,1.6731305880061411,1.8587956686669753,0.9471976079758166,0.5818181818181818,0.4181818181818182,0.5167684991398102,0.9664630017203796,0.39016992050206734,51.472727272727276,0.17647058823529413,0.16666666666666666,1.0,0.5555555555555556,0.5384615384615384,0.8666666666666667,0.47619047619047616,0.47368421052631576,0.5121951219512195,0.7857142857142857,0.0,0.6666666666666666,0.8333333333333334,0.0,0.5,55,1,0.051587301587301515
P00266,0,0.671875,0.3125,0.8695652173913043,0.9984546873004174,5.585401522353381,1.444361334430131,2.4165660164398606,2.385578524897282,0.53125,0.46875,0.4725373011503816,1.054925397699237,0.5048602064727767,49.53125,0.4074074074074074,0.3333333333333333,0.7142857142857143,0.5833333333333334,0.34782608695652173,0.5416666666666666,0.47619047619047616,0.5789473684210527,0.5306122448979592,0.5,1.0,0.4,0.5,0.3,0.43478260869565216,64,2,-0.0625
P00267,0,0.6981132075471698,0.41509433962264153,1.4666666666666666,0.9864994961936154,5.937051008433326,1.6376936471028163,3.25775517619648,2.9522638943636696,0.6415094339622641,0.3584905660377359,0.5143525057384777,0.9712949885230446,0.43607263190659445,46.886792452830186,0.4166666666666667,0.2857142857142857,1.0,1.0,0.5,0.6666666666666666,0.45454545454545453,1.0,0.7027027027027027,0.5,0.5,0.6666666666666666,0.5555555555555556,0.4,0.42857142857142855,53,1,-0.024216524216524205
P00268,1,0.7301587301587301,0.4126984126984127,1.3,0.9857703785244227,2.4151649550892063,0.4310119319817406,2.1626875100050182,1.5079024803661194,0.6349206349206349,0.3650793650793651,0.48957544158528776,1.0208491168294245,0.3824998546286697,50.301587301587304,0.391304347826087,0.4,1.0,0.8333333333333334,0.3928571428571429,0.6086956521739131,0.5416666666666666,0.8125,0.6274509803921569,0.6666666666666666,0.0,0.5833333333333334,0.6666666666666666,0.5,0.6818181818181818,63,2,0.043346774193548376
P00269,0,0.6455696202531646,0.2911392405063291,0.8214285714285714,0.9962690561975339,6.0481574507503915,1.6997582085604566,2.160358272598512,1.8015819608688286,0.5443037974683544,0.45569620253164556,0.4969101635445046,1.0061796729109909,0.44513694373278734,48.65822784810127,0.4117647058823529,0.34782608695652173,1.0,0.75,0.5428571428571429,0.6363636363636364,0.4,0.5714285714285714,0.5,0.6875,1.0,0.4444444444444444,0.6666666666666666,0.25,0.42105263157894735,79,2,0.06217948717948718
P00270,0,0.7540983606557377,0.39344262295081966,1.0909090909090908,0.9828543338256437,6.078219845799223,1.3814014293595274,2.1671890812102657,1.4986235413310625,0.5409836065573771,0.4590163934426229,0.4750797966710725,1.049840406657855,0.4630586603692497,51.47540983606557,0.45,0.4375,1.0,0.7272727272727273,0.5,0.5238095238095238,0.47368421052631576,0.6190476190476191,0.54,0.6,0.0,0.5,0.3333333333333333,0.6,0.42857142857142855,61,2,0.08064516129032262
P00271,0,0.6461538461538462,0.36923076923076925,1.3333333333333333,0.993124518405529,5.962228460129663,1.4639184583436198,2.7792060872736775,2.012763666176273,0.5846153846153846,0.41538461538461535,0.48806228979449084,1.0238754204110183,0.5114558030672971,50.10769230769231,0.34615384615384615,0.25,0.7142857142857143,0.6363636363636364,0.5,0.68,0.5,0.5555555555555556,0.6041666666666666,0.5625,0.0,0.75,0.6666666666666666,0.4,0.6086956521739131,65,2,0.04356060606060608
P00272,0,0.7058823529411765,0.3333333333333333,0.8947368421052632,0.9957907696289647,5.892802847205003,1.6134046945330638,2.161882069346178,1.8972392852628717,0.5686274509803921,0.43137254901960786,0.5003830203090281,0.9992339593819438,0.4688768587995432,47.80392156862745,0.3333333333333333,0.3125,1.0,0.625,0.5,0.65,0.5555555555555556,0.46153846153846156,0.55,0.6363636363636364,0.0,0.4444444444444444,0.6666666666666666,0.2,0.4375,51,1,0.2523076923076923
P00273,0,0.6805555555555556,0.4166666666666667,1.5789473684210527,0.9838590155898043,5.842382569544473,1.592805671417424,2.7655929582268364,2.008512428472867,0.5,0.5,0.449573462158,1.100853075684,0.41289880357644015,49.81944444444444,0.375,0.25,1.0,0.8,0.7142857142857143,0.6190476190476191,0.2857142857142857,0.8125,0.5192307692307693,0.47368421052631576,0.0,0.5833333333333334,0.25,0.6,0.4074074074074074,72,2,-0.16666666666666669
P00274,0,0.618421052631579,0.2631578947368421,0.7407407407407407,0.9890697036468421,5.7464640207205315,1.5974808209195344,2.1767946011662924,1.7481239477736024,0.6842105263157895,0.3157894736842105,0.5331203497950543,0.9337593004098914,0.4121891120821574,49.11842105263158,0.1935483870967742,0.2,1.0,0.6153846153846154,0.3846153846153846,0.8125,0.56,0.631578947368421,0.6779661016949152,0.7058823529411765,0.0,0.7272727272727273,0.7272727272727273,0.1,0.6363636363636364,76,2,-0.1578947368421053
P00275,1,0.5964912280701754,0.2807017543859649,0.8888888888888888,0.9892774401680292,2.4400114080362365,0.4862535315071485,2.087072554411723,1.6189366203635456,0.6842105263157895,0.3157894736842105,0.5530424108945393,0.8939151782109211,0.3719478484798244,48.64912280701754,0.15384615384615385,0.0625,1.0,0.6,0.44999999999999996,0.84,0.5,0.625,0.6875,0.6666666666666666,0.0,0.5,0.6666666666666666,0.16666666666666666,0.6666666666666666,57,1,0.08128078817733986
P00276,0,0.7037037037037037,0.3148148148148148,0.8095238095238095,0.9935787229283692,6.167457659351704,1.6570251272250576,1.9427413378126073,0.8481554257341783,0.5740740740740741,0.42592592592592593,0.5155470739798355,0.9689058520403291,0.38974683207074967,47.407407407407405,0.25,0.15384615384615385,1.0,0.8,0.5925925925925926,0.7142857142857143,0.5,0.46153846153846156,0.5111111111111111,0.8888888888888888,0.0,1.0,1.0,0.375,0.6923076923076923,54,1,-0.03703703703703698
P00277,0,0.7884615384615384,0.4230769230769231,1.1578947368421053,0.9652133135482125,5.946823580868392,1.759871418958249,2.8207459367666656,2.4074533748294527,0.46153846153846156,0.5384615384615384,0.4312298796191421,1.1375402407617157,0.40712806620556685,56.34615384615385,0.6153846153846154,0.75,1.0,0.6666666666666666,0.5238095238095238,0.4666666666666667,0.35294117647058826,0.55,0.45,0.5454545454545454,0.0,0.6666666666666666,0.3333333333333333,0.42857142857142855,0.4,52,1,-0.23076923076923073
P00278,0,0.6805555555555556,0.19444444444444445,0.4,0.9408284332332086,5.347818908011771,1.3909346359122512,1.8792416560732221,1.7941617919969008,0.4861111111111111,0.5138888888888888,0.4616358852586793,1.076728229482641,0.4468098943883966,50.19444444444444,0.3793103448275862,0.3157894736842105,1.0,0.4,0.53125,0.6153846153846154,0.5,0.3181818181818182,0.4482758620689655,0.6428571428571429,0.0,0.8181818181818182,0.5454545454545454,0.2,0.41379310344827586,72,2,0.08333333333333337
P00279,0,0.6,0.23076923076923078,0.625,0.9764852837743454,5.789447094668921,1.5168509022264025,2.21628433716013,2.063457845284018,0.6461538461538462,0.3538461538461538,0.5101093813791144,0.979781237241771,0.4664126287663593,48.353846153846156,0.2,0.23529411764705882,0.6666666666666666,0.5714285714285714,0.41666666666666663,0.8181818181818182,0.5833333333333334,0.5263157894736842,0.6346153846153846,0.6363636363636364,1.0,0.6,0.7,0.25,0.6111111111111112,65,2,-0.019886363636363646
P00280,1,0.671875,0.3125,0.8695652173913043,0.9984546873004174,2.4801452579502796,0.4274694091425653,2.719076377061009,2.40930142093099,0.578125,0.421875,0.5191830850025809,0.961633829994838,0.4004474054316935,51.40625,0.3076923076923077,0.2222222222222222,1.0,0.5714285714285714,0.5454545454545454,0.6666666666666666,0.42105263157894735,0.6190476190476191,0.5681818181818182,0.6111111111111112,0.5,0.9090909090909091,0.6363636363636364,0.3333333333333333,0.6428571428571429,64,2,-0.15625
P00281,1,0.6823529411764706,0.3058823529411765,0.8125,0.9961626242265674,2.3939910990629416,0.4870429510804053,2.2123641652073505,1.8087777997078935,0.5764705882352941,0.42352941176470593,0.5146260543544166,0.9707478912911669,0.36355239775721193,51.51764705882353,0.35714285714285715,0.125,1.0,0.5625,0.4864864864864865,0.8,0.4722222222222222,0.5,0.5806451612903226,0.5652173913043478,0.0,0.7647058823529411,0.47058823529411764,0.6,0.5185185185185185,85,2,0.15116279069767447
P00282,0,0.6779661016949152,0.1694915254237288,0.3333333333333333,0.9190114058003996,6.108365590347937,1.2687371689207192,1.7421657213315498,1.3564731471259168,0.5254237288135594,0.47457627118644063,0.4947156629644172,1.0105686740711655,0.42912103133877183,53.728813559322035,0.4090909090909091,0.14285714285714285,0.8888888888888888,0.35294117647058826,0.42105263157894735,0.6363636363636364,0.6923076923076923,0.3333333333333333,0.4583333333333333,0.8181818181818182,0.0,0.5714285714285714,0.7142857142857143,0.0,0.4,59,1,0.21954022988505745
P00283,0,0.7241379310344828,0.2988505747126437,0.7027027027027027,0.9829144176236335,5.491336236262358,1.6633067185353727,2.040854736952703,1.6682853952850034,0.5632183908045977,0.4367816091954023,0.4687494820128587,1.0625010359742826,0.44990653972235,55.172413793103445,0.43478260869565216,0.3333333333333333,0.7692307692307693,0.45454545454545453,0.47058823529411764,0.5909090909090909,0.6,0.5142857142857142,0.5285714285714286,0.7058823529411765,0.0,0.7272727272727273,0.7272727272727273,0.16666666666666666,0.56,87,2,-0.08192389006342493
P00284,0,0.6901408450704225,0.30985915492957744,0.8148148148148148,0.9955813070656412,5.850459462253768,1.3349591916855987,2.2658209768201103,2.7078424636911524,0.6056338028169014,0.3943661971830986,0.4868541712881611,1.0262916574236773,0.4481788754725541,48.63380281690141,0.4482758620689655,0.391304347826087,0.8571428571428571,0.625,0.3928571428571429,0.6296296296296297,0.56,0.631578947368421,0.5862068965517241,0.6363636363636364,1.0,0.7777777777777778,0.7777777777777778,0.25,0.55,71,2,0.011111111111111183
P00285,1,0.6285714285714286,0.2857142857142857,0.8333333333333334,0.9947122818292027,2.375925868845034,0.4772992272274058,2.396664210515962,2.244869676395706,0.6285714285714286,0.37142857142857144,0.5182169033609679,0.9635661932780641,0.421134496724981,48.3,0.2903225806451613,0.21052631578947367,1.0,0.6,0.4137931034482759,0.7741935483870968,0.5454545454545454,0.47058823529411764,0.6428571428571429,0.5714285714285714,0.0,0.8571428571428571,0.2857142857142857,0.6666666666666666,0.42857142857142855,70,2,0.05714285714285716
P00286,0,0.7714285714285715,0.34285714285714286,0.8,0.9716678132450961,5.78021511403012,1.7386731601140384,2.185442393532853,1.6195371796033142,0.4857142857142857,0.5142857142857142,0.4496179501996707,1.100764099600659,0.43095437507652995,48.97142857142857,0.52,0.4375,1.0,0.5,0.5161290322580645,0.4583333333333333,0.5172413793103449,0.47058823529411764,0.49122807017543857,0.4166666666666667,1.0,0.7142857142857143,0.42857142857142855,0.42857142857142855,0.47619047619047616,70,2,0.057142857142857106
P00287,0,0.6415094339622641,0.3584905660377358,1.2666666666666666,0.9946688472493533,5.715115014011007,1.4671769631830158,2.3989269289415187,1.790506007853509,0.5660377358490566,0.4339622641509434,0.47264238039865225,1.0547152392026955,0.4600105664925655,49.64150943396226,0.375,0.35714285714285715,0.75,0.5714285714285714,0.4736842105263158,0.6363636363636364,0.42857142857142855,0.5882352941176471,0.5681818181818182,0.5555555555555556,0.0,0.6666666666666666,0.5,0.8,0.5294117647058824,53,1,0.5071225071225071
P00288,1,0.6545454545454545,0.21818181818181817,0.5,0.9659593199340462,2.453208227709358,0.45080914955648854,1.810120641816738,1.3234667952120054,0.6363636363636364,0.36363636363636365,0.5311134723427061,0.9377730553145874,0.43859161114207745,45.45454545454545,0.35714285714285715,0.3333333333333333,1.0,0.5714285714285714,0.3157894736842105,0.6428571428571429,0.6923076923076923,0.5714285714285714,0.5675675675675675,0.7777777777777778,0.0,0.4,0.8,0.0,0.625,55,1,-0.13227513227513232
P00289,0,0.6901408450704225,0.29577464788732394,0.75,0.9924253650914411,6.091694604226918,1.481424405725289,2.2103750418611723,1.751327623676875,0.6197183098591549,0.3802816901408451,0.5017034363252424,0.9965931273495152,0.3957398051033426,51.19718309859155,0.39285714285714285,0.07142857142857142,1.0,0.6923076923076923,0.40740740740740744,0.6428571428571429,0.6,0.6086956521739131,0.5789473684210527,0.7692307692307693,1.0,0.5714285714285714,0.8571428571428571,0.5,0.55,71,2,-0.0174603174603174
P00290,0,0.6419753086419753,0.2716049382716049,0.7333333333333333,0.9918230361897056,5.541123286751379,1.6100390677746454,2.182942361751902,1.859979205729766,0.6296296296296297,0.37037037037037035,0.5036602338938712,0.9926795322122577,0.47823417491160847,46.77777777777778,0.37142857142857144,0.28,1.0,0.5454545454545454,0.4,0.71875,0.5714285714285714,0.5714285714285714,0.6153846153846154,0.6875,0.0,0.6,0.7,0.1,0.7142857142857143,81,2,-0.0896341463414635
P00291,0,0.5735294117647058,0.22058823529411764,0.625,0.9688813879654359,6.009879246575055,1.4645817871965578,1.7778732125661396,0.7864277272973648,0.6029411764705882,0.3970588235294118,0.48304220850965934,1.0339155829806812,0.4559220179101135,49.838235294117645,0.2916666666666667,0.3,0.6666666666666666,0.36363636363636365,0.46153846153846156,0.7692307692307693,0.5,0.5,0.56,0.7222222222222222,0.0,0.3333333333333333,0.5833333333333334,0.2,0.5789473684210527,68,2,0.1470588235294118
P00292,0,0.6582278481012658,0.22784810126582278,0.5294117647058824,0.9710274849874845,5.69016501283239,1.643249126989442,2.4340975924346204,2.3272363567001326,0.5316455696202531,0.4683544303797469,0.4668853403261111,1.0662293193477776,0.48861853557844565,48.55696202531646,0.4722222222222222,0.30434782608695654,0.7142857142857143,0.4166666666666667,0.43999999999999995,0.6129032258064516,0.5666666666666667,0.3333333333333333,0.543859649122807,0.5,0.0,0.6153846153846154,0.6153846153846154,0.0,0.47368421052631576,79,2,-0.1653846153846154
P00293,1,0.6962025316455697,0.379746835443038,1.2,0.9955628780447023,2.4367100128793173,0.4215087042760562,2.2557527536813384,1.6055586594873172,0.6835443037974683,0.31645569620253167,0.5342614453449729,0.9314771093100541,0.3534196353268834,53.936708860759495,0.17857142857142858,0.125,0.9166666666666666,0.6111111111111112,0.45833333333333337,0.8148148148148148,0.5714285714285714,0.6451612903225806,0.6935483870967742,0.6470588235294118,0.0,0.8333333333333334,0.5833333333333334,0.3333333333333333,0.8421052631578947,79,2,-0.06794871794871793
P00294,1,0.6470588235294118,0.27941176470588236,0.76,0.9937268476772099,2.300370373191445,0.5074828230239694,2.3950825684918056,2.172562997480154,0.6323529411764706,0.36764705882352944,0.5184105457641914,0.963178908471617,0.3621770035805251,50.14705882352941,0.25925925925925924,0.2222222222222222,1.0,0.6363636363636364,0.4285714285714286,0.76,0.5,0.631578947368421,0.6415094339622641,0.6,0.0,0.5555555555555556,0.6666666666666666,0.2857142857142857,0.7368421052631579,68,2,0.02941176470588236
P00295,0,0.6507936507936508,0.31746031746031744,0.9523809523809523,0.9993117282352348,5.644969706921996,1.7504054372105997,2.0067162409474393,0.8662573486072828,0.6190476190476191,0.38095238095238093,0.503140136831169,0.993719726337662,0.4325253852230499,48.682539682539684,0.41379310344827586,0.2631578947368421,0.7142857142857143,0.7,0.5263157894736843,0.6428571428571429,0.55,0.6666666666666666,0.574468085106383,0.75,0.0,0.375,0.75,0.3333333333333333,0.6428571428571429,63,2,-0.17842741935483875
P00296,0,0.6142857142857143,0.2571428571428571,0.72,0.98706971487677,5.838559244899935,1.3671022519554192,1.771273436405763,0.7990434954097462,0.6142857142857143,0.3857142857142857,0.5051936411750743,0.9896127176498511,0.48561263927146525,44.77142857142857,0.38235294117647056,0.2608695652173913,1.0,0.75,0.5185185185185186,0.6896551724137931,0.6190476190476191,0.5,0.576271186440678,0.8181818181818182,0.0,0.8333333333333334,0.6666666666666666,0.0,0.6190476190476191,70,2,0.02857142857142858
P00297,0,0.7352941176470589,0.2647058823529412,0.5625,0.9633756700112799,5.694253958380035,1.6803315592403747,2.0920535562272864,1.8464583160238282,0.5735294117647058,0.42647058823529416,0.498425235707644,1.003149528584712,0.38958810015410056,49.705882352941174,0.46153846153846156,0.3333333333333333,1.0,0.6363636363636364,0.4444444444444444,0.5357142857142857,0.6190476190476191,0.5789473684210527,0.5535714285714286,0.6666666666666666,0.0,0.7777777777777778,0.5555555555555556,0.5714285714285714,0.6086956521739131,68,2,-0.02941176470588236
P00298,0,0.620253164556962,0.24050632911392406,0.6333333333333333,0.9813323304330392,5.513728081102566,1.5378628892003172,1.7271848768304738,0.7464536437155305,0.5569620253164557,0.44303797468354433,0.5158861109796057,0.9682277780407885,0.47025069127329766,49.58227848101266,0.34285714285714286,0.2608695652173913,1.0,0.5833333333333334,0.5555555555555556,0.696969696969697,0.47619047619047616,0.44,0.515625,0.7333333333333333,0.0,0.5,0.6,0.14285714285714285,0.25,79,2,-0.014102564102564052
P00299,0,0.6829268292682927,0.3780487804878049,1.24,0.9958790767863601,5.795347401721477,1.5379120847285996,2.492110844515771,2.1147887049775407,0.6219512195121951,0.3780487804878049,0.5023671568834731,0.9952656862330537,0.4420650023778558,52.0609756097561,0.25,0.17647058823529413,1.0,0.5714285714285714,0.5405405405405406,0.7692307692307693,0.5,0.625,0.6119402985074627,0.6666666666666666,0.0,0.8333333333333334,0.6666666666666666,0.2857142857142857,0.5384615384615384,82,2,-0.12195121951219512
P00300,0,0.6721311475409836,0.2786885245901639,0.7083333333333334,0.990978064785177,5.811061894717876,1.5746511393812677,2.6924086483492533,2.505796441396391,0.5901639344262295,0.4098360655737705,0.50590878268974,0.9881824346205199,0.3504038722997545,53.0655737704918,0.2222222222222222,0.15384615384615385,1.0,0.5714285714285714,0.45833333333333337,0.8235294117647058,0.5,0.5,0.5813953488372093,0.5882352941176471,1.0,0.5,0.6666666666666666,0.5,0.6666666666666666,61,2,-0.019354838709677358
P00301,1,0.6712328767123288,0.273972602739726,0.6896551724137931,0.9895924202207385,2.3785623630899124,0.4326790128530341,2.052674511418148,1.5235961727593268,0.7123287671232876,0.28767123287671237,0.5510438503085727,0.8979122993828546,0.3850455214133203,49.821917808219176,0.2,0.15,1.0,0.6666666666666666,0.3793103448275862,0.8260869565217391,0.625,0.7222222222222222,0.6792452830188679,0.8421052631578947,0.0,0.5833333333333334,0.6666666666666666,0.3333333333333333,0.6,73,2,-0.019519519519519468
P00302,1,0.6037735849056604,0.32075471698113206,1.1333333333333333,0.9910464930080095,2.3452776499507886,0.39265760526554483,2.8605791618361076,3.5105696637679156,0.5094339622641509,0.49056603773584906,0.5113718888041392,0.9772562223917216,0.4701925630478278,45.18867924528302,0.3076923076923077,0.25,1.0,0.5,0.6875,0.68,0.25,0.5,0.5111111111111111,0.5714285714285714,0.0,0.5,0.6666666666666666,0.4,0.6,53,1,0.01851851851851849
P00303,0,0.6666666666666666,0.20833333333333334,0.45454545454545453,0.9562716184481167,6.087127722980106,1.555094996655112,2.0896259496579765,2.0373911275320293,0.5694444444444444,0.4305555555555556,0.4708686706887744,1.058262658622451,0.4570718811994421,51.02777777777778,0.4074074074074074,0.4,0.8888888888888888,0.4166666666666667,0.3846153846153846,0.64,0.64,0.4090909090909091,0.5789473684210527,0.46153846153846156,1.0,0.375,0.375,0.0,0.45454545454545453,72,2,-0.08333333333333337
P00304,0,0.7195121951219512,0.2804878048780488,0.6388888888888888,0.9780804946358348,5.5295380355604005,1.5818565390358819,2.7771033316755322,3.5996656384127004,0.5,0.5,0.4719753908778263,1.0560492182443473,0.46788883278152993,47.0609756097561,0.45714285714285713,0.38461538461538464,1.0,0.5833333333333334,0.5,0.5277777777777778,0.48148148148148145,0.47368421052631576,0.48333333333333334,0.5789473684210527,0.3333333333333333,0.7692307692307693,0.5384615384615384,0.0,0.4782608695652174,82,2,-0.12195121951219517
P00305,1,0.56,0.2,0.5555555555555556,0.9565826682888482,2.3517324287658496,0.4249422308897564,1.9505421277376993,1.2250779507561038,0.5733333333333334,0.42666666666666664,0.5181880597465244,0.9636238805069514,0.4214492569259999,46.74666666666667,0.25,0.3,1.0,0.5714285714285714,0.5666666666666667,0.6875,0.46153846153846156,0.5294117647058824,0.5535714285714286,0.6111111111111112,1.0,0.5384615384615384,0.46153846153846156,0.5454545454545454,0.4827586206896552,75,2,0.06472261735419627
P00306,0,0.6395348837209303,0.313953488372093,0.9642857142857143,0.9984153967727545,5.750616185443426,1.3754865110942842,2.081237406623744,1.3081668098650021,0.6162790697674418,0.38372093023255816,0.4875036841053116,1.0249926317893767,0.4784292184097664,48.56976744186046,0.38235294117647056,0.2916666666666667,1.0,0.625,0.37142857142857144,0.6764705882352942,0.5483870967741935,0.6190476190476191,0.5846153846153846,0.7222222222222222,0.6666666666666666,0.3888888888888889,0.6666666666666666,0.16666666666666666,0.696969696969697,86,2,-0.06976744186046513
P00307,1,0.6266666666666667,0.28,0.8076923076923077,0.9935491879950303,2.454576577560208,0.37056836177832236,2.3806912155835662,2.0097168794651075,0.5466666666666666,0.45333333333333337,0.5019993259436655,0.9960013481126692,0.44348446276594866,49.56,0.3333333333333333,0.34782608695652173,1.0,0.45454545454545453,0.5416666666666667,0.6666666666666666,0.35,0.5454545454545454,0.5,0.6666666666666666,1.0,0.6153846153846154,0.7692307692307693,0.2,0.5652173913043478,75,2,0.012091038406827903
P00308,0,0.6666666666666666,0.28888888888888886,0.7647058823529411,0.9945898927695087,5.647179440783688,1.3751749186385358,2.121010105409803,1.7231951350006385,0.5555555555555556,0.4444444444444444,0.4734577106050806,1.053084578789839,0.45958138676092736,49.46666666666667,0.42105263157894735,0.391304347826087,0.8888888888888888,0.5384615384615384,0.53125,0.5833333333333334,0.5,0.5714285714285714,0.5070422535211268,0.7368421052631579,0.0,0.46153846153846156,0.8461538461538461,0.42857142857142855,0.64,90,2,-0.0888888888888889
P00309,0,0.6727272727272727,0.2545454545454545,0.6086956521739131,0.9816262103229237,5.951337705494498,1.5688015734800804,2.0652026649654434,1.825364399543286,0.5272727272727272,0.4727272727272728,0.4620957353676797,1.0758085292646407,0.5093032134747559,48.92727272727273,0.5,0.5294117647058824,0.8571428571428571,0.6363636363636364,0.5882352941176471,0.5652173913043478,0.5333333333333333,0.47058823529411764,0.5227272727272727,0.5454545454545454,0.0,0.7142857142857143,0.7142857142857143,0.3333333333333333,0.5,55,1,0.01719576719576721
P00310,1,0.6511627906976745,0.3023255813953488,0.8666666666666667,0.9979980850864211,2.4372511673962776,0.4851472005703587,2.229366703839991,1.6485862497334036,0.5581395348837209,0.4418604651162791,0.4929631925962104,1.014073614807579,0.4518538969205747,48.05813953488372,0.3611111111111111,0.20833333333333334,0.8571428571428571,0.5,0.5588235294117647,0.6060606060606061,0.45454545454545453,0.65,0.5079365079365079,0.6666666666666666,1.0,0.4666666666666667,0.8,0.25,0.6956521739130435,86,2,-0.09302325581395343
P00311,0,0.6790123456790124,0.32098765432098764,0.896551724137931,0.9987659751912319,6.113281203972796,1.457028365218879,3.1135344497669935,4.015025707479009,0.6419753086419753,0.3580246913580247,0.5108598141008492,0.9782803717983015,0.436265749118966,50.135802469135804,0.3333333333333333,0.2692307692307692,0.8888888888888888,0.6,0.4516129032258065,0.7,0.5769230769230769,0.64,0.6551724137931034,0.65,0.3333333333333333,0.75,0.6666666666666666,0.0,0.6470588235294118,81,2,0.08292682926829276
P00312,0,0.7017543859649122,0.42105263157894735,1.5,0.9845687859221329,6.020831034144318,1.5037774969694337,2.813131674444231,2.4193156400477953,0.5263157894736842,0.4736842105263158,0.4762599197710815,1.047480160457837,0.4777003814601232,49.29824561403509,0.43478260869565216,0.3684210526315789,1.0,0.8,0.6111111111111112,0.65,0.29411764705882354,0.6,0.5581395348837209,0.42857142857142855,0.0,0.2857142857142857,0.7142857142857143,0.1,0.5555555555555556,57,1,-0.0886699507389162
P00313,0,0.6515151515151515,0.2878787878787879,0.7916666666666666,0.9955150364969244,5.7346069870689655,1.579005710515138,2.0197399988781113,1.630569424717432,0.5454545454545454,0.4545454545454546,0.4836203930027295,1.0327592139945412,0.44775680141917523,53.92424242424242,0.3157894736842105,0.25,1.0,0.6,0.5555555555555556,0.7,0.4,0.5384615384615384,0.5740740740740741,0.4166666666666667,0.0,0.5714285714285714,0.42857142857142855,0.42857142857142855,0.5652173913043478,66,2,0.12121212121212122
P00314,1,0.48,0.24,1.0,0.9330476495957027,2.456868168994122,0.39930710220652454,1.7950351872341184,0.7174682905495366,0.7,0.30000000000000004,0.547248043027723,0.9055039139445539,0.4643701954255204,45.96,0.24,0.2,1.0,0.8571428571428571,0.5384615384615384,0.8333333333333334,0.4166666666666667,0.7142857142857143,0.6829268292682927,0.7777777777777778,0.0,0.3333333333333333,1.0,0.0,0.9166666666666666,50,1,-0.20000000000000007
P00315,1,0.7325581395348837,0.313953488372093,0.75,0.983939215374356,2.355051000941337,0.463704150033968,2.3163501244717284,1.9209180396901722,0.5348837209302325,0.4651162790697675,0.5078814410223297,0.9842371179553406,0.4185651094560001,50.406976744186046,0.4117647058823529,0.3181818181818182,1.0,0.5833333333333334,0.5185185185185186,0.6,0.5,0.5,0.5081967213114754,0.5652173913043478,1.0,0.6875,0.6875,0.75,0.5,86,2,-0.23255813953488375
P00316,0,0.5454545454545454,0.21212121212121213,0.6363636363636364,0.9589446786446114,5.64073175385107,1.5568024217487852,1.7568565865192103,0.7004286071726218,0.5454545454545454,0.4545454545454546,0.4699463005751858,1.0601073988496283,0.4913353440608859,50.878787878787875,0.3076923076923077,0.2631578947368421,0.7142857142857143,0.5833333333333334,0.5185185185185186,0.7083333333333334,0.45454545454545453,0.45,0.543859649122807,0.5,1.0,0.7142857142857143,0.42857142857142855,0.2,0.6206896551724138,66,2,-0.06060606060606066
P00317,0,0.6428571428571429,0.21428571428571427,0.5,0.9657130652315669,5.841719023094926,1.7174965746146384,1.625625197663207,0.7309300125428815,0.44642857142857145,0.5535714285714286,0.4240165601786923,1.1519668796426152,0.49382931923538465,46.017857142857146,0.43478260869565216,0.3888888888888889,1.0,0.0,0.5652173913043479,0.5454545454545454,0.5,0.16666666666666666,0.35555555555555557,0.8181818181818182,0.0,0.6,0.8,0.0,0.47368421052631576,56,1,0.17857142857142855
P00318,0,0.6842105263157895,0.3157894736842105,0.8571428571428571,0.9975194757207203,5.876421569047334,1.4948436160957612,2.1806601871813043,1.532634690254687,0.47368421052631576,0.5263157894736843,0.4240518495564965,1.151896300887007,0.4471335697604989,48.92982456140351,0.5769230769230769,0.47058823529411764,0.8,0.6,0.6818181818181819,0.47619047619047616,0.47619047619047616,0.4666666666666667,0.4888888888888889,0.4166666666666667,0.0,0.8,0.2,0.5,0.5555555555555556,57,1,0.018472906403940892
P00319,0,0.671875,0.3125,0.8695652173913043,0.9984546873004174,5.912296664701554,1.4730188620494755,2.8036374320668305,2.624895220002394,0.59375,0.40625,0.5092531803459776,0.9814936393080449,0.42767741286406274,49.171875,0.32142857142857145,0.2,1.0,0.6666666666666666,0.4347826086956522,0.6666666666666666,0.5217391304347826,0.5714285714285714,0.6122448979591837,0.5333333333333333,0.0,0.8888888888888888,0.5555555555555556,0.3333333333333333,0.5909090909090909,64,2,0.125
P00320,0,0.72,0.22666666666666666,0.4594594594594595,0.9479601191661265,5.688644244284479,1.6494363340816962,2.2237305561304885,2.1952475403359433,0.38666666666666666,0.6133333333333333,0.4166321111428309,1.1667357777143383,0.4324875049590883,48.44,0.41379310344827586,0.5333333333333333,1.0,0.25,0.5882352941176471,0.5185185185185185,0.4074074074074074,0.19047619047619047,0.41935483870967744,0.25,0.0,0.7777777777777778,0.1111111111111111,0.2,0.4090909090909091,75,2,0.016358463726884764
P00321,1,0.726027397260274,0.2876712328767123,0.65625,0.9782001019266439,2.425111826399171,0.46483253317280165,1.8354830675622718,1.2213319589309972,0.6027397260273972,0.3972602739726028,0.5140338633819305,0.9719322732361392,0.35153419477961495,50.83561643835616,0.42857142857142855,0.4375,1.0,0.6923076923076923,0.40625,0.6153846153846154,0.5769230769230769,0.6190476190476191,0.6065573770491803,0.5833333333333334,0.0,0.7777777777777778,0.5555555555555556,0.3333333333333333,0.4583333333333333,73,2,-0.18093093093093093
P00322,1,0.6349206349206349,0.23809523809523808,0.6,0.9797131945380652,2.3785307885224256,0.4144920230932878,2.3179089797152654,2.1117824269165486,0.6031746031746031,0.39682539682539686,0.5120291052398334,0.9759417895203334,0.4098155371209725,47.84126984126984,0.2692307692307692,0.17647058823529413,1.0,0.6666666666666666,0.3928571428571429,0.7083333333333334,0.5,0.6,0.6122448979591837,0.6153846153846154,0.0,0.7777777777777778,0.5555555555555556,0.25,0.5454545454545454,63,2,0.1078629032258065
P00323,0,0.6727272727272727,0.23636363636363636,0.5416666666666666,0.9724499398242928,5.823351112769262,1.7188121776990104,2.5388350972076545,4.213626185930051,0.4,0.6,0.4330963146988833,1.1338073706022331,0.44122434457563364,53.32727272727273,0.5,0.4444444444444444,1.0,0.3,0.6799999999999999,0.5625,0.36363636363636365,0.29411764705882354,0.3333333333333333,0.5,1.0,0.4,0.6,0.5,0.35294117647058826,55,1,0.130952380952381
P00324,0,0.5571428571428572,0.3,1.1666666666666667,0.9749884538558988,6.027490126192069,1.3634637796064208,2.1513291975250755,1.2435598925785516,0.6285714285714286,0.37142857142857144,0.5301281809499254,0.9397436381001486,0.4671576431445864,43.67142857142857,0.2857142857142857,0.20833333333333334,1.0,0.6,0.5769230769230769,0.8275862068965517,0.41379310344827586,0.6666666666666666,0.5294117647058824,0.8823529411764706,1.0,0.4,0.8,0.0,0.6,70,2,0.0
P00325,0,0.6666666666666666,0.3103448275862069,0.8709677419354839,0.9985557476718502,5.636395784905599,1.624620955417347,3.1108311837324347,3.576104660771457,0.4827586206896552,0.5172413793103448,0.4329419420320324,1.134116115935935,0.5005317147238393,50.54022988505747,0.4117647058823529,0.42857142857142855,1.0,0.3076923076923077,0.6363636363636364,0.5833333333333334,0.4782608695652174,0.35714285714285715,0.4918032786885246,0.47619047619047616,0.4,0.6666666666666666,0.5555555555555556,0.25,0.5588235294117647,87,2,0.034883720930232565
P00326,0,0.7272727272727273,0.34545454545454546,0.9047619047619048,0.9913872253831579,5.802673110915244,1.1845835270656062,2.3299008937968155,2.058205897137311,0.5636363636363636,0.4363636363636364,0.48973549345584605,1.0205290130883078,0.5090848471711941,44.56363636363636,0.4827586206896552,0.45454545454545453,1.0,0.625,0.4375,0.5555555555555556,0.5384615384615384,0.6,0.5121951219512195,0.7142857142857143,0.0,0.5454545454545454,0.7272727272727273,0.3333333333333333,0.6470588235294118,55,1,0.015873015873015817
P00327,0,0.5915492957746479,0.2676056338028169,0.8260869565217391,0.9863657975725371,5.6692397900694464,1.6446697228926312,2.6033985963347805,3.794842012283344,0.5070422535211268,0.49295774647887325,0.4481743907437076,1.103651218512585,0.45797256001861525,45.66197183098591,0.4411764705882353,0.2631578947368421,0.0,0.3333333333333333,0.6551724137931034,0.65625,0.36,0.42857142857142855,0.5087719298245614,0.5384615384615384,0.0,0.8,0.4,0.5,0.2777777777777778,71,2,-0.12698412698412698
P00328,0,0.6323529411764706,0.3235294117647059,1.0476190476190477,0.9974712421138731,5.746773251227907,1.5618714238736935,2.5249502045679693,2.912126005552744,0.6617647058823529,0.3382352941176471,0.5335942973094828,0.9328114053810342,0.4249618218768095,47.294117647058826,0.27586206896551724,0.10526315789473684,1.0,0.625,0.4,0.7586206896551724,0.5217391304347826,0.6875,0.6428571428571429,0.8181818181818182,0.0,1.0,0.6666666666666666,0.2222222222222222,0.7777777777777778,68,2,-0.08823529411764708
P00329,0,0.6716417910447762,0.22388059701492538,0.5,0.9653263212392945,5.590112829155332,1.6289735933182838,2.337301819070145,3.101069638083911,0.746268656716418,0.25373134328358204,0.5407074238342506,0.9185851523314987,0.4387006554636309,51.11940298507463,0.30434782608695654,0.06666666666666667,0.8333333333333334,0.6,0.24137931034482762,0.8947368421052632,0.7586206896551724,0.5789473684210527,0.7454545454545455,0.7272727272727273,1.0,1.0,0.8571428571428571,0.0,0.7222222222222222,67,2,0.03743315508021383
P00330,0,0.5921052631578947,0.21052631578947367,0.5517241379310345,0.9661606346162646,5.658255424899474,1.4463160907876915,2.685144120449553,3.5067198246035827,0.6447368421052632,0.35526315789473684,0.5278262986557981,0.9443474026884038,0.41630674408033874,47.35526315789474,0.2857142857142857,0.19047619047619047,1.0,0.6666666666666666,0.3793103448275862,0.7666666666666667,0.5666666666666667,0.5625,0.6851851851851852,0.5,0.75,0.6470588235294118,0.6470588235294118,0.14285714285714285,0.6818181818181818,76,2,-0.18421052631578938
P00331,0,0.5517241379310345,0.29310344827586204,1.1333333333333333,0.9731682194117229,5.892228485188234,1.5666498905732036,2.1550770847338105,1.145424142114054,0.603448275862069,0.39655172413793105,0.47552369132763417,1.0489526173447317,0.49206337981508047,47.827586206896555,0.3333333333333333,0.21052631578947367,0.8333333333333334,0.5,0.5,0.7391304347826086,0.42105263157894735,0.625,0.5777777777777777,0.6923076923076923,0.0,0.4444444444444444,0.5555555555555556,0.75,0.5294117647058824,58,1,0.034482758620689724
P00332,1,0.6981132075471698,0.2830188679245283,0.6818181818181818,0.9864994961936154,2.4213906759665558,0.5454879960103433,1.8355210227929455,1.2304189148244007,0.4716981132075472,0.5283018867924528,0.4587149663646548,1.0825700672706904,0.4153056140499791,49.83018867924528,0.42105263157894735,0.3333333333333333,1.0,0.2857142857142857,0.52,0.631578947368421,0.45454545454545453,0.25,0.4418604651162791,0.6,0.0,0.5,0.6666666666666666,0.5,0.47058823529411764,53,1,-0.13105413105413105
P00333,1,0.6941176470588235,0.3058823529411765,0.7878787878787878,0.9939768159562864,2.3984171133387946,0.4712042326719052,2.1637109283764038,1.6053026535005293,0.5647058823529412,0.43529411764705883,0.5020996778795457,0.9958006442409087,0.39437709111774916,50.89411764705882,0.40625,0.3125,1.0,0.5,0.48571428571428577,0.6923076923076923,0.4722222222222222,0.5652173913043478,0.5909090909090909,0.4444444444444444,1.0,0.5833333333333334,0.4166666666666667,0.42857142857142855,0.4,85,2,0.12790697674418605
P00334,0,0.620253164556962,0.3291139240506329,1.1304347826086956,0.9946216514533675,5.856948075284062,1.7269046713572986,2.2260618614674543,1.6141928269598784,0.569620253164557,0.430379746835443,0.4941761693668837,1.0116476612662326,0.45205230884182684,48.55696202531646,0.3333333333333333,0.2916666666666667,1.0,0.8181818181818182,0.6071428571428572,0.696969696969697,0.35714285714285715,0.6666666666666666,0.5692307692307692,0.5384615384615384,1.0,0.8571428571428571,0.5714285714285714,0.45454545454545453,0.5384615384615384,79,2,0.26410256410256405
P00335,0,0.6835443037974683,0.24050632911392406,0.5428571428571428,0.9716856972139188,5.5732397870205,1.8195378814254357,1.7553924005032937,1.142147449303704,0.5822784810126582,0.4177215189873418,0.47834557389788906,1.043308852204222,0.46215486241509784,48.962025316455694,0.45714285714285713,0.44,0.8888888888888888,0.5384615384615384,0.45833333333333337,0.5294117647058824,0.6538461538461539,0.5789473684210527,0.6029411764705882,0.45454545454545453,0.0,0.8,0.6,0.375,0.75,79,2,0.13717948717948725
P00336,0,0.58,0.3,1.0714285714285714,0.98485378337893,5.527401648211054,1.9722328475853628,2.5104260915370027,1.8502228850214026,0.64,0.36,0.5057648607825851,0.9884702784348298,0.3682751111925562,48.44,0.17647058823529413,0.16666666666666666,1.0,0.6,0.5384615384615384,0.8823529411764706,0.42857142857142855,0.6666666666666666,0.6052631578947368,0.8181818181818182,0.0,0.7142857142857143,0.8571428571428571,0.4,0.7142857142857143,50,1,-0.24
P00337,0,0.5730337078651685,0.21348314606741572,0.59375,0.9655947946009099,5.757415105754519,1.355006720440259,2.6088281187388453,2.530901811692421,0.550561797752809,0.449438202247191,0.47585044611556604,1.048299107768868,0.534458009882616,43.04494382022472,0.39215686274509803,0.32432432432432434,1.0,0.2727272727272727,0.48,0.6458333333333334,0.5217391304347826,0.3333333333333333,0.5384615384615384,0.5454545454545454,1.0,0.5294117647058824,0.5882352941176471,0.1111111111111111,0.5483870967741935,89,2,-0.07979797979797987
P00338,0,0.7407407407407407,0.2345679012345679,0.4634146341463415,0.9418685226556893,5.979821023980316,1.6914815873355848,1.9156352059828283,1.7765483904233075,0.5185185185185185,0.4814814814814815,0.43921656687882854,1.121566866242343,0.4437494961042201,49.48148148148148,0.6129032258064516,0.55,1.0,0.5454545454545454,0.4375,0.43333333333333335,0.6206896551724138,0.5,0.4852941176470588,0.75,0.0,0.75,0.6666666666666666,0.16666666666666666,0.5,81,2,-0.16097560975609754
P00339,0,0.6481481481481481,0.2962962962962963,0.8421052631578947,0.9971339965356142,5.706972565574763,1.6017014512752468,2.6014710059683983,2.1679574404626196,0.48148148148148145,0.5185185185185186,0.4839727192111773,1.0320545615776455,0.4720337120772215,54.55555555555556,0.29411764705882354,0.23076923076923078,0.8888888888888888,0.2857142857142857,0.6086956521739131,0.6470588235294118,0.3333333333333333,0.45454545454545453,0.47368421052631576,0.5333333333333333,0.0,0.8333333333333334,0.5,0.2,0.6,54,1,0.1481481481481482
P00340,0,0.7272727272727273,0.23863636363636365,0.4883720930232558,0.9522940536433399,5.964450916961741,1.6577264823439806,2.0099212389610166,1.7955032029506266,0.5,0.5,0.46188396533369963,1.0762320693326008,0.47409917100603244,51.82954545454545,0.5161290322580645,0.4,0.8,0.4375,0.5,0.5185185185185185,0.5882352941176471,0.37037037037037035,0.5074626865671642,0.47619047619047616,0.0,0.7333333333333333,0.4,0.21428571428571427,0.43243243243243246,88,2,0.09090909090909088
P00341,1,0.5769230769230769,0.28846153846153844,1.0,0.9841127256487668,2.383940417479916,0.4113314397689022,1.9680355711987763,1.3580375051129197,0.5961538461538461,0.40384615384615385,0.5063683154545255,0.987263369090949,0.4423115653750061,44.96153846153846,0.32142857142857145,0.2857142857142857,1.0,0.5,0.5333333333333333,0.6923076923076923,0.38461538461538464,0.6153846153846154,0.5348837209302325,0.8888888888888888,0.0,0.42857142857142855,0.8571428571428571,0.14285714285714285,0.6,52,1,0.03846153846153855
P00342,1,0.6571428571428571,0.24285714285714285,0.5862068965517241,0.9792245554205531,2.5192854238605755,0.43106710513511354,1.95082043137206,1.5444395005115397,0.6428571428571429,0.3571428571428571,0.5241123329240602,0.9517753341518796,0.4055948022824723,46.885714285714286,0.3103448275862069,0.36363636363636365,1.0,0.625,0.4482758620689655,0.7142857142857143,0.6,0.5882352941176471,0.6,0.8,0.0,0.7,0.7,0.0,0.64,70,2,-0.02857142857142858
P00343,0,0.7741935483870968,0.45161290322580644,1.4,0.9648412112801079,5.85749890520626,1.5288570364242189,2.7750822354797258,2.2645550240009023,0.6129032258064516,0.3870967741935484,0.4827002574637346,1.034599485072531,0.4228924606616585,53.87096774193548,0.4117647058823529,0.4,1.0,0.8,0.4285714285714286,0.6111111111111112,0.5454545454545454,0.6818181818181818,0.5652173913043478,0.75,0.0,0.75,0.8333333333333334,0.5,0.7391304347826086,62,2,0.12903225806451613
P00344,0,0.7719298245614035,0.2631578947368421,0.5172413793103449,0.939578449156473,5.721467178718353,1.5235143473394486,1.8986877193926426,1.0613179052333546,0.6666666666666666,0.33333333333333337,0.5076779985256966,0.9846440029486069,0.3665887587992108,52.05263157894737,0.35294117647058826,0.25,1.0,0.4,0.3076923076923077,0.6666666666666666,0.7692307692307693,0.46153846153846156,0.627906976744186,0.7857142857142857,0.0,1.0,0.75,0.6666666666666666,0.6666666666666666,57,1,-0.09359605911330049
P00345,0,0.5806451612903226,0.3225806451612903,1.25,0.9821151933294301,6.203201916916223,1.6002625908976675,2.873990364737921,2.5615739183357222,0.5645161290322581,0.4354838709677419,0.5327862655213355,0.9344274689573291,0.41413893372385374,51.20967741935484,0.13043478260869565,0.1875,1.0,0.6,0.6818181818181819,0.8636363636363636,0.25,0.55,0.5333333333333333,0.6470588235294118,0.0,0.5384615384615384,0.6153846153846154,0.4,0.52,62,2,-0.032258064516129115
P00346,1,0.6885245901639344,0.3114754098360656,0.8260869565217391,0.9961636838369295,2.3861414438947604,0.42853608943742755,1.9185868034479736,1.2409408267575623,0.639344262295082,0.360655737704918,0.531605090972634,0.9367898180547319,0.4372832966292463,52.57377049180328,0.3181818181818182,0.17647058823529413,1.0,0.6,0.55,0.8235294117647058,0.5238095238095238,0.6086956521739131,0.5833333333333334,0.8461538461538461,0.0,0.4,0.9,0.2857142857142857,0.6190476190476191,61,2,0.1430107526881721
P00347,1,0.6853932584269663,0.4044943820224719,1.44,0.9890754880237104,2.5537723526641307,0.5215210288703572,2.4131303927266594,1.8710565796741045,0.6629213483146067,0.3370786516853933,0.5367418398066646,0.9265163203866708,0.40581485615166485,51.831460674157306,0.2857142857142857,0.19047619047619047,0.8888888888888888,0.8571428571428571,0.5555555555555556,0.7419354838709677,0.44,0.7575757575757576,0.6575342465753424,0.7333333333333333,0.0,0.8181818181818182,0.8181818181818182,0.3333333333333333,0.7272727272727273,89,2,0.007575757575757569
P00348,1,0.7457627118644068,0.3220338983050847,0.76,0.9802461875785372,2.461984521204489,0.409263305463894,2.8097461303502755,2.5000276151652923,0.4745762711864407,0.5254237288135593,0.4714358551513844,1.0571282896972312,0.41991990058752493,52.08474576271186,0.4,0.3,1.0,0.4,0.5833333333333333,0.5714285714285714,0.47619047619047616,0.35294117647058826,0.4166666666666667,0.5652173913043478,0.0,0.9333333333333333,0.4,0.0,0.5294117647058824,59,1,0.3229885057471264
P00349,0,0.7358490566037735,0.2641509433962264,0.56,0.9627921557345267,5.352623200483853,1.4684087498416054,2.011500224745388,1.5596700168279756,0.4528301886792453,0.5471698113207547,0.4439461424736583,1.1121077150526832,0.4765142147721806,50.39622641509434,0.5238095238095238,0.4117647058823529,1.0,0.2,0.4375,0.47619047619047616,0.5625,0.3125,0.4146341463414634,0.5833333333333334,0.0,1.0,0.5714285714285714,0.5,0.38095238095238093,53,1,0.20940170940170943
P00350,0,0.6071428571428571,0.23214285714285715,0.6190476190476191,0.9774904292636648,6.318923851104523,1.476956357592944,2.2882273584768584,1.707811402211129,0.5535714285714286,0.4464285714285714,0.4861943626460648,1.0276112747078705,0.5456117001591997,44.517857142857146,0.43333333333333335,0.25,0.5,0.16666666666666666,0.5,0.6153846153846154,0.5714285714285714,0.3333333333333333,0.5675675675675675,0.5263157894736842,0.0,0.6666666666666666,0.4444444444444444,0.6666666666666666,0.5714285714285714,56,1,-0.1071428571428571
P00351,1,0.7567567567567568,0.3783783783783784,1.0,0.9824516126366342,2.4609737790396227,0.4621224765681267,2.248127540392622,1.7612180846358527,0.581081081081081,0.41891891891891897,0.5002823233435538,0.9994353533128925,0.3967692746090041,50.2972972972973,0.4482758620689655,0.29411764705882354,1.0,0.7,0.56,0.6363636363636364,0.46153846153846156,0.6538461538461539,0.5645161290322581,0.6666666666666666,0.0,0.7777777777777778,0.5555555555555556,0.5,0.5185185185185185,74,2,-0.08108108108108103
P00352,0,0.7261904761904762,0.3333333333333333,0.8484848484848485,0.9902727509902391,5.715465438497797,1.5090075534103935,2.435355693063177,2.200847554568038,0.5714285714285714,0.4285714285714286,0.501724038687341,0.9965519226253183,0.408868932450159,53.17857142857143,0.4074074074074074,0.29411764705882354,0.875,0.7857142857142857,0.5454545454545454,0.5769230769230769,0.5172413793103449,0.6206896551724138,0.5409836065573771,0.6521739130434783,0.0,0.6470588235294118,0.6470588235294118,0.2,0.6538461538461539,84,2,-0.09523809523809523
P00353,0,0.6352941176470588,0.29411764705882354,0.8620689655172413,0.9964258036208105,5.734546094596919,1.3995653249750926,2.790208084328451,3.660030914678155,0.5529411764705883,0.44705882352941173,0.48959277139872726,1.0208144572025455,0.45110493589853684,48.10588235294118,0.3902439024390244,0.2903225806451613,1.0,0.5625,0.5652173913043479,0.631578947368421,0.375,0.6086956521739131,0.5882352941176471,0.4,0.5,0.75,0.4166666666666667,0.14285714285714285,0.5483870967741935,85,2,-0.13067552602436328
P00354,0,0.7045454545454546,0.20454545454545456,0.4090909090909091,0.9388299871077482,5.793883639173586,1.649193623922162,1.6534779523748784,0.7827047183545347,0.5454545454545454,0.4545454545454546,0.48148844593708034,1.0370231081258394,0.43425557843558077,49.45454545454545,0.5,0.48,0.8888888888888888,0.23076923076923078,0.4193548387096774,0.53125,0.6470588235294118,0.4090909090909091,0.49295774647887325,0.75,1.0,0.3333333333333333,0.5555555555555556,0.42857142857142855,0.5384615384615384,88,2,-0.045454545454545525
P00355,0,0.6712328767123288,0.3561643835616438,1.1304347826086956,0.9988113678189481,5.965288738611527,1.425052053546207,2.7936585105788136,3.4522068585884886,0.5068493150684932,0.4931506849315068,0.44770145920218996,1.1045970815956199,0.43745465165524083,49.16438356164384,0.36666666666666664,0.4117647058823529,1.0,0.625,0.5,0.5925925925925926,0.4,0.5238095238095238,0.4915254237288136,0.6153846153846154,0.0,0.6363636363636364,0.5454545454545454,0.5714285714285714,0.391304347826087,73,2,-0.15090090090090091
P00356,0,0.8,0.3375,0.7297297297297297,0.9513041353456397,5.833788324392868,1.6080708598097417,2.0806857396015364,1.6995263833150083,0.475,0.525,0.4541251106827481,1.0917497786345038,0.4366979080712958,51.1875,0.6571428571428571,0.5,1.0,0.5833333333333334,0.5172413793103448,0.48148148148148145,0.4666666666666667,0.4782608695652174,0.453125,0.6,0.0,0.6666666666666666,0.5,0.4,0.5,80,2,-0.15000000000000002
P00357,0,0.6966292134831461,0.3707865168539326,1.1379310344827587,0.9968112912045749,5.637710687170315,1.6044363476680712,2.1461271185674056,1.6211863033015037,0.550561797752809,0.449438202247191,0.45176669557037397,1.096466608859252,0.44367596537067994,48.8876404494382,0.4857142857142857,0.4166666666666667,1.0,0.5833333333333334,0.5128205128205128,0.6129032258064516,0.43243243243243246,0.6666666666666666,0.527027027027027,0.6666666666666666,0.0,0.7142857142857143,0.7142857142857143,0.2727272727272727,0.6071428571428571,89,2,-0.16969696969696968
P00358,0,0.6206896551724138,0.22988505747126436,0.5882352941176471,0.9765543757723848,5.483771044379774,1.4657333427014585,2.4040784539449196,2.459203070679293,0.5632183908045977,0.4367816091954023,0.4828500321191036,1.0342999357617928,0.4263354556709922,49.12643678160919,0.358974358974359,0.2608695652173913,1.0,0.75,0.5806451612903225,0.696969696969697,0.4482758620689655,0.52,0.53125,0.6818181818181818,0.0,0.75,0.625,0.18181818181818182,0.5882352941176471,87,2,-0.12790697674418605
P00359,1,0.7241379310344828,0.3793103448275862,1.1,0.9922658364660302,2.5437985045683873,0.4071720130162013,2.556530397051678,1.9081865901783048,0.6379310344827587,0.3620689655172413,0.5304877708667177,0.9390244582665643,0.38091995924803423,52.13793103448276,0.2222222222222222,0.18181818181818182,1.0,0.6,0.4285714285714286,0.7647058823529411,0.5,0.7058823529411765,0.6818181818181818,0.5384615384615384,0.0,0.8,0.4,0.0,0.6923076923076923,58,1,0.1724137931034483
P00360,0,0.7764705882352941,0.23529411764705882,0.43478260869565216,0.9171877410993463,5.549058358066629,1.5803142492016398,1.9705512672718122,1.458104010825385,0.5647058823529412,0.43529411764705883,0.47469433267904554,1.050611334641909,0.4241804480487149,54.04705882352941,0.5185185185185185,0.47368421052631576,1.0,0.45454545454545453,0.36363636363636365,0.5384615384615384,0.6875,0.4444444444444444,0.5483870967741935,0.6086956521739131,0.0,0.7857142857142857,0.5714285714285714,0.2,0.5555555555555556,85,2,-0.060354374307862724
P00361,0,0.7540983606557377,0.2786885245901639,0.5862068965517241,0.9598748220373681,5.479780267303313,1.6534625368002727,2.517737774913227,2.1433454390466813,0.4426229508196721,0.5573770491803278,0.4298808689515472,1.1402382620969056,0.418562714238825,49.32786885245902,0.5555555555555556,0.625,1.0,0.5,0.5714285714285714,0.34615384615384615,0.5,0.5384615384615384,0.4772727272727273,0.3125,1.0,0.9090909090909091,0.36363636363636365,0.25,0.5625,61,2,-0.11290322580645162
P00362,0,0.6951219512195121,0.34146341463414637,0.9655172413793104,0.9982191461325469,5.5339605813189605,1.5133546994080913,2.348421259947571,1.7346929423470028,0.5609756097560976,0.4390243902439024,0.4787580947756233,1.0424838104487533,0.4361102355826377,48.48780487804878,0.45714285714285713,0.3157894736842105,1.0,0.5555555555555556,0.3870967741935484,0.5806451612903226,0.45161290322580644,0.7,0.5806451612903226,0.5263157894736842,0.0,0.5714285714285714,0.42857142857142855,0.2222222222222222,0.6666666666666666,82,2,-0.14634146341463417
P00363,0,0.7321428571428571,0.30357142857142855,0.7083333333333334,0.9811244784172686,6.085320922801915,1.5311881212359888,2.1522500881303133,1.5077223420586168,0.5714285714285714,0.4285714285714286,0.4798750562547968,1.0402498874904063,0.4584872137660836,49.785714285714285,0.4444444444444444,0.47058823529411764,1.0,0.5555555555555556,0.34782608695652173,0.5555555555555556,0.6363636363636364,0.5,0.5365853658536586,0.6428571428571429,1.0,0.8,0.7,0.42857142857142855,0.5833333333333334,56,1,0.0714285714285714
P00364,0,0.6666666666666666,0.2916666666666667,0.7777777777777778,0.9952467469708334,6.16488729569237,1.5581966444741526,2.2460797912419252,2.040601859874563,0.5416666666666666,0.45833333333333337,0.477707133172492,1.044585733655016,0.4095932140084811,52.236111111111114,0.38461538461538464,0.23076923076923078,1.0,0.6153846153846154,0.7037037037037037,0.64,0.4482758620689655,0.5555555555555556,0.5357142857142857,0.5625,0.0,0.6363636363636364,0.5454545454545454,0.4,0.4375,72,2,-0.08333333333333337
P00365,0,0.6666666666666666,0.28735632183908044,0.7575757575757576,0.9942091311639716,5.796404083937143,1.7218442444684654,2.2195521158062324,2.9526525199025118,0.5287356321839081,0.47126436781609193,0.4709132464893655,1.058173507021269,0.448309917512107,48.93103448275862,0.4166666666666667,0.3333333333333333,0.8,0.5384615384615384,0.48571428571428577,0.6111111111111112,0.5,0.44,0.5205479452054794,0.5833333333333334,0.5,0.5,0.625,0.3333333333333333,0.47368421052631576,87,2,0.03382663847780121
P00366,0,0.6575342465753424,0.3424657534246575,1.0869565217391304,0.9993102621272048,5.959420341088684,1.5878772018290364,2.227402702773977,1.6939488824409406,0.4931506849315068,0.5068493150684932,0.5033208068127536,0.9933583863744928,0.4614716103046401,48.10958904109589,0.3,0.2608695652173913,1.0,0.6363636363636364,0.7777777777777778,0.6551724137931034,0.2727272727272727,0.5,0.5087719298245614,0.4666666666666667,0.0,0.6,0.3,0.2,0.3333333333333333,73,2,-0.23273273273273276
P00367,0,0.6774193548387096,0.4032258064516129,1.4705882352941178,0.9885075255562655,6.0449627892087605,1.5439939772363418,3.4795250804013014,3.2993633607200215,0.6451612903225806,0.3548387096774194,0.4924853327683317,1.0150293344633368,0.4635116985816796,52.16129032258065,0.4166666666666667,0.29411764705882354,1.0,0.7333333333333333,0.38888888888888884,0.68,0.5,0.7647058823529411,0.627906976744186,0.75,0.3333333333333333,0.7857142857142857,0.7857142857142857,0.5,0.6666666666666666,62,2,0.06451612903225801
P00368,0,0.7288135593220338,0.3220338983050847,0.7916666666666666,0.9873111428488264,5.860640039417042,1.492594678815524,2.347617168300187,2.550586473892072,0.4915254237288136,0.5084745762711864,0.4572284704766275,1.085543059046745,0.48243639419586987,52.50847457627118,0.5,0.35714285714285715,1.0,0.6153846153846154,0.5217391304347826,0.47619047619047616,0.4444444444444444,0.55,0.5217391304347826,0.45454545454545453,0.0,0.6,0.4,0.5,0.43478260869565216,59,1,0.017241379310344807
P00369,1,0.6,0.34545454545454546,1.3571428571428572,0.9848663976768915,2.4089351396061076,0.32981257717132473,2.361898208662399,1.7453894487922021,0.6727272727272727,0.32727272727272727,0.5272016037904917,0.9455967924190166,0.47951131258901347,46.89090909090909,0.3076923076923077,0.19047619047619047,1.0,0.75,0.375,0.6923076923076923,0.5384615384615384,0.75,0.6904761904761905,0.6666666666666666,0.0,0.5555555555555556,0.5555555555555556,0.5,0.625,55,1,-0.060846560846560815
P00370,0,0.7096774193548387,0.3225806451612903,0.8333333333333334,0.9934483466567303,6.138190322529815,1.6647616849923053,2.45702839876193,2.0067685677929887,0.5483870967741935,0.4516129032258065,0.5227250257894451,0.9545499484211097,0.391268790766607,51.08064516129032,0.38095238095238093,0.26666666666666666,1.0,0.6923076923076923,0.56,0.6842105263157895,0.44,0.5555555555555556,0.5227272727272727,0.6111111111111112,0.0,0.8333333333333334,0.4166666666666667,0.0,0.45454545454545453,62,2,-0.2580645161290322
P00371,0,0.803921568627451,0.35294117647058826,0.782608695652174,0.9522565427353834,6.166534573152515,1.4877263894775503,2.7068622253938432,2.684121424167312,0.49019607843137253,0.5098039215686274,0.4717615725483551,1.0564768549032897,0.4646792577846397,51.1764705882353,0.6,0.46153846153846156,1.0,0.6,0.5,0.4444444444444444,0.5,0.5333333333333333,0.41379310344827586,0.5714285714285714,1.0,0.7222222222222222,0.6111111111111112,0.3333333333333333,0.5,51,1,0.020000000000000018
P00372,0,0.6909090909090909,0.2,0.4074074074074074,0.9412577790193536,5.8864947616153005,1.6604601172462754,2.0487763896381432,2.109410013115891,0.7090909090909091,0.2909090909090909,0.5228567539593447,0.9542864920813103,0.33167087227454783,49.90909090909091,0.2857142857142857,0.1111111111111111,1.0,0.6,0.3571428571428571,0.8333333333333334,0.75,0.46153846153846156,0.6829268292682927,0.7692307692307693,1.0,0.6666666666666666,0.8888888888888888,0.125,0.6666666666666666,55,1,0.010582010582010581
P00373,0,0.64,0.28,0.7777777777777778,0.9939987916706561,5.834636032489437,1.591920945946243,2.4343430362715597,1.9149325185815402,0.5066666666666667,0.4933333333333333,0.4944500087830159,1.011099982433968,0.4861158847605784,46.88,0.34375,0.20833333333333334,1.0,0.4,0.6551724137931034,0.6666666666666666,0.4230769230769231,0.3684210526315789,0.47540983606557374,0.6428571428571429,0.0,0.8333333333333334,0.5,0.14285714285714285,0.42105263157894735,75,2,0.09317211948790899
P00374,0,0.7411764705882353,0.23529411764705882,0.46511627906976744,0.9421101542409618,5.814901312651637,1.509082782709583,1.8724900965002176,1.4560267641960418,0.4235294117647059,0.5764705882352941,0.41664180363992115,1.1667163927201574,0.46948462721512996,48.38823529411765,0.5833333333333334,0.6296296296296297,1.0,0.36363636363636365,0.5,0.4,0.5925925925925926,0.2608695652173913,0.3787878787878788,0.5789473684210527,0.0,0.7777777777777778,0.5555555555555556,0.14285714285714285,0.4090909090909091,85,2,-0.1982281284606866
P00375,0,0.7317073170731707,0.4268292682926829,1.4,0.9817148353180387,5.769956655582839,1.6218141333842924,2.6972621469465836,2.0883849670572334,0.5365853658536586,0.46341463414634143,0.5018165747082302,0.9963668505835397,0.43470728449801205,54.146341463414636,0.36666666666666664,0.2777777777777778,1.0,0.7083333333333334,0.64,0.6,0.30434782608695654,0.6470588235294118,0.5522388059701493,0.42857142857142855,1.0,0.8181818181818182,0.45454545454545453,0.75,0.47619047619047616,82,2,0.0
P00376,0,0.7,0.2833333333333333,0.68,0.9860539562950719,5.743758011174152,1.5432613916646227,2.429412138352934,2.9550329286509376,0.45,0.55,0.44803675733610265,1.1039264853277946,0.43259066501628607,53.81666666666667,0.5,0.42857142857142855,1.0,0.4666666666666667,0.5714285714285714,0.5263157894736842,0.3888888888888889,0.43478260869565216,0.5106382978723404,0.2,0.3333333333333333,0.7777777777777778,0.2222222222222222,0.2857142857142857,0.4,60,1,-0.033333333333333326
P00377,0,0.6981132075471698,0.32075471698113206,0.85,0.9958494506942106,5.649333181694332,1.5223975120527267,3.08068392543963,3.733198206406004,0.5094339622641509,0.49056603773584906,0.49511052090796986,1.0097789581840604,0.35441745907915156,50.0,0.3333333333333333,0.2222222222222222,1.0,0.4,0.6296296296296297,0.6470588235294118,0.38095238095238093,0.5333333333333333,0.4864864864864865,0.5714285714285714,0.5,0.8,0.6,0.0,0.47058823529411764,53,1,0.01851851851851849
P00378,0,0.7910447761194029,0.22388059701492538,0.39473684210526316,0.8955473650017822,5.8070225494917596,1.5700839766805053,1.6344497209743152,0.7745017026944834,0.47761194029850745,0.5223880597014925,0.44206879033978913,1.1158624193204214,0.41552132694381944,52.1044776119403,0.5714285714285714,0.5384615384615384,1.0,0.26666666666666666,0.3928571428571429,0.3684210526315789,0.68,0.34782608695652173,0.4716981132075472,0.5,0.0,0.625,0.5,0.2857142857142857,0.5,67,2,0.1051693404634581
P00379,0,0.72,0.29333333333333333,0.6875,0.9826961436683056,5.7180702930268446,1.4352715379184888,2.064740689746511,1.6538339660947212,0.56,0.43999999999999995,0.4928933546228547,1.0142132907542905,0.404022042053302,51.973333333333336,0.4166666666666667,0.3333333333333333,1.0,0.4,0.5555555555555556,0.6086956521739131,0.5172413793103449,0.5652173913043478,0.5263157894736842,0.7142857142857143,0.5,0.5454545454545454,0.6363636363636364,0.14285714285714285,0.65,75,2,0.19843527738264582
P00380,0,0.6615384615384615,0.2,0.43333333333333335,0.9515777477203978,5.917010828030359,1.7742144488940004,1.9603789847425717,1.4808358468080118,0.47692307692307695,0.523076923076923,0.4717786616926402,1.0564426766147197,0.43165853939941917,50.98461538461538,0.375,0.42857142857142855,1.0,0.3076923076923077,0.5925925925925926,0.6521739130434783,0.45,0.3181818181818182,0.4716981132075472,0.5,0.0,0.8571428571428571,0.5714285714285714,0.2857142857142857,0.5,65,2,-0.04545454545454547
P00381,1,0.6136363636363636,0.23863636363636365,0.6363636363636364,0.9804689525789286,2.4683728793610205,0.4477302558452636,1.8632481205886786,1.4323626206872173,0.4659090909090909,0.5340909090909092,0.4709141643113217,1.0581716713773566,0.43768501095488166,51.27272727272727,0.3333333333333333,0.10526315789473684,0.8571428571428571,0.4,0.71875,0.6875,0.3333333333333333,0.3448275862068966,0.417910447761194,0.5555555555555556,1.0,0.3076923076923077,0.5384615384615384,0.5555555555555556,0.41379310344827586,88,2,-0.022727272727272763
P00382,1,0.6265060240963856,0.20481927710843373,0.4857142857142857,0.9618745548436022,2.449409710484211,0.459164161381579,1.8801166172704917,1.7762083909670154,0.5662650602409639,0.4337349397590361,0.5017518945891697,0.9964962108216605,0.37550515431889614,47.373493975903614,0.2972972972972973,0.23809523809523808,1.0,0.6,0.5666666666666667,0.696969696969697,0.4827586206896552,0.47619047619047616,0.5714285714285714,0.5384615384615384,0.0,0.3333333333333333,0.3333333333333333,0.2857142857142857,0.56,83,2,0.010452961672473782
P00383,1,0.6538461538461539,0.2692307692307692,0.7,0.990349619697181,2.5167994510024676,0.43104556234591523,2.2760013320999963,2.1885566937894585,0.5961538461538461,0.40384615384615385,0.48404527346723086,1.0319094530655382,0.4706349672043595,52.05769230769231,0.2631578947368421,0.18181818181818182,1.0,0.6363636363636364,0.38095238095238093,0.7058823529411765,0.625,0.47368421052631576,0.5813953488372093,0.6666666666666666,0.0,0.5714285714285714,0.8571428571428571,0.14285714285714285,0.7777777777777778,52,1,-0.11538461538461542
P00384,0,0.7424242424242424,0.30303030303030304,0.6896551724137931,0.9762503488490852,5.692251052890624,1.6776308875913752,2.3681303997808714,1.8984298294423052,0.5909090909090909,0.40909090909090906,0.5085921807813869,0.9828156384372259,0.48190044973642165,47.27272727272727,0.5454545454545454,0.35,1.0,0.7272727272727273,0.21052631578947367,0.5,0.75,0.6,0.6222222222222222,0.5,1.0,0.8,0.6666666666666666,0.4444444444444444,0.6086956521739131,66,2,-0.1515151515151515
P00385,0,0.6619718309859155,0.352112676056338,1.1363636363636365,0.9987266554558074,5.75577466684924,1.4496673805110467,2.27930422521591,1.7366704792584189,0.4788732394366197,0.5211267605633803,0.43422159477299255,1.1315568104540148,0.5181780901283217,51.71830985915493,0.4230769230769231,0.35294117647058826,0.7777777777777778,0.3333333333333333,0.6153846153846154,0.5833333333333334,0.42857142857142855,0.4230769230769231,0.4915254237288136,0.4166666666666667,0.0,0.6,0.6,0.3333333333333333,0.7142857142857143,71,2,0.04285714285714287
P00386,0,0.6323529411764706,0.25,0.6538461538461539,0.9849255798817972,5.804699610701181,1.519696156196001,2.791154753206807,2.6442828537031917,0.5,0.5,0.46127898331799577,1.0774420333640085,0.5238160723419086,48.94117647058823,0.42424242424242425,0.30434782608695654,0.8,0.4666666666666667,0.5,0.5806451612903226,0.4666666666666667,0.4090909090909091,0.5333333333333333,0.43478260869565216,0.0,0.7857142857142857,0.42857142857142855,0.2857142857142857,0.52,68,2,-0.05882352941176472
P00387,0,0.7014925373134329,0.2537313432835821,0.5666666666666667,0.9727225539039444,5.61440107413643,1.6003141710188518,1.8903267682729237,1.5588377050978357,0.5373134328358209,0.4626865671641791,0.4738299362720791,1.0523401274558422,0.4249160715869763,49.46268656716418,0.4642857142857143,0.42857142857142855,1.0,0.6,0.46153846153846156,0.5,0.5555555555555556,0.5714285714285714,0.5087719298245614,0.7,0.0,0.7142857142857143,0.7142857142857143,0.25,0.6111111111111112,67,2,-0.2549019607843137
P00388,1,0.7068965517241379,0.39655172413793105,1.2777777777777777,0.991815637532877,2.4601348795851483,0.470841778704248,2.115504219288687,1.5690069812897445,0.39655172413793105,0.603448275862069,0.4337297497388482,1.1325405005223037,0.42586936949454013,49.58620689655172,0.5769230769230769,0.45454545454545453,1.0,0.5454545454545454,0.631578947368421,0.4782608695652174,0.15789473684210525,0.5625,0.4,0.375,0.0,0.8333333333333334,0.3333333333333333,0.3333333333333333,0.23529411764705882,58,1,-0.1724137931034483
P00389,1,0.7142857142857143,0.32857142857142857,0.8518518518518519,0.9931497855676201,2.450407948263922,0.4748675023277914,2.2129972332046863,1.8228271551457411,0.6285714285714286,0.37142857142857144,0.49123269241441725,1.0175346151711655,0.40607019326633464,51.42857142857143,0.37037037037037035,0.23529411764705882,1.0,0.5384615384615384,0.36,0.6666666666666666,0.6086956521739131,0.6086956521739131,0.6363636363636364,0.6,0.0,0.7272727272727273,0.5454545454545454,0.3333333333333333,0.6521739130434783,70,2,0.11428571428571432
P00390,1,0.6981132075471698,0.4339622641509434,1.6428571428571428,0.9789516793378692,2.4767760008730693,0.5009579302628453,2.5993323719876305,2.086691259001829,0.660377358490566,0.339622641509434,0.5185122070902263,0.9629755858195475,0.4240136056503331,51.9622641509434,0.38095238095238093,0.23076923076923078,1.0,0.7272727272727273,0.4444444444444444,0.7,0.5,0.7647058823529411,0.6666666666666666,0.6363636363636364,0.0,0.6666666666666666,0.8333333333333334,0.4444444444444444,0.6111111111111112,53,1,-0.06267806267806264
P00391,1,0.7142857142857143,0.38095238095238093,1.1428571428571428,0.9937866610055328,2.371722242052048,0.5264522340325505,2.540188301246696,1.8921757789388742,0.5873015873015873,0.4126984126984127,0.521385367425778,0.9572292651484441,0.3734842948430893,52.22222222222222,0.3181818181818182,0.07692307692307693,1.0,0.6666666666666666,0.5,0.6666666666666666,0.4,0.6818181818181818,0.6041666666666666,0.5714285714285714,0.0,0.6666666666666666,0.5,0.6,0.4375,63,2,-0.17741935483870963
P00392,0,0.6266666666666667,0.30666666666666664,0.9583333333333334,0.9966539810588864,5.621837756054247,1.6195216810048503,2.1048679864671116,1.6470714867050544,0.6266666666666667,0.3733333333333333,0.48881853594896285,1.0223629281020743,0.47720170612186874,48.306666666666665,0.38235294117647056,0.14285714285714285,1.0,0.6,0.5,0.7096774193548387,0.5185185185185185,0.6470588235294118,0.6774193548387096,0.3333333333333333,1.0,0.5454545454545454,0.2727272727272727,0.4166666666666667,0.5517241379310345,75,2,-0.04338549075391185
P00393,0,0.6385542168674698,0.3132530120481928,0.9629629629629629,0.998299318538497,5.382766096359734,1.4314022749166886,2.530572437325779,2.0948902464704746,0.6385542168674698,0.3614457831325302,0.5116704063118697,0.9766591873762606,0.43833945430220933,49.69879518072289,0.3055555555555556,0.2692307692307692,1.0,0.6153846153846154,0.43333333333333335,0.7142857142857143,0.52,0.6521739130434783,0.6716417910447762,0.4666666666666667,1.0,0.7272727272727273,0.45454545454545453,0.2222222222222222,0.625,83,2,-0.0876887340301975
P00394,0,0.625,0.26785714285714285,0.75,0.9906869009405157,5.821508267975076,1.6872953737331018,2.352892622106747,2.3616083310708698,0.6071428571428571,0.3928571428571429,0.5084315729810184,0.9831368540379631,0.45177385840229034,46.30357142857143,0.32142857142857145,0.2777777777777778,1.0,0.42857142857142855,0.47619047619047616,0.6923076923076923,0.5555555555555556,0.5,0.6590909090909091,0.5,0.0,0.5,0.4,0.4,0.6666666666666666,56,1,0.07142857142857151
P00395,0,0.75,0.3392857142857143,0.8260869565217391,0.9819560731160145,5.871324817646747,1.535198563507708,2.7369683149783235,2.32731162725174,0.5178571428571429,0.4821428571428571,0.4759071882372461,1.0481856235255078,0.4284536177955719,49.75,0.5217391304347826,0.3076923076923077,1.0,0.7777777777777778,0.6,0.5,0.4482758620689655,0.7777777777777778,0.5,0.5555555555555556,0.5,0.6923076923076923,0.3076923076923077,0.5,0.3684210526315789,56,1,-0.0357142857142857
P00396,1,0.6935483870967742,0.3225806451612903,0.8695652173913043,0.9969612240945336,2.5256972735129604,0.45173937602605285,2.2412805362593873,1.7521213100843445,0.5806451612903226,0.4193548387096774,0.49575551997632905,1.0084889600473417,0.43404420364326024,50.03225806451613,0.4,0.35,1.0,0.6666666666666666,0.6153846153846154,0.6296296296296297,0.5,0.5789473684210527,0.5416666666666666,0.7142857142857143,0.0,0.6666666666666666,0.7777777777777778,0.125,0.6956521739130435,62,2,0.19354838709677413
P00397,0,0.6545454545454545,0.36363636363636365,1.25,0.996015530062588,5.884101611116636,1.7959724056232862,2.4576344034362188,1.821731997649635,0.509090909090909,0.49090909090909096,0.5002012641318775,0.999597471736245,0.5047358532015853,46.14545454545455,0.37037037037037035,0.38095238095238093,1.0,0.5,0.6470588235294117,0.6206896551724138,0.2727272727272727,0.4666666666666667,0.46511627906976744,0.6,1.0,0.375,0.875,0.0,0.45454545454545453,55,1,-0.09126984126984128
P00398,1,0.6666666666666666,0.38271604938271603,1.3478260869565217,0.9933161522274853,2.388219236311513,0.4146963653732331,2.228307853726366,1.556966509370117,0.5802469135802469,0.41975308641975306,0.5272869292615525,0.945426141476895,0.3667270769228089,51.111111111111114,0.2222222222222222,0.25,1.0,0.75,0.6363636363636364,0.75,0.3076923076923077,0.6666666666666666,0.5238095238095238,0.7777777777777778,0.0,0.5714285714285714,0.7857142857142857,0.5555555555555556,0.6875,81,2,0.10914634146341462
P00399,1,0.6835443037974683,0.26582278481012656,0.6363636363636364,0.9839197967558421,2.4644430459696696,0.5005932144269328,2.1152738776561733,1.7600188239062657,0.6708860759493671,0.3291139240506329,0.5158718814290121,0.9682562371419758,0.39988854001330376,50.55696202531646,0.34375,0.3181818181818182,1.0,0.5882352941176471,0.36,0.6666666666666666,0.8,0.5769230769230769,0.6379310344827587,0.7619047619047619,0.0,0.8666666666666667,0.8666666666666667,0.25,0.8,79,2,0.008333333333333415
P00400,0,0.625,0.3,0.9230769230769231,0.996056665191545,5.795611740363169,1.6993754069916995,2.0802330978153605,1.5208161005610101,0.6,0.4,0.509182623642731,0.981634752714538,0.4502999259493456,49.45,0.23333333333333334,0.22727272727272727,1.0,0.5,0.5925925925925926,0.6764705882352942,0.5,0.5833333333333334,0.5735294117647058,0.75,0.0,1.0,0.8,0.38461538461538464,0.5185185185185185,80,2,-0.3
P00401,0,0.7413793103448276,0.3275862068965517,0.7916666666666666,0.983486947171862,5.6467571718958975,1.6970286563711832,2.461126891867756,2.0642496963057804,0.4482758620689655,0.5517241379310345,0.426875370006142,1.146249259987716,0.5012973202496468,51.275862068965516,0.5714285714285714,0.5882352941176471,0.8333333333333334,0.5384615384615384,0.5555555555555556,0.4,0.4117647058823529,0.5238095238095238,0.4666666666666667,0.36363636363636365,0.5,0.6666666666666666,0.2222222222222222,0.5,0.3333333333333333,58,1,-0.2068965517241379
P00402,0,0.7377049180327869,0.21311475409836064,0.40625,0.9274590968339086,5.785946448570025,1.9225457713919742,2.2018548287442403,2.5817690297176736,0.4262295081967213,0.5737704918032787,0.39696189640681756,1.2060762071863649,0.4002381941924923,49.73770491803279,0.6666666666666666,0.6428571428571429,1.0,0.4,0.52,0.36363636363636365,0.48,0.42857142857142855,0.43478260869565216,0.38461538461538464,0.5,0.8888888888888888,0.3333333333333333,0.0,0.16666666666666666,61,2,0.11720430107526886
P00403,0,0.6835443037974683,0.2911392405063291,0.7419354838709677,0.9925584326808131,5.624916791392206,1.5753738720179031,2.3793550069893903,2.176492215287927,0.4810126582278481,0.5189873417721519,0.446299577337214,1.107400845325572,0.45177146385401196,51.734177215189874,0.4444444444444444,0.35714285714285715,1.0,0.4166666666666667,0.5454545454545454,0.5833333333333334,0.4,0.48,0.48214285714285715,0.4,1.0,0.625,0.5625,0.5,0.4375,79,2,-0.16410256410256407
P00404,0,0.696969696969697,0.30303030303030304,0.7692307692307693,0.9926767253431079,5.675018544947631,1.5103352967247283,2.136475548687828,1.4920378326876589,0.6818181818181818,0.31818181818181823,0.5275243776857259,0.9449512446285481,0.4607898536678581,50.13636363636363,0.36,0.3333333333333333,0.875,0.7333333333333333,0.25,0.625,0.68,0.7647058823529411,0.6470588235294118,0.8,0.0,0.5454545454545454,0.7272727272727273,0.3076923076923077,0.64,66,2,-0.09090909090909094
P00405,0,0.5571428571428572,0.2714285714285714,0.95,0.9763236026241578,5.529139884253621,1.5752493186506051,2.2165484304228746,1.6718619824909613,0.6428571428571429,0.3571428571428571,0.5235454912175342,0.9529090175649315,0.42829579797811257,47.68571428571428,0.25806451612903225,0.1,1.0,0.5,0.3846153846153846,0.7931034482758621,0.45454545454545453,0.631578947368421,0.6037735849056604,0.75,1.0,0.5,0.75,0.42857142857142855,0.6363636363636364,70,2,-0.08571428571428574
P00406,0,0.6727272727272727,0.2,0.4230769230769231,0.9481262886616607,5.542382905974088,1.7083590037501748,1.7980422050652352,1.1876436915464186,0.5272727272727272,0.4727272727272728,0.4662430378384638,1.0675139243230725,0.5315581828971458,48.50909090909091,0.45,0.4444444444444444,1.0,0.4444444444444444,0.5217391304347826,0.5789473684210527,0.5454545454545454,0.42857142857142855,0.475,0.6428571428571429,1.0,0.6363636363636364,0.6363636363636364,0.5,0.375,55,1,0.23544973544973552
P00407,1,0.6935483870967742,0.3064516129032258,0.7916666666666666,0.9942214026267433,2.4894514527233635,0.46232468931475273,2.8999195862361744,3.293738992826466,0.6612903225806451,0.33870967741935487,0.524891894449104,0.950216211101792,0.3973109892394123,49.32258064516129,0.2608695652173913,0.29411764705882354,1.0,0.6666666666666666,0.34615384615384615,0.7727272727272727,0.6,0.6,0.7333333333333333,0.5,0.0,0.7272727272727273,0.5454545454545454,0.3333333333333333,0.6666666666666666,62,2,-0.29032258064516125
P00408,0,0.6037735849056604,0.20754716981132076,0.5238095238095238,0.9648309278581442,5.7948601637672965,1.5698714174517212,1.9065503481719928,1.2955873772157909,0.5660377358490566,0.4339622641509434,0.5049159938164953,0.9901680123670095,0.47906254120512426,46.924528301886795,0.2608695652173913,0.23529411764705882,0.5,0.4,0.6111111111111112,0.7142857142857143,0.5625,0.375,0.4634146341463415,0.9166666666666666,0.0,0.5714285714285714,1.0,0.16666666666666666,0.75,53,1,0.12962962962962965
P00409,1,0.6901408450704225,0.28169014084507044,0.6896551724137931,0.9882007389010925,2.371458034464055,0.4715825737970423,1.9001661360265616,1.4279426304496512,0.6056338028169014,0.3943661971830986,0.5307072297818288,0.9385855404363422,0.37580461988301006,47.76056338028169,0.3,0.21052631578947367,1.0,0.7272727272727273,0.5925925925925926,0.7777777777777778,0.52,0.47368421052631576,0.5737704918032787,0.8,0.0,0.5714285714285714,0.7142857142857143,0.25,0.6666666666666666,71,2,-0.04523809523809519
P00410,0,0.7058823529411765,0.32941176470588235,0.875,0.9953539405410697,5.504310203947964,1.6489602369030945,2.110934646182673,1.5521817338420383,0.6,0.4,0.4869487655973431,1.0261024688053137,0.45292112738907886,50.10588235294118,0.42857142857142855,0.2857142857142857,0.8888888888888888,0.6153846153846154,0.41666666666666663,0.5882352941176471,0.59375,0.631578947368421,0.5675675675675675,0.8181818181818182,0.0,1.0,1.0,0.38461538461538464,0.6785714285714286,85,2,-0.08471760797342198
P00411,1,0.7547169811320755,0.33962264150943394,0.8181818181818182,0.979821075852288,2.4617761619766028,0.5561640100423031,2.452164131054047,2.161595876794337,0.5849056603773585,0.41509433962264153,0.4981309238268053,1.0037381523463893,0.4406241845431688,50.679245283018865,0.375,0.25,0.75,0.8,0.5,0.7142857142857143,0.5416666666666666,0.5333333333333333,0.525,0.7692307692307693,0.0,0.75,0.875,0.5,0.625,53,1,-0.13532763532763536
P00412,0,0.6951219512195121,0.2804878048780488,0.6764705882352942,0.9864601935004447,5.911205536232726,1.6531105141031632,2.8791849479842058,2.993460134915764,0.5487804878048781,0.4512195121951219,0.4664802662266906,1.0670394675466188,0.44392581085899513,46.84146341463415,0.4473684210526316,0.44,1.0,0.7142857142857143,0.40625,0.6111111111111112,0.5454545454545454,0.38461538461538464,0.5263157894736842,0.6363636363636364,0.3333333333333333,0.8666666666666667,0.6666666666666666,0.16666666666666666,0.7,82,2,0.024390243902439046
P00413,0,0.7272727272727273,0.3068181818181818,0.7297297297297297,0.9841008947991805,5.920543159274527,1.6775890744065642,2.2681064740297385,1.704291347291321,0.4659090909090909,0.5340909090909092,0.46611776159239793,1.0677644768152041,0.4721752243969167,47.5,0.5142857142857142,0.37037037037037035,1.0,0.3,0.6,0.5294117647058824,0.47058823529411764,0.35,0.4,0.6818181818181818,0.0,0.75,0.5,0.5714285714285714,0.35,88,2,0.06818181818181818
P00414,0,0.6956521739130435,0.3333333333333333,0.92,0.9977028611728441,5.666156456453848,1.6631650738559165,2.5472088068522774,2.273032032181541,0.4927536231884058,0.5072463768115942,0.43430553853030185,1.1313889229393963,0.44650750479656304,46.869565217391305,0.5,0.4166666666666667,1.0,0.4444444444444444,0.5757575757575757,0.5172413793103449,0.41379310344827586,0.6363636363636364,0.49056603773584906,0.4666666666666667,1.0,0.8,0.5,0.0,0.6923076923076923,69,2,0.10168067226890753
P00415,0,0.6710526315789473,0.35526315789473684,1.125,0.9989031256913786,5.676082844024627,1.3724755240431412,2.5528359155693203,2.2854354989826176,0.4868421052631579,0.513157894736842,0.4747132683239588,1.050573463352082,0.43260523485429364,49.0,0.3939393939393939,0.4,1.0,0.6428571428571429,0.6363636363636364,0.5882352941176471,0.23809523809523808,0.5714285714285714,0.49230769230769234,0.4,1.0,0.8,0.4,0.3076923076923077,0.45454545454545453,76,2,0.0789473684210526
P00416,0,0.6024096385542169,0.21686746987951808,0.5625,0.9699945717536302,5.779730482064698,1.6731359939906192,1.767512792634346,0.7795687504197438,0.5662650602409639,0.4337349397590361,0.4911054309327671,1.017789138134466,0.4347309284990578,51.25301204819277,0.26666666666666666,0.2857142857142857,1.0,0.5333333333333333,0.6333333333333333,0.7142857142857143,0.5,0.4782608695652174,0.5373134328358209,0.6875,0.0,0.6,0.9,0.4444444444444444,0.56,83,2,0.15505226480836243
P00417,1,0.7721518987341772,0.43037974683544306,1.2592592592592593,0.9710274849874845,2.4333501534402404,0.44269246046633665,2.4655866274531495,1.9080648327280796,0.620253164556962,0.379746835443038,0.49462308689773976,1.0107538262045206,0.4134782128206746,52.12658227848101,0.42857142857142855,0.3125,1.0,0.4375,0.3928571428571429,0.6153846153846154,0.5769230769230769,0.6666666666666666,0.6,0.75,0.5,0.7777777777777778,0.6666666666666666,0.5555555555555556,0.7083333333333334,79,2,0.060256410256410264
P00418,0,0.6507936507936508,0.31746031746031744,0.9523809523809523,0.9993117282352348,5.845269250729224,1.5001168452383693,2.3191919128916973,1.9045498611695983,0.5555555555555556,0.4444444444444444,0.45505157067976765,1.0898968586404651,0.5283105726940671,47.42857142857143,0.4838709677419355,0.3684210526315789,1.0,0.6363636363636364,0.4285714285714286,0.5517241379310345,0.5555555555555556,0.5625,0.5769230769230769,0.4,1.0,0.7142857142857143,0.42857142857142855,0.0,0.5263157894736842,63,2,-0.04939516129032262
P00419,0,0.6857142857142857,0.2571428571428571,0.6,0.9795359974263661,5.4104068579065405,1.4370322187347928,2.297552918498916,2.486801030888035,0.5285714285714286,0.4714285714285714,0.46415628944426,1.07168742111148,0.4307969092183665,52.6,0.4782608695652174,0.5,0.8888888888888888,0.6428571428571429,0.4444444444444444,0.5652173913043478,0.5185185185185185,0.5,0.5094339622641509,0.6,0.5,0.6666666666666666,0.5833333333333334,0.125,0.5,70,2,-0.14285714285714285
P00420,0,0.7590361445783133,0.27710843373493976,0.575,0.9560536488844846,5.63645321209402,1.699140537344717,2.120590786456472,1.8462235208258508,0.5542168674698795,0.4457831325301205,0.46921309383444365,1.0615738123311127,0.42536842103655104,50.68674698795181,0.6129032258064516,0.5,1.0,0.46153846153846156,0.4375,0.48148148148148145,0.5833333333333334,0.6,0.515625,0.6470588235294118,1.0,0.7333333333333333,0.6666666666666666,0.3,0.5,83,2,-0.013356562137049943
P00421,0,0.5849056603773585,0.24528301886792453,0.7222222222222222,0.979821075852288,5.9020707536618975,1.3999131951733288,2.469816839933019,2.2278715234690427,0.6037735849056604,0.39622641509433965,0.47976895612679304,1.040462087746414,0.46933685696657435,50.9811320754717,0.3,0.2857142857142857,0.8571428571428571,0.5454545454545454,0.5263157894736843,0.65,0.5,0.6666666666666666,0.627906976744186,0.4444444444444444,1.0,0.8571428571428571,0.2857142857142857,0.3333333333333333,0.631578947368421,53,1,-0.1737891737891738
P00422,1,0.671875,0.25,0.5925925925925926,0.9797094126636956,2.416112278859616,0.42423213983472796,1.8379739326574451,1.167243571851219,0.59375,0.40625,0.5132033598195649,0.97359328036087,0.4137796388005349,47.84375,0.4074074074074074,0.2777777777777778,1.0,0.375,0.46153846153846156,0.6956521739130435,0.52,0.5625,0.56,0.7142857142857143,0.0,0.6363636363636364,0.7272727272727273,0.3333333333333333,0.5625,64,2,0.0
P00423,0,0.6811594202898551,0.2608695652173913,0.6206896551724138,0.9824270562257994,5.522659112393736,1.7517937793106089,2.3141171118462385,2.1786668458913114,0.4927536231884058,0.5072463768115942,0.450094054995954,1.0998118900080918,0.4999484998053877,50.18840579710145,0.5,0.38095238095238093,0.875,0.38461538461538464,0.6363636363636364,0.625,0.5238095238095238,0.3333333333333333,0.46153846153846156,0.5625,1.0,0.8181818181818182,0.6363636363636364,0.3333333333333333,0.43478260869565216,69,2,0.043697478991596594
P00424,0,0.7377049180327869,0.22950819672131148,0.45161290322580644,0.9401052232495106,5.853870737517218,1.4089716652740512,2.320902531631778,1.7561606085531374,0.4918032786885246,0.5081967213114754,0.4419295431766169,1.116140913646766,0.4487443837749981,48.73770491803279,0.5416666666666666,0.5384615384615384,1.0,0.5714285714285714,0.33333333333333337,0.43478260869565216,0.625,0.35714285714285715,0.5,0.47058823529411764,0.5,0.5,0.625,0.25,0.5789473684210527,61,2,-0.016129032258064502
P00425,0,0.6909090909090909,0.23636363636363636,0.52,0.9668802869474055,5.801593957584068,1.6650380685399864,1.9557315237441246,1.494522805994028,0.6181818181818182,0.38181818181818183,0.5267116687556348,0.9465766624887301,0.42656268115882606,53.67272727272727,0.34782608695652173,0.42857142857142855,1.0,0.42857142857142855,0.4666666666666667,0.7142857142857143,0.6666666666666666,0.47368421052631576,0.5909090909090909,0.7,1.0,0.7142857142857143,0.7142857142857143,0.0,0.6666666666666666,55,1,-0.09523809523809523
P00426,0,0.5730337078651685,0.24719101123595505,0.7586206896551724,0.9777999413105951,5.430878137018784,1.818497376213009,2.2309785408396596,2.064001025200518,0.6741573033707865,0.3258426966292135,0.5276607156543058,0.9446785686913883,0.4141204258731236,46.73033707865169,0.2916666666666667,0.23333333333333334,0.875,0.5384615384615384,0.28,0.7906976744186046,0.6190476190476191,0.52,0.6666666666666666,0.7142857142857143,0.0,0.6666666666666666,0.7777777777777778,0.3333333333333333,0.7391304347826086,89,2,-0.015151515151515138
P00427,1,0.6,0.29411764705882354,0.9615384615384616,0.99105447748045,2.425867778985076,0.48360782661804363,2.070274144785332,1.5280858538909827,0.5764705882352941,0.42352941176470593,0.5016361093592572,0.9967277812814859,0.4047794411347843,47.63529411764706,0.3333333333333333,0.3076923076923077,1.0,0.5384615384615384,0.5161290322580645,0.6756756756756757,0.391304347826087,0.6,0.5882352941176471,0.4666666666666667,1.0,0.25,0.625,0.0,0.5217391304347826,85,2,0.009966777408637939
P00428,0,0.803921568627451,0.35294117647058826,0.782608695652174,0.9522565427353834,5.941447220240627,1.4674306814452882,2.4862894675644625,2.532752053996491,0.45098039215686275,0.5490196078431373,0.42792211143674747,1.1441557771265052,0.42596818251068386,52.431372549019606,0.5625,0.5555555555555556,1.0,0.25,0.55,0.4666666666666667,0.47368421052631576,0.4117647058823529,0.46511627906976744,0.2857142857142857,1.0,0.8571428571428571,0.2857142857142857,0.5,0.5384615384615384,51,1,0.3353846153846154
P00429,0,0.6419753086419753,0.20987654320987653,0.4857142857142857,0.9630217907314806,5.841743147141115,1.5416328752048152,2.0217734386729744,1.6404628045362672,0.6296296296296297,0.37037037037037035,0.5108211660025157,0.9783576679949688,0.39141929756309884,49.160493827160494,0.23529411764705882,0.20833333333333334,0.8571428571428571,0.2727272727272727,0.3939393939393939,0.8,0.5833333333333334,0.5,0.576271186440678,0.7727272727272727,0.0,0.8,0.7333333333333333,0.21428571428571427,0.59375,81,2,-0.040243902439024426
P00430,0,0.7142857142857143,0.3142857142857143,0.7857142857142857,0.9905400268439299,5.833113991280093,1.5231411208276782,2.360122185457839,2.126354472660648,0.44285714285714284,0.5571428571428572,0.4345910728206726,1.130817854358655,0.45122599571718136,49.82857142857143,0.5555555555555556,0.4444444444444444,0.6,0.3333333333333333,0.6296296296296297,0.46153846153846156,0.42857142857142855,0.4375,0.4716981132075472,0.35294117647058826,0.0,0.875,0.25,0.3333333333333333,0.47058823529411764,70,2,0.02857142857142858
P00431,0,0.6349206349206349,0.4444444444444444,2.3333333333333335,0.9504127752432848,5.539805797939757,1.6747035342019116,2.9920824874817207,3.526682616073035,0.6031746031746031,0.39682539682539686,0.4812940307447162,1.0374119385105678,0.4411381089559049,50.42857142857143,0.2608695652173913,0.21428571428571427,1.0,0.75,0.64,0.7391304347826086,0.3333333333333333,0.7368421052631579,0.5818181818181818,0.7142857142857143,1.0,0.8,0.8,0.5,0.6842105263157895,63,2,0.04435483870967738
P00432,0,0.7164179104477612,0.23880597014925373,0.5,0.957858275605055,5.824261204298681,1.8304096112609618,2.8882604607481546,3.813379217408693,0.5373134328358209,0.4626865671641791,0.45907890915622634,1.0818421816875472,0.47111964074990337,48.35820895522388,0.4666666666666667,0.3,0.8333333333333334,0.18181818181818182,0.41666666666666663,0.5714285714285714,0.6818181818181818,0.29411764705882354,0.5769230769230769,0.3333333333333333,0.6666666666666666,0.8181818181818182,0.45454545454545453,0.0,0.4117647058823529,67,2,0.04367201426024958
P00433,0,0.725,0.2375,0.48717948717948717,0.9527468523304676,5.551613066388256,1.8028951938330213,2.3332746595985667,2.7945959624273997,0.45,0.55,0.39780142318761824,1.2043971536247635,0.4605322971124452,51.2,0.5925925925925926,0.55,0.6666666666666666,0.35714285714285715,0.5142857142857142,0.4074074074074074,0.6071428571428571,0.32,0.4461538461538462,0.5,0.0,0.6,0.4,0.23076923076923078,0.4,80,2,-0.09999999999999998
P00434,0,0.7101449275362319,0.3188405797101449,0.8148148148148148,0.9926643434472284,6.2303218692263105,1.5156503546361468,2.342017725128781,2.2481537360949786,0.5072463768115942,0.49275362318840576,0.43621208391979777,1.1275758321604046,0.4702773094771919,50.56521739130435,0.4827586206896552,0.3888888888888889,0.8,0.4166666666666667,0.5714285714285714,0.56,0.5185185185185185,0.4117647058823529,0.49019607843137253,0.5555555555555556,0.0,0.6428571428571429,0.5714285714285714,0.3333333333333333,0.47058823529411764,69,2,0.014285714285714235
P00435,0,0.6585365853658537,0.2804878048780488,0.7419354838709677,0.9932628312243988,5.894889247847474,1.5252381073739598,2.0054158052944553,1.5215298342245518,0.5609756097560976,0.4390243902439024,0.4637551922359752,1.0724896155280494,0.48782511489111857,47.6219512195122,0.4857142857142857,0.48148148148148145,1.0,0.4,0.4482758620689655,0.5882352941176471,0.5,0.5909090909090909,0.5,0.7272727272727273,0.0,0.5,0.7142857142857143,0.2857142857142857,0.6666666666666666,82,2,-0.04878048780487798
P00436,0,0.7142857142857143,0.30952380952380953,0.7647058823529411,0.9894360138608581,5.67152228126437,1.578285620906612,2.406041018314658,2.5626018251741804,0.5476190476190477,0.45238095238095233,0.493805863887506,1.0123882722249882,0.4605292358300883,47.773809523809526,0.48717948717948717,0.42857142857142855,1.0,0.5714285714285714,0.48,0.55,0.5238095238095238,0.5652173913043478,0.484375,0.7142857142857143,0.8333333333333334,0.5,0.7142857142857143,0.1,0.4166666666666667,84,2,-0.09523809523809523
P00437,0,0.7014925373134329,0.22388059701492538,0.46875,0.954738487340408,5.614266333571184,1.6771020715841687,1.633714349754027,1.1077576648426257,0.5223880597014925,0.4776119402985075,0.4895814253460227,1.0208371493079547,0.3970181075650495,46.43283582089552,0.41935483870967744,0.4444444444444444,1.0,0.4,0.40909090909090906,0.5862068965517241,0.5882352941176471,0.38095238095238093,0.5081967213114754,0.6666666666666666,0.0,0.75,0.5,0.0,0.6,67,2,-0.22459893048128343
P00438,1,0.7358490566037735,0.2641509433962264,0.56,0.9627921557345267,2.379539486535174,0.37199945711053406,2.054103858598723,1.8126336517979953,0.6981132075471698,0.30188679245283023,0.5108712552941506,0.9782574894116989,0.39352906121824316,48.867924528301884,0.47619047619047616,0.2857142857142857,1.0,0.6666666666666666,0.2272727272727273,0.5714285714285714,0.8,0.75,0.6888888888888889,0.7142857142857143,1.0,1.0,0.6666666666666666,0.1111111111111111,0.6842105263157895,53,1,-0.13960113960113962
P00439,1,0.6447368421052632,0.25,0.6333333333333333,0.9841108459371499,2.447651107628683,0.49208488731569366,2.0354104925326872,1.7891135444101014,0.7105263157894737,0.2894736842105263,0.5580295763087529,0.8839408473824941,0.3980462680410618,46.48684210526316,0.22580645161290322,0.23076923076923078,1.0,0.8333333333333334,0.32258064516129037,0.7428571428571429,0.7272727272727273,0.631578947368421,0.6779661016949152,0.7857142857142857,1.0,0.5,0.75,0.2,0.6,76,2,0.05263157894736836
P00440,0,0.7,0.31666666666666665,0.8260869565217391,0.9947894447846156,5.837575500158787,1.4543177818353792,2.5883772182456655,2.6359335927724117,0.6333333333333333,0.3666666666666667,0.5492636406002387,0.9014727187995228,0.39603322558863163,50.93333333333333,0.32,0.2,1.0,0.5,0.4117647058823529,0.7727272727272727,0.5882352941176471,0.5238095238095238,0.6097560975609756,0.7222222222222222,0.0,0.7692307692307693,0.7692307692307693,0.6666666666666666,0.55,60,1,0.06666666666666665
P00441,0,0.7846153846153846,0.3230769230769231,0.7,0.9580964863548473,5.797530649218861,1.7458317468241855,1.763750232213974,0.8257309637111288,0.5384615384615384,0.46153846153846156,0.4449971074501695,1.110005785099661,0.3659420732681883,50.323076923076925,0.68,0.5714285714285714,1.0,0.5,0.33333333333333337,0.34782608695652173,0.5789473684210527,0.6956521739130435,0.5357142857142857,0.5555555555555556,0.0,0.7142857142857143,0.5714285714285714,0.5384615384615384,0.5625,65,2,0.014204545454545414
P00442,0,0.56,0.32,1.3333333333333333,0.9724616681466847,5.7372934446364034,1.4252155172019776,2.8575678057313403,2.4458454342555274,0.64,0.36,0.4935514671766425,1.0128970656467151,0.44982609530543416,48.013333333333335,0.28125,0.2,0.8,0.875,0.5,0.7586206896551724,0.4074074074074074,0.7894736842105263,0.6666666666666666,0.5333333333333333,0.0,0.5,0.5833333333333334,0.14285714285714285,0.5909090909090909,75,2,-0.3371266002844951
P00443,1,0.6962025316455697,0.379746835443038,1.2,0.9955628780447023,2.3933635506499433,0.5085124632238591,2.3044613912598497,1.7052053596246604,0.6582278481012658,0.3417721518987342,0.5328341314028177,0.9343317371943646,0.43859429641964737,51.607594936708864,0.3548387096774194,0.3333333333333333,1.0,0.7647058823529411,0.3913043478260869,0.6896551724137931,0.5555555555555556,0.6875,0.6615384615384615,0.6153846153846154,1.0,0.6,0.6,0.375,0.6521739130434783,79,2,0.033974358974358965
P00444,0,0.6666666666666666,0.30864197530864196,0.8620689655172413,0.9983336562085731,5.97317938956096,1.766873952586868,2.4957233951699527,3.013597371234805,0.5432098765432098,0.45679012345679015,0.49465839546337426,1.0106832090732512,0.4265851193184466,51.58024691358025,0.2857142857142857,0.2,0.8888888888888888,0.7692307692307693,0.5142857142857142,0.6521739130434783,0.42857142857142855,0.6086956521739131,0.4918032786885246,0.6842105263157895,1.0,0.5625,0.75,0.3333333333333333,0.6,81,2,-0.06280487804878043
P00445,0,0.7123287671232876,0.273972602739726,0.625,0.9782001019266439,5.878629678115303,1.8224485651432267,3.0225947251135232,3.5820743874193974,0.3835616438356164,0.6164383561643836,0.41684330839552025,1.1663133832089594,0.5231343966911389,47.397260273972606,0.6060606060606061,0.56,0.8571428571428571,0.36363636363636365,0.6799999999999999,0.42424242424242425,0.391304347826087,0.29411764705882354,0.32653061224489793,0.5,0.5,0.6153846153846154,0.38461538461538464,0.2857142857142857,0.16666666666666666,73,2,-0.33933933933933935
P00446,0,0.6181818181818182,0.2727272727272727,0.7894736842105263,0.9913872253831579,5.370361781369988,1.5425267068485473,3.1013242897068913,2.717174129389169,0.5454545454545454,0.4545454545454546,0.49565727469906945,1.008685450601861,0.4953173868786019,45.92727272727273,0.2692307692307692,0.2631578947368421,0.75,0.5,0.55,0.7307692307692307,0.4444444444444444,0.2727272727272727,0.5952380952380952,0.4166666666666667,0.0,0.8333333333333334,0.3333333333333333,0.14285714285714285,0.6,55,1,0.12566137566137564
P00447,0,0.5660377358490566,0.24528301886792453,0.7647058823529411,0.9755039966949196,5.6316680973070445,1.648453912690402,2.1210069007434647,1.4156813420373702,0.5660377358490566,0.4339622641509434,0.5009736047225428,0.9980527905549145,0.4657910640538684,45.22641509433962,0.3076923076923077,0.2222222222222222,0.0,0.6,0.5294117647058824,0.68,0.4666666666666667,0.46153846153846156,0.525,0.6666666666666666,1.0,0.3333333333333333,0.7777777777777778,0.3333333333333333,0.6666666666666666,53,1,-0.02136752136752129
P00448,0,0.6375,0.375,1.4285714285714286,0.9891986003502492,6.094446704686296,1.5143368837427262,2.7105004995688,2.4966086613990592,0.4625,0.5375,0.45085501334173533,1.0982899733165294,0.4849032611974785,48.25,0.3548387096774194,0.2608695652173913,1.0,0.6923076923076923,0.75,0.6551724137931034,0.24242424242424243,0.5555555555555556,0.421875,0.625,0.0,0.6153846153846154,0.6923076923076923,0.2857142857142857,0.5384615384615384,80,2,0.024999999999999967
P00449,0,0.5822784810126582,0.379746835443038,1.875,0.9609855222119358,5.764196952390801,1.569486783572312,3.2009531362151336,2.9823570581100447,0.6075949367088608,0.3924050632911392,0.5243389836890222,0.9513220326219556,0.4309033446192178,49.265822784810126,0.21212121212121213,0.09523809523809523,0.8571428571428571,0.6666666666666666,0.6,0.8928571428571429,0.3,0.6666666666666666,0.603448275862069,0.631578947368421,0.5,0.5454545454545454,0.45454545454545453,0.0,0.52,79,2,0.03525641025641024
P00450,0,0.6923076923076923,0.2692307692307692,0.6363636363636364,0.982944886316156,6.150918862370062,1.5509511037750845,2.173549123713297,1.7049692410695123,0.6923076923076923,0.3076923076923077,0.5493998906251938,0.9012002187496123,0.4041433466642279,46.96153846153846,0.4,0.2777777777777778,1.0,0.7777777777777778,0.2941176470588235,0.6521739130434783,0.7058823529411765,0.75,0.675,0.75,0.0,0.7777777777777778,0.7777777777777778,0.2857142857142857,0.6,52,1,0.0
P00451,0,0.6235294117647059,0.3411764705882353,1.2083333333333333,0.993734259882995,5.8119688265717,1.6645098925927673,2.941535098013911,2.668799121762456,0.6470588235294118,0.3529411764705882,0.5124013437623051,0.97519731247539,0.43805968211630747,48.48235294117647,0.23529411764705882,0.1,1.0,0.7,0.4242424242424242,0.7428571428571429,0.5,0.6818181818181818,0.6666666666666666,0.55,1.0,0.6428571428571429,0.5714285714285714,0.3,0.6923076923076923,85,2,-0.03875968992248058
P00452,0,0.6179775280898876,0.3595505617977528,1.391304347826087,0.9876858902098508,5.65968493103011,1.5731299989073568,2.9587357642717,3.2734988928431714,0.6741573033707865,0.3258426966292135,0.5223540491672283,0.9552919016655433,0.44459064171826024,51.41573033707865,0.2647058823529412,0.13636363636363635,1.0,0.8235294117647058,0.5483870967741935,0.8181818181818182,0.4838709677419355,0.72,0.671875,0.6956521739130435,0.5,0.5789473684210527,0.6842105263157895,0.5,0.6428571428571429,89,2,-0.015151515151515138
P00453,0,0.7108433734939759,0.30120481927710846,0.7352941176470589,0.9883478971630023,5.4534567054749,1.4897533877509073,1.9250089806337949,1.1046411560691145,0.6024096385542169,0.3975903614457831,0.5078588085880519,0.9842823828238961,0.40960463703954497,50.626506024096386,0.32142857142857145,0.21052631578947367,0.8571428571428571,0.5,0.42105263157894735,0.6666666666666666,0.59375,0.5416666666666666,0.5294117647058824,0.9333333333333333,0.0,0.7272727272727273,1.0,0.4,0.7307692307692307,83,2,-0.014518002322880363
P00454,0,0.6621621621621622,0.44594594594594594,2.0625,0.9629193488204575,5.665471153405553,1.652698668510136,2.6771540208991635,2.019797793002293,0.5135135135135135,0.4864864864864865,0.418267256079064,1.1634654878418722,0.48425225128781957,46.58108108108108,0.48717948717948717,0.6086956521739131,1.0,0.3333333333333333,0.5,0.5555555555555556,0.3,0.6666666666666666,0.5178571428571429,0.47058823529411764,1.0,0.46153846153846156,0.6153846153846154,0.36363636363636365,0.5238095238095238,74,2,0.10810810810810806
P00455,0,0.7317073170731707,0.34146341463414637,0.875,0.9895273808511967,5.5399357001802905,1.608535511529224,2.913870086882364,2.799550698613913,0.5,0.5,0.4615328886852075,1.0769342226295853,0.44461722592958375,48.853658536585364,0.45714285714285713,0.42857142857142855,1.0,0.4166666666666667,0.5454545454545454,0.5428571428571428,0.4444444444444444,0.5,0.49122807017543857,0.45454545454545453,1.0,0.6470588235294118,0.5294117647058824,0.75,0.38095238095238093,82,2,-0.12195121951219517
P00456,1,0.6031746031746031,0.19047619047619047,0.46153846153846156,0.9538180472445676,2.385550780619547,0.4197522616235931,1.6940048489756006,0.746509164127315,0.6349206349206349,0.3650793650793651,0.5208130544365767,0.9583738911268469,0.4305383997036465,45.96825396825397,0.3,0.23809523809523808,1.0,0.125,0.30000000000000004,0.7586206896551724,0.631578947368421,0.4,0.6,0.75,1.0,0.42857142857142855,0.7142857142857143,0.4,0.8571428571428571,63,2,-0.14717741935483875
P00457,0,0.7466666666666667,0.36,0.9310344827586207,0.9858266262773163,5.549872494789744,1.5523786376456021,2.361633432633158,1.8509939889008997,0.6133333333333333,0.3866666666666667,0.4852459035016878,1.0295081929966243,0.4136070644146497,51.42666666666667,0.48,0.42857142857142855,1.0,0.9,0.38888888888888884,0.5789473684210527,0.53125,0.75,0.6607142857142857,0.47368421052631576,0.0,0.9090909090909091,0.36363636363636365,0.5,0.6333333333333333,75,2,-0.12304409672830718
P00458,0,0.6986301369863014,0.3013698630136986,0.7586206896551724,0.9918626497669794,5.919641945035461,1.6141440301376446,2.406937752529357,2.0942913524045546,0.6164383561643836,0.3835616438356164,0.4903440538664535,1.019311892267093,0.4534851487953525,50.32876712328767,0.45161290322580644,0.36363636363636365,0.8888888888888888,0.6363636363636364,0.5,0.6428571428571429,0.5769230769230769,0.631578947368421,0.6111111111111112,0.6470588235294118,0.5,0.5,0.625,0.5,0.6,73,2,-0.15390390390390385
P00459,0,0.7303370786516854,0.24719101123595505,0.5116279069767442,0.9560662537571311,5.5728158887056,1.4024676676350103,2.0465076115773266,1.7033105202860217,0.43820224719101125,0.5617977528089888,0.4390539650486136,1.1218920699027728,0.4624724791538638,52.52808988764045,0.5172413793103449,0.5,0.8888888888888888,0.25,0.5,0.4666666666666667,0.5333333333333333,0.3103448275862069,0.45714285714285713,0.3888888888888889,0.0,0.8,0.3333333333333333,0.15384615384615385,0.5,89,2,0.012626262626262597
P00460,0,0.5555555555555556,0.3492063492063492,1.6923076923076923,0.9589079244247423,5.628364689189748,1.5177971754626616,2.4660747032410018,1.6740632033224527,0.6507936507936508,0.3492063492063492,0.5432249607422326,0.9135500785155349,0.40534993462445695,49.01587301587302,0.21428571428571427,0.10526315789473684,1.0,0.8181818181818182,0.65,0.875,0.35,0.6842105263157895,0.6666666666666666,0.5833333333333334,0.0,0.625,0.5,0.6666666666666666,0.5294117647058824,63,2,-0.11592741935483875
P00461,0,0.7741935483870968,0.20967741935483872,0.37142857142857144,0.8978189457126039,5.725668848663832,1.6291340826359604,1.7474017546691705,1.2435077703680502,0.4838709677419355,0.5161290322580645,0.4780234735821409,1.0439530528357184,0.4778761962946856,46.935483870967744,0.5555555555555556,0.5,1.0,0.4,0.5,0.5,0.6521739130434783,0.23529411764705882,0.4,0.6875,1.0,0.5833333333333334,0.6666666666666666,0.3333333333333333,0.3888888888888889,62,2,-0.12903225806451607
P00462,0,0.6781609195402298,0.22988505747126436,0.5128205128205128,0.9671420510396603,5.537874702439694,1.5430115111547231,2.6488613817279503,3.153878062734063,0.5632183908045977,0.4367816091954023,0.48645578169721665,1.0270884366055666,0.4586392099136814,52.11494252873563,0.42424242424242425,0.2916666666666667,1.0,0.47619047619047616,0.5172413793103448,0.5454545454545454,0.6206896551724138,0.52,0.46875,0.8333333333333334,0.8,0.625,0.75,0.3333333333333333,0.5925925925925926,87,2,-0.08192389006342493
P00463,1,0.7368421052631579,0.35526315789473684,0.9310344827586207,0.9890697036468421,2.4103287677077994,0.4712647474164829,2.084229273123914,1.3852601702470755,0.4868421052631579,0.513157894736842,0.46971413882990526,1.0605717223401894,0.40880346778712745,50.98684210526316,0.5,0.42857142857142855,1.0,0.6153846153846154,0.5151515151515151,0.52,0.42857142857142855,0.5217391304347826,0.4406779661016949,0.6470588235294118,0.0,0.6923076923076923,0.6153846153846154,0.4,0.5,76,2,0.13157894736842113
P00464,0,0.7101449275362319,0.2318840579710145,0.48484848484848486,0.9563122945329281,5.858221174715184,1.600230784198327,2.0492309237866984,1.8527318770098582,0.5942028985507246,0.4057971014492754,0.4965609783693173,1.0068780432613653,0.34126499657312925,49.82608695652174,0.4,0.23076923076923078,0.0,0.7142857142857143,0.46341463414634143,0.7083333333333334,0.6153846153846154,0.42105263157894735,0.5555555555555556,0.7333333333333333,0.0,0.9,0.8,0.2222222222222222,0.6956521739130435,69,2,0.0117647058823529
P00465,0,0.6949152542372882,0.3050847457627119,0.782608695652174,0.9936257629881592,5.580438163716069,1.7061872365231743,2.0069401495838304,1.238914564145723,0.576271186440678,0.423728813559322,0.5094319021828073,0.9811361956343855,0.42699069784060056,49.728813559322035,0.375,0.3333333333333333,1.0,0.7272727272727273,0.5238095238095238,0.6086956521739131,0.5263157894736842,0.5882352941176471,0.5294117647058824,0.875,0.0,0.6666666666666666,1.0,0.16666666666666666,0.5882352941176471,59,1,-0.08735632183908049
P00466,0,0.6349206349206349,0.23809523809523808,0.6,0.9797131945380652,5.759563691158253,1.5911042917477285,2.1579485937052754,2.0751678683214725,0.5238095238095238,0.47619047619047616,0.4696283087137588,1.0607433825724824,0.45170478678691456,50.142857142857146,0.39285714285714285,0.14285714285714285,0.8333333333333334,0.4,0.5789473684210527,0.6071428571428571,0.4666666666666667,0.45,0.5294117647058824,0.5,0.0,0.5714285714285714,0.5714285714285714,0.0,0.35294117647058826,63,2,-0.048387096774193505
P00467,1,0.7666666666666667,0.4,1.0909090909090908,0.9775612057917028,2.4563596418242617,0.41057784025039745,1.8275234685442254,0.676499516703968,0.6666666666666666,0.33333333333333337,0.5237495983823875,0.9525008032352249,0.3554356157099123,54.3,0.29411764705882354,0.2,1.0,0.6428571428571429,0.4,0.75,0.55,0.7083333333333334,0.64,0.8,0.0,0.7142857142857143,0.7142857142857143,0.6666666666666666,0.7368421052631579,60,1,0.06666666666666665
P00468,0,0.74,0.34,0.85,0.9862903749247766,6.016932168696185,1.6752150271394377,2.9625443609049147,2.8021808461035844,0.56,0.43999999999999995,0.45610698913354364,1.0877860217329127,0.4295064552171018,50.42,0.5238095238095238,0.45454545454545453,0.75,0.5714285714285714,0.5,0.5882352941176471,0.5714285714285714,0.5,0.5882352941176471,0.5,0.0,0.7142857142857143,0.42857142857142855,0.2,0.375,50,1,-0.16000000000000003
P00469,0,0.6206896551724138,0.3103448275862069,1.0,0.9957605546939206,6.088597291107476,1.6047727237509006,2.718001304140206,2.5222395220570215,0.6551724137931034,0.3448275862068966,0.5095761045137033,0.9808477909725936,0.42585686046710514,48.87356321839081,0.2631578947368421,0.23333333333333334,1.0,0.6666666666666666,0.4642857142857143,0.8,0.48148148148148145,0.64,0.6666666666666666,0.6190476190476191,0.0,0.45454545454545453,0.6363636363636364,0.3333333333333333,0.631578947368421,87,2,0.007928118393234596
P00470,1,0.6333333333333333,0.38333333333333336,1.5333333333333334,0.984888245625538,2.5346484808545995,0.4533859757418959,2.3916928161960196,1.7776578193037411,0.5666666666666667,0.43333333333333335,0.5046927674324858,0.9906144651350284,0.40765404812221673,48.13333333333333,0.3076923076923077,0.21052631578947367,1.0,0.7142857142857143,0.5185185185185186,0.75,0.3333333333333333,0.6875,0.5319148936170213,0.6666666666666666,1.0,0.375,0.75,0.5,0.6,60,1,-0.1333333333333333
P00471,1,0.618421052631579,0.27631578947368424,0.8076923076923077,0.9921448710899535,2.3567571281107194,0.4740826554209993,2.237403688602309,1.998742010505021,0.6578947368421053,0.3421052631578947,0.5224562176040122,0.9550875647919758,0.4129399878180781,47.89473684210526,0.25806451612903225,0.15,1.0,0.375,0.40625,0.8125,0.5454545454545454,0.5454545454545454,0.6935483870967742,0.5,0.0,0.625,0.375,0.8,0.5714285714285714,76,2,0.0
P00472,0,0.7142857142857143,0.2261904761904762,0.4634146341463415,0.9504904802371439,5.473816076812609,1.3531121230041065,2.3122275877691996,2.116836838604803,0.5,0.5,0.45024542629478065,1.0995091474104388,0.43070915540095195,49.32142857142857,0.48484848484848486,0.391304347826087,0.8571428571428571,0.46153846153846156,0.6129032258064516,0.47058823529411764,0.5517241379310345,0.47619047619047616,0.453125,0.6842105263157895,0.0,0.75,0.5833333333333334,0.5,0.44,84,2,-0.09523809523809529
P00473,0,0.7611940298507462,0.208955223880597,0.3783783783783784,0.9075522623927849,5.842348731692224,1.7222128228974116,2.0785148425612765,1.8185582995920628,0.4925373134328358,0.5074626865671642,0.4842382520984178,1.0315234958031643,0.42850729735874227,54.17910447761194,0.47368421052631576,0.42857142857142855,0.9166666666666666,0.375,0.46153846153846156,0.55,0.625,0.30434782608695654,0.44680851063829785,0.6,0.0,0.7,0.6,0.75,0.47058823529411764,67,2,-0.10427807486631013
P00474,1,0.6455696202531646,0.24050632911392406,0.59375,0.9797949216913738,2.435746824879828,0.4671553509035954,2.1786347398919403,1.754228318976663,0.6455696202531646,0.35443037974683544,0.5265486442190294,0.9469027115619413,0.39187647421681193,47.65822784810127,0.3142857142857143,0.2,1.0,0.375,0.3870967741935484,0.78125,0.59375,0.4666666666666667,0.639344262295082,0.6666666666666666,0.0,0.8181818181818182,0.5454545454545454,0.13333333333333333,0.6111111111111112,79,2,0.059615384615384626
P00475,0,0.6842105263157895,0.45614035087719296,2.0,0.9640931150957956,6.0902913613941845,1.5207810804695185,2.560253552980759,1.856971280293438,0.5614035087719298,0.4385964912280702,0.5052356290874648,0.9895287418250703,0.36664153697992846,51.333333333333336,0.3333333333333333,0.16666666666666666,1.0,1.0,0.6521739130434783,0.75,0.2857142857142857,0.9230769230769231,0.5555555555555556,0.5454545454545454,1.0,0.42857142857142855,0.42857142857142855,0.5714285714285714,0.35714285714285715,57,1,-0.019704433497536922
P00476,1,0.6666666666666666,0.29333333333333333,0.7857142857142857,0.9956203048870423,2.4290836865297964,0.4958419547238809,1.9226902524342555,1.4224741186868675,0.52,0.48,0.49807872513399654,1.003842549732007,0.464400778338966,49.48,0.42424242424242425,0.36363636363636365,1.0,0.5714285714285714,0.55,0.6176470588235294,0.38461538461538464,0.4642857142857143,0.4838709677419355,0.6666666666666666,1.0,0.375,0.625,0.25,0.42857142857142855,75,2,-0.20056899004267426
P00477,0,0.6590909090909091,0.32954545454545453,1.0,0.9998828965051019,5.681598299715811,1.6060625102173893,2.1761733768239666,1.187208574879791,0.6022727272727273,0.3977272727272727,0.5188571322635227,0.9622857354729546,0.48005498537373315,47.67045454545455,0.45454545454545453,0.32142857142857145,0.8888888888888888,0.6923076923076923,0.5,0.631578947368421,0.45161290322580644,0.7894736842105263,0.609375,0.5652173913043478,1.0,0.5333333333333333,0.5333333333333333,0.3333333333333333,0.5555555555555556,88,2,0.15909090909090906
P00478,0,0.7076923076923077,0.3230769230769231,0.84,0.9940367618219915,5.64985443596036,1.6447393700738513,2.7564200739773104,3.5504877540845454,0.5846153846153846,0.41538461538461535,0.4858610776732341,1.028277844653532,0.43655031488191587,54.03076923076923,0.4166666666666667,0.4,1.0,0.6842105263157895,0.4444444444444444,0.5909090909090909,0.5294117647058824,0.6153846153846154,0.58,0.6428571428571429,0.0,0.6666666666666666,0.6666666666666666,0.5,0.5714285714285714,65,2,-0.0179924242424242
P00479,0,0.66,0.36,1.2,0.9974233736309368,5.895933852239475,1.572371149897913,2.6225012194341915,2.1641607232688185,0.66,0.33999999999999997,0.5205657043938495,0.9588685912123008,0.44174481681312694,50.76,0.3,0.15384615384615385,0.5,0.6,0.47058823529411764,0.7647058823529411,0.5238095238095238,0.75,0.6578947368421053,0.6666666666666666,0.0,0.8571428571428571,0.7142857142857143,0.5,0.6923076923076923,50,1,-0.040000000000000036
P00480,1,0.7,0.325,0.8666666666666667,0.996056665191545,2.423050776528779,0.43535289993757104,2.037102547619521,1.4016904611892027,0.525,0.475,0.487728194514861,1.024543610970278,0.40029159941623665,50.3375,0.42424242424242425,0.5,1.0,0.5294117647058824,0.5483870967741935,0.6071428571428571,0.3793103448275862,0.6086956521739131,0.47619047619047616,0.7058823529411765,0.0,0.6363636363636364,0.7272727272727273,0.5,0.5789473684210527,80,2,-0.050000000000000044
P00481,0,0.8,0.3,0.6,0.9372305632161296,6.041020659672127,1.6155107273048608,2.2412007111615475,2.30406070143507,0.6,0.4,0.5049749037998041,0.9900501924003916,0.3891962148708589,54.04,0.35714285714285715,0.2222222222222222,1.0,0.7,0.5238095238095238,0.5714285714285714,0.6842105263157895,0.5294117647058824,0.5714285714285714,0.75,0.0,0.8,0.8,0.0,0.5,50,1,-0.16000000000000003
P00482,1,0.819672131147541,0.4262295081967213,1.0833333333333333,0.9460915471908237,2.4876249063314417,0.6054102884319985,2.3897646074286736,1.8438101817123027,0.6065573770491803,0.39344262295081966,0.48420219640689255,1.0315956071862151,0.375544732471607,56.77049180327869,0.5,0.4,1.0,0.7857142857142857,0.4666666666666667,0.5384615384615384,0.52,0.7391304347826086,0.6521739130434783,0.42857142857142855,1.0,0.6666666666666666,0.4444444444444444,0.4,0.5,61,2,-0.052688172043010684
P00483,0,0.6756756756756757,0.36486486486486486,1.173913043478261,0.997862822982282,6.11998539970161,1.7336428220606026,2.5553044909250002,2.0823590346332383,0.581081081081081,0.41891891891891897,0.48877408863633304,1.0224518227273343,0.48022160877141723,47.310810810810814,0.4411764705882353,0.36,1.0,0.6,0.5555555555555556,0.6551724137931034,0.4166666666666667,0.6666666666666666,0.5789473684210527,0.5625,1.0,0.5555555555555556,0.6666666666666666,0.2727272727272727,0.6666666666666666,74,2,-0.1351351351351352
P00484,1,0.5932203389830508,0.288135593220339,0.9444444444444444,0.9890767241404288,2.4733635400486316,0.4392553581199731,2.4992510774401415,2.193310033822688,0.7796610169491526,0.22033898305084743,0.5700911308756411,0.8598177382487179,0.3736621564701612,47.25423728813559,0.17857142857142858,0.1,1.0,0.6,0.21739130434782605,0.8571428571428571,0.75,0.6842105263157895,0.8095238095238095,0.6875,1.0,0.4166666666666667,0.6666666666666666,0.3333333333333333,0.7391304347826086,59,1,0.10919540229885061
P00485,1,0.6172839506172839,0.32098765432098764,1.0833333333333333,0.9946664576387295,2.3312902250635466,0.42590058680135967,3.043655994499828,2.472088351582071,0.7037037037037037,0.2962962962962963,0.5624061197613809,0.8751877604772382,0.41909611583811474,49.123456790123456,0.2702702702702703,0.16,1.0,0.9230769230769231,0.5714285714285714,0.8125,0.5185185185185185,0.7727272727272727,0.6785714285714286,0.7391304347826086,1.0,0.7058823529411765,0.7058823529411765,0.3333333333333333,0.7142857142857143,81,2,0.007317073170731714
P00486,0,0.788235294117647,0.3058823529411765,0.6341463414634146,0.9491300054069058,5.723206194616251,1.5813267483260471,2.149200201957243,1.6830762627717868,0.43529411764705883,0.5647058823529412,0.439204233011001,1.121591533977998,0.4160340433652501,50.96470588235294,0.6333333333333333,0.5555555555555556,1.0,0.625,0.7058823529411764,0.40625,0.44,0.4642857142857143,0.43283582089552236,0.47058823529411764,0.0,0.7692307692307693,0.38461538461538464,0.3333333333333333,0.29411764705882354,85,2,-0.12790697674418605
P00487,0,0.7444444444444445,0.24444444444444444,0.4888888888888889,0.9462822458932062,5.784482359853324,1.6197101494052435,1.914380058226282,1.578289996758633,0.4888888888888889,0.5111111111111111,0.4590599019095667,1.0818801961808668,0.4525299235184317,50.93333333333333,0.4666666666666667,0.44,0.8,0.375,0.6060606060606061,0.5,0.5862068965517241,0.3793103448275862,0.4520547945205479,0.6875,0.0,0.7,0.7,0.25,0.5862068965517241,90,2,-0.0888888888888889
P00488,0,0.7894736842105263,0.3684210526315789,0.875,0.9649618403823442,6.07309466540301,1.532518912417574,2.758126639672286,2.660312399318526,0.47368421052631576,0.5263157894736843,0.4509498938273624,1.0981002123452752,0.4634532365724921,48.14035087719298,0.6,0.4666666666666667,1.0,0.4,0.42105263157894735,0.45454545454545453,0.45,0.5333333333333333,0.4418604651162791,0.5714285714285714,0.0,0.75,0.5,0.5,0.47619047619047616,57,1,-0.051724137931034475
P00489,0,0.6071428571428571,0.3333333333333333,1.2173913043478262,0.9902727509902391,5.717760377778343,1.7491300226075082,2.6250951125849356,2.025290949810694,0.6309523809523809,0.36904761904761907,0.5115701443843521,0.976859711231296,0.5068767486476444,48.76190476190476,0.3055555555555556,0.2692307692307692,0.9,0.7142857142857143,0.4137931034482759,0.7222222222222222,0.45454545454545453,0.6538461538461539,0.6666666666666666,0.5238095238095238,0.0,0.6428571428571429,0.5,0.0,0.5833333333333334,84,2,-0.023809523809523836
P00490,1,0.6571428571428571,0.2571428571428571,0.6428571428571429,0.985567466337198,2.4115602408645818,0.47020020177193184,2.957665462343191,3.8129246259903202,0.6714285714285714,0.3285714285714286,0.5518343793750591,0.896331241249882,0.4627588994204156,47.8,0.3,0.10526315789473684,1.0,0.625,0.3448275862068966,0.75,0.6923076923076923,0.5,0.6590909090909091,0.7727272727272727,0.25,0.7058823529411765,0.5882352941176471,0.3333333333333333,0.6842105263157895,70,2,-0.08571428571428574
P00491,1,0.6666666666666666,0.3333333333333333,1.0,1.0,2.376412445437003,0.4556032935096368,2.824705330377069,2.374005052315863,0.5555555555555556,0.4444444444444444,0.5085609257495647,0.9828781485008705,0.4674807103146635,49.80555555555556,0.2857142857142857,0.3333333333333333,1.0,0.375,0.5483870967741935,0.6923076923076923,0.44,0.5238095238095238,0.5510204081632653,0.5454545454545454,1.0,0.6428571428571429,0.5714285714285714,0.2857142857142857,0.5217391304347826,72,2,-0.16666666666666663
P00492,0,0.7288135593220338,0.3559322033898305,0.9545454545454546,0.9916267160978621,5.422714332048336,1.4718973690994779,2.363641693012178,1.9836710577304695,0.711864406779661,0.288135593220339,0.5320701338887166,0.9358597322225667,0.4102212754350419,51.88135593220339,0.34782608695652173,0.1875,0.8888888888888888,0.6923076923076923,0.19999999999999996,0.6818181818181818,0.7058823529411765,0.75,0.7333333333333333,0.6428571428571429,0.0,0.9090909090909091,0.6363636363636364,0.3333333333333333,0.6190476190476191,59,1,-0.22758620689655173
P00493,0,0.6741573033707865,0.21348314606741572,0.4634146341463415,0.9576561703366789,5.946136277908951,1.4810982340195562,2.0515913015729237,1.9230992388994375,0.5842696629213483,0.4157303370786517,0.4883063897151252,1.0233872205697496,0.45785576946106704,48.91011235955056,0.3783783783783784,0.36,1.0,0.3076923076923077,0.3939393939393939,0.6571428571428571,0.6451612903225806,0.391304347826087,0.5652173913043478,0.65,0.0,0.5384615384615384,0.6923076923076923,0.1,0.7142857142857143,89,2,-0.058080808080808066
P00494,0,0.6440677966101694,0.3050847457627119,0.9,0.9981529217896128,5.9505518600412834,1.7108019658670264,2.171612731137087,1.7546666743996935,0.6779661016949152,0.3220338983050848,0.5400266834344535,0.919946633131093,0.40491192645500435,50.57627118644068,0.32,0.14285714285714285,1.0,0.8181818181818182,0.5,0.6666666666666666,0.5789473684210527,0.8125,0.6888888888888889,0.6153846153846154,1.0,0.6666666666666666,0.6666666666666666,0.5,0.7083333333333334,59,1,-0.09080459770114946
P00495,1,0.7121212121212122,0.3484848484848485,0.9583333333333334,0.9955150364969244,2.3378793808536193,0.5208620904848537,2.0507764979311176,1.452801196916036,0.6515151515151515,0.3484848484848485,0.504476381764424,0.991047236471152,0.3977264846551732,49.57575757575758,0.39285714285714285,0.35,1.0,0.6666666666666666,0.35,0.6153846153846154,0.5555555555555556,0.7727272727272727,0.6538461538461539,0.6153846153846154,1.0,0.5,0.625,0.4,0.5714285714285714,66,2,-0.09090909090909094
P00496,0,0.7352941176470589,0.47058823529411764,1.7777777777777777,0.9633756700112799,5.604029267307483,1.5137588443391132,2.6846834487220104,1.8179494009484218,0.6029411764705882,0.3970588235294118,0.4913595852829152,1.0172808294341693,0.4670718455103266,51.838235294117645,0.52,0.3333333333333333,0.9166666666666666,0.8571428571428571,0.64,0.5454545454545454,0.4642857142857143,0.8888888888888888,0.5098039215686274,0.875,1.0,0.8,1.0,0.0,0.6,68,2,-0.20588235294117652
P00497,1,0.7073170731707317,0.36585365853658536,1.0714285714285714,0.9961573578554627,2.5220797332998752,0.4034686945927081,2.16942188513757,1.7268304894998554,0.6219512195121951,0.3780487804878049,0.5025964039855482,0.9948071920289038,0.394495922913582,48.426829268292686,0.3939393939393939,0.3333333333333333,1.0,0.5,0.4117647058823529,0.7096774193548387,0.5185185185185185,0.625,0.6285714285714286,0.5454545454545454,1.0,0.6,0.7,0.3,0.6296296296296297,82,2,-0.024390243902439046
P00498,0,0.581081081081081,0.25675675675675674,0.7916666666666666,0.981946163441169,5.839456493733033,1.513580337217828,1.9518120280846623,1.5335729985669548,0.527027027027027,0.472972972972973,0.47045967310302755,1.059080653793945,0.46981533434712025,50.108108108108105,0.27586206896551724,0.3181818181818182,1.0,0.6,0.6363636363636364,0.7096774193548387,0.35294117647058826,0.4230769230769231,0.5230769230769231,0.5555555555555556,0.0,0.42857142857142855,0.5714285714285714,0.16666666666666666,0.5652173913043478,74,2,-0.08108108108108103
P00499,0,0.7384615384615385,0.27692307692307694,0.6,0.967765401933314,5.588586301198556,1.4742432146495736,2.4191564987147256,2.251440081946716,0.5384615384615384,0.46153846153846156,0.4592347756114884,1.0815304487770234,0.4902390407907221,49.61538461538461,0.5666666666666667,0.55,1.0,0.46153846153846156,0.375,0.48148148148148145,0.6666666666666666,0.47058823529411764,0.56,0.42857142857142855,1.0,0.5714285714285714,0.42857142857142855,0.3333333333333333,0.46153846153846156,65,2,0.19886363636363635
P00500,0,0.7017543859649122,0.45614035087719296,1.8571428571428572,0.9682387569450694,5.549837707689627,1.3360650960842684,3.104422059446186,2.3865853809625097,0.543859649122807,0.45614035087719296,0.5301921505772854,0.9396156988454294,0.46084516206844156,50.21052631578947,0.32,0.3,1.0,0.5833333333333334,0.6428571428571428,0.6666666666666666,0.25,0.6470588235294118,0.5853658536585366,0.4375,0.0,0.9090909090909091,0.36363636363636365,0.42857142857142855,0.43478260869565216,57,1,-0.1243842364532019
P00501,0,0.7058823529411765,0.35294117647058826,1.0,0.9967828263127351,5.702973879696317,1.4276750658771897,2.8470882328978,2.570119380751227,0.47058823529411764,0.5294117647058824,0.4258783300885591,1.1482433398228817,0.4606282933556137,49.411764705882355,0.55,0.4166666666666667,1.0,0.5833333333333334,0.6111111111111112,0.375,0.4166666666666667,0.6666666666666666,0.5135135135135135,0.38461538461538464,0.0,0.5555555555555556,0.3333333333333333,0.4,0.375,51,1,-0.09692307692307695
P00502,0,0.7738095238095238,0.35714285714285715,0.8571428571428571,0.9727766372550527,5.730556851309686,1.441113778150473,2.3349054578070403,1.8526059621649218,0.5119047619047619,0.48809523809523814,0.4636356023346911,1.072728795330618,0.4649511218621272,51.23809523809524,0.5483870967741935,0.5238095238095238,0.8333333333333334,0.6428571428571429,0.4838709677419355,0.4666666666666667,0.48148148148148145,0.5925925925925926,0.4838709677419355,0.5789473684210527,0.6666666666666666,0.5714285714285714,0.5714285714285714,0.7142857142857143,0.625,84,2,-0.11904761904761901
P00503,0,0.6984126984126984,0.2857142857142857,0.6923076923076923,0.9873342572706626,5.817478341561065,1.8345243381564844,2.352251733245162,2.2769589005545225,0.5079365079365079,0.4920634920634921,0.47284125870637705,1.054317482587246,0.46115840953312826,51.95238095238095,0.42857142857142855,0.3333333333333333,1.0,0.5,0.6956521739130435,0.631578947368421,0.43478260869565216,0.47619047619047616,0.4666666666666667,0.6111111111111112,0.0,0.6666666666666666,0.6666666666666666,0.5,0.6,63,2,-0.20665322580645162
P00504,0,0.7590361445783133,0.2289156626506024,0.4318181818181818,0.9255974899879393,6.128949744127009,1.4614780157707719,2.0494414759109993,2.00028777625498,0.46987951807228917,0.5301204819277108,0.4366305119385708,1.1267389761228586,0.40675587152561943,48.855421686746986,0.6176470588235294,0.5714285714285714,0.75,0.38461538461538464,0.40625,0.4482758620689655,0.5483870967741935,0.391304347826087,0.5,0.38095238095238093,0.0,0.6470588235294118,0.4117647058823529,0.125,0.3125,83,2,-0.18002322880371668
P00505,0,0.6428571428571429,0.34285714285714286,1.1428571428571428,0.9975507802303617,6.093612412546822,1.7863297971979863,2.317699050077116,1.6671709557883905,0.5428571428571428,0.4571428571428572,0.5125439192652648,0.9749121614694704,0.4512350771923061,51.142857142857146,0.13043478260869565,0.125,1.0,0.5,0.6333333333333333,0.7916666666666666,0.3181818181818182,0.5,0.5,0.7142857142857143,0.0,0.5,0.6666666666666666,0.42857142857142855,0.4782608695652174,70,2,-0.05714285714285716
P00506,0,0.7169811320754716,0.32075471698113206,0.8095238095238095,0.9910464930080095,6.014578806323972,1.6231241744765776,2.254859649679292,2.0448886820862846,0.5471698113207547,0.4528301886792453,0.48197223443427684,1.0360555311314463,0.46686065498114454,54.79245283018868,0.3684210526315789,0.18181818181818182,1.0,0.5333333333333333,0.5333333333333333,0.6666666666666666,0.5294117647058824,0.47619047619047616,0.5238095238095238,0.6363636363636364,0.0,0.8571428571428571,0.5714285714285714,0.3333333333333333,0.5789473684210527,53,1,0.09259259259259256
P00507,0,0.6666666666666666,0.3333333333333333,1.0,1.0,5.9818602168924215,1.6821906158183155,2.470628222712644,2.16111824169924,0.6410256410256411,0.3589743589743589,0.5212485955954757,0.9575028088090488,0.4052228717801142,50.87179487179487,0.26666666666666666,0.14285714285714285,1.0,0.6153846153846154,0.34615384615384615,0.7586206896551724,0.52,0.625,0.6451612903225806,0.6,1.0,0.875,0.625,0.3333333333333333,0.6296296296296297,78,2,-0.05128205128205121
P00508,1,0.6436781609195402,0.2988505747126437,0.8666666666666667,0.9974335693198638,2.317747114243005,0.451301257491792,2.2876397745673165,2.5633243328108772,0.5977011494252874,0.4022988505747126,0.5369064462040015,0.926187107591997,0.43207291771158696,48.6551724137931,0.25,0.13636363636363635,1.0,0.5833333333333334,0.4814814814814815,0.7941176470588235,0.4482758620689655,0.5,0.5833333333333334,0.7142857142857143,0.0,0.5714285714285714,0.5714285714285714,0.5,0.5789473684210527,87,2,-0.013742071881606699
P00509,1,0.65,0.3333333333333333,1.0526315789473684,0.999241150939378,2.419481283446181,0.4577459430059053,2.2378801344398593,1.4575970815182728,0.6,0.4,0.5088546617066485,0.9822906765867029,0.4087131828064005,49.86666666666667,0.34782608695652173,0.23529411764705882,1.0,0.75,0.5833333333333333,0.6956521739130435,0.4117647058823529,0.65,0.6521739130434783,0.46153846153846156,0.0,0.4444444444444444,0.4444444444444444,0.25,0.6111111111111112,60,1,0.1333333333333333
P00510,0,0.6060606060606061,0.3181818181818182,1.105263157894737,0.9919868625607242,5.6321564509019675,1.6434198210837916,2.9264868169079707,2.378610650600321,0.5909090909090909,0.40909090909090906,0.5086625342652996,0.9826749314694007,0.43326357156316336,48.42424242424242,0.28125,0.14285714285714285,1.0,0.6428571428571429,0.6470588235294117,0.75,0.38095238095238093,0.5882352941176471,0.6458333333333334,0.4444444444444444,0.0,0.6666666666666666,0.4666666666666667,0.375,0.5238095238095238,66,2,0.030303030303030276
P00511,0,0.7543859649122807,0.2807017543859649,0.5925925925925926,0.9606713457931545,5.6595057195330405,1.6416096465182477,1.928226422819644,1.266401857592093,0.5789473684210527,0.42105263157894735,0.4908775528777126,1.0182448942445748,0.4208725128158746,50.35087719298246,0.5,0.35714285714285715,1.0,0.5,0.40740740740740744,0.5263157894736842,0.6,0.6111111111111112,0.5681818181818182,0.6153846153846154,0.0,0.42857142857142855,0.7142857142857143,0.0,0.5714285714285714,57,1,0.014778325123152691
P00512,0,0.7285714285714285,0.4142857142857143,1.3181818181818181,0.9856046067989006,5.7886873453025345,1.3521638563692804,2.5875177365157036,2.3876601940072493,0.5428571428571428,0.4571428571428572,0.4802189771318077,1.0395620457363846,0.41321401549609743,51.128571428571426,0.34782608695652173,0.23529411764705882,1.0,0.5454545454545454,0.6,0.625,0.38461538461538464,0.65,0.5517241379310345,0.5,0.0,0.6666666666666666,0.6666666666666666,0.5,0.6666666666666666,70,2,-0.05714285714285716
P00513,0,0.6981132075471698,0.4528301886792453,1.8461538461538463,0.9694291344807998,5.766250645478349,1.6706560523066765,2.3576100784654743,1.746167918909194,0.5849056603773585,0.41509433962264153,0.4834137801348544,1.0331724397302913,0.4136543251786125,50.0188679245283,0.45454545454545453,0.3333333333333333,1.0,0.75,0.5714285714285714,0.6190476190476191,0.35294117647058826,0.8,0.5681818181818182,0.6666666666666666,0.0,0.7142857142857143,0.5714285714285714,0.5,0.7272727272727273,53,1,0.16666666666666663
P00514,0,0.5,0.22727272727272727,0.8333333333333334,0.9445113717563274,5.7133592979427075,1.553534926106385,2.002467189045653,1.3752186895513872,0.6666666666666666,0.33333333333333337,0.5195442634188138,0.9609114731623722,0.46715554296523315,47.59090909090909,0.17857142857142858,0.15789473684210525,0.5,0.4444444444444444,0.4814814814814815,0.8,0.5,0.625,0.6666666666666666,0.6363636363636364,1.0,0.625,0.875,0.125,0.7647058823529411,66,2,-0.06060606060606066
P00515,1,0.6463414634146342,0.2804878048780488,0.7666666666666667,0.9940157667316936,2.3702210027693558,0.4140246847993568,2.7739732890404394,2.6175347200229666,0.5853658536585366,0.41463414634146345,0.4976065814561218,1.0047868370877564,0.43318790022748566,50.146341463414636,0.25,0.23809523809523808,1.0,0.5833333333333334,0.47058823529411764,0.8,0.5,0.4090909090909091,0.578125,0.6111111111111112,0.0,0.8333333333333334,0.6666666666666666,0.17647058823529413,0.5135135135135135,82,2,0.0
P00516,0,0.6923076923076923,0.2692307692307692,0.6363636363636364,0.982944886316156,5.898079047917756,1.333652327204487,2.5512535798108913,2.0322489101291312,0.6538461538461539,0.34615384615384615,0.5074628352495905,0.9850743295008189,0.41341608440749966,51.32692307692308,0.36363636363636365,0.25,1.0,0.5,0.23529411764705888,0.7368421052631579,0.75,0.47058823529411764,0.6111111111111112,0.7333333333333333,1.0,0.6666666666666666,0.7777777777777778,0.0,0.6,52,1,-0.23076923076923084
P00517,0,0.6666666666666666,0.41025641025641024,1.6,0.9836953470468075,5.562490612836406,1.3578432473051651,2.6133092673365814,2.111283219156562,0.5769230769230769,0.42307692307692313,0.5000306732003885,0.9999386535992232,0.4625119024320548,50.01282051282051,0.3448275862068966,0.2631578947368421,0.875,0.8571428571428571,0.6333333333333333,0.65625,0.3333333333333333,0.7272727272727273,0.5645161290322581,0.6,1.0,0.5833333333333334,0.5,0.5555555555555556,0.5925925925925926,78,2,0.07692307692307698
P00518,0,0.6931818181818182,0.18181818181818182,0.35555555555555557,0.9242735918485103,5.74645262200543,1.618728357567401,2.0655895659577888,1.7745279653022659,0.5227272727272727,0.4772727272727273,0.4668207606552095,1.066358478689581,0.4427442488236939,50.04545454545455,0.45454545454545453,0.38095238095238093,0.8571428571428571,0.18181818181818182,0.41666666666666663,0.5862068965517241,0.5833333333333334,0.34782608695652173,0.5666666666666667,0.4074074074074074,1.0,0.7058823529411765,0.4117647058823529,0.2222222222222222,0.46875,88,2,-0.09090909090909094
P00519,0,0.7272727272727273,0.34545454545454546,0.9047619047619048,0.9913872253831579,5.92564941898972,1.8689254568571236,2.0407509525730188,1.3813586544236849,0.5636363636363636,0.4363636363636364,0.4837309078662839,1.0325381842674322,0.4301582919575853,47.163636363636364,0.46153846153846156,0.4375,1.0,0.8,0.5,0.5416666666666666,0.5714285714285714,0.6,0.5111111111111111,0.7777777777777778,1.0,0.3333333333333333,0.6666666666666666,0.5,0.375,55,1,-0.12962962962962965
P00520,1,0.8111111111111111,0.3111111111111111,0.6222222222222222,0.9326584709272537,2.42571090359717,0.42865387636242147,2.1819812718578366,2.0081383659596606,0.5,0.5,0.46048718478856604,1.0790256304228678,0.4082240580195105,54.72222222222222,0.5714285714285714,0.3125,1.0,0.5263157894736842,0.48484848484848486,0.5,0.6206896551724138,0.40540540540540543,0.5066666666666667,0.4666666666666667,0.0,0.8571428571428571,0.42857142857142855,0.2,0.46875,90,2,-0.06666666666666665
P00521,0,0.5466666666666666,0.21333333333333335,0.64,0.9597809444568354,5.772801309432534,1.4477115896551478,2.324296908832288,1.9880256417722872,0.6,0.4,0.5022115666452708,0.9955768667094584,0.4896686391615776,46.85333333333333,0.3142857142857143,0.3333333333333333,1.0,0.5714285714285714,0.5,0.7428571428571429,0.44,0.5333333333333333,0.6296296296296297,0.5,1.0,0.38461538461538464,0.6923076923076923,0.0,0.6956521739130435,75,2,-0.14935988620199148
P00522,0,0.6909090909090909,0.43636363636363634,1.7142857142857142,0.9767463322862675,6.019055422788994,1.6834578788622003,2.2109998234120467,1.1707620930821583,0.5636363636363636,0.4363636363636364,0.476333797350491,1.047332405299018,0.42855382304116113,52.41818181818182,0.3125,0.3,1.0,0.8,0.5555555555555556,0.6190476190476191,0.3157894736842105,0.8,0.5555555555555556,0.5555555555555556,1.0,0.4,0.6,0.5,0.5,55,1,0.0886243386243386
P00523,0,0.7341772151898734,0.2911392405063291,0.6571428571428571,0.9758900584111514,5.583332231942513,1.6347773863273316,2.226838013829094,1.9097115306128205,0.5822784810126582,0.4177215189873418,0.5007513332576354,0.998497333484729,0.46661360340887326,49.67088607594937,0.39285714285714285,0.3,1.0,0.5555555555555556,0.48484848484848486,0.6071428571428571,0.6,0.5238095238095238,0.5423728813559322,0.6842105263157895,1.0,0.6153846153846154,0.5384615384615384,0.375,0.6153846153846154,79,2,-0.014743589743589802
P00524,0,0.6883116883116883,0.2597402597402597,0.6060606060606061,0.9799887372910365,5.863859763912689,1.532394079760052,2.1320798777681444,1.961159644229616,0.4805194805194805,0.5194805194805194,0.44674182642053706,1.1065163471589259,0.4541304412252938,50.25974025974026,0.41935483870967744,0.45,0.875,0.5,0.5384615384615384,0.52,0.4642857142857143,0.4583333333333333,0.484375,0.46153846153846156,0.0,0.6666666666666666,0.4444444444444444,0.42857142857142855,0.5714285714285714,77,2,0.0654520917678812
P00525,0,0.7333333333333333,0.24,0.4864864864864865,0.9498808565614655,6.041660606455806,1.5141857044803708,2.3373368903850533,2.307146879469886,0.4533333333333333,0.5466666666666666,0.4634101194542825,1.0731797610914349,0.45558064713732466,49.53333333333333,0.5,0.4117647058823529,1.0,0.3333333333333333,0.5,0.4230769230769231,0.5161290322580645,0.3888888888888889,0.37254901960784315,0.6086956521739131,1.0,0.8125,0.625,0.2857142857142857,0.5,75,2,-0.012091038406827903
P00526,0,0.746031746031746,0.31746031746031744,0.7407407407407407,0.9789236731965,6.027698836980993,1.500793700797773,2.096408125018135,1.580397321491336,0.5555555555555556,0.4444444444444444,0.46923121832268083,1.061537563354638,0.4541662242178226,48.98412698412698,0.5555555555555556,0.5,0.75,0.7142857142857143,0.4,0.46153846153846156,0.625,0.6153846153846154,0.5510204081632653,0.5,1.0,0.625,0.75,0.3333333333333333,0.4,63,2,0.0776209677419355
P00527,0,0.7352941176470589,0.14705882352941177,0.25,0.8609632014161859,5.751632389009797,1.3987283826576424,1.9203228786236366,2.0482757615544447,0.5,0.5,0.46980390948521167,1.0603921810295764,0.4404535486814342,50.39705882352941,0.44,0.23529411764705882,1.0,0.3333333333333333,0.5,0.5833333333333334,0.6666666666666666,0.2,0.5,0.5,0.0,0.6363636363636364,0.6363636363636364,0.0,0.6363636363636364,68,2,0.05882352941176472
P00528,0,0.7301587301587301,0.3492063492063492,0.9166666666666666,0.9908117971034596,5.8640381222992835,1.5824592378498925,3.11944312625447,3.1801537460849247,0.4603174603174603,0.5396825396825398,0.4474239089432498,1.1051521821135002,0.42399234348584663,49.63492063492063,0.45,0.35714285714285715,1.0,0.625,0.5483870967741935,0.5238095238095238,0.39285714285714285,0.5,0.4883720930232558,0.4444444444444444,0.0,0.7692307692307693,0.5384615384615384,0.3333333333333333,0.5416666666666666,63,2,0.08064516129032256
P00529,0,0.7,0.24,0.5217391304347826,0.9656755351855093,5.571415602779605,1.496017455143772,2.252924036628123,2.917399468537779,0.66,0.33999999999999997,0.5028840827933392,0.9942318344133215,0.45607700804533385,52.14,0.4444444444444444,0.25,1.0,0.6666666666666666,0.3529411764705882,0.6470588235294118,0.7777777777777778,0.5333333333333333,0.6666666666666666,0.6923076923076923,0.0,0.5,0.6,0.0,0.7619047619047619,50,1,-0.040000000000000036
P00530,0,0.6363636363636364,0.2878787878787879,0.8260869565217391,0.9955150364969244,5.738142884806534,1.7087324033870732,2.689948824881686,3.2463175103315804,0.6212121212121212,0.3787878787878788,0.5128461754659803,0.9743076490680393,0.41850838968138676,52.15151515151515,0.25,0.14285714285714285,1.0,0.7142857142857143,0.5416666666666667,0.782608695652174,0.4782608695652174,0.6,0.6086956521739131,0.631578947368421,1.0,0.6428571428571429,0.5714285714285714,1.0,0.6,66,2,-0.09090909090909083
P00531,0,0.6444444444444445,0.34444444444444444,1.1481481481481481,0.997603205996044,5.987812155336686,1.7205851391278961,2.3057329363084276,1.7033801754978446,0.5222222222222223,0.47777777777777775,0.4947862251463683,1.0104275497072635,0.44247031875356113,50.111111111111114,0.3235294117647059,0.25,1.0,0.6153846153846154,0.631578947368421,0.6470588235294118,0.34375,0.5833333333333334,0.5135135135135135,0.5625,0.0,0.8181818181818182,0.5454545454545454,0.5,0.5,90,2,-0.11111111111111105
P00532,0,0.7159090909090909,0.3181818181818182,0.8,0.9908661032426578,6.141129552022407,1.5661455426944193,2.1833619731301135,1.5582000289718811,0.5227272727272727,0.4772727272727273,0.46390985816892805,1.0721802836621437,0.4638901092493124,48.59090909090909,0.5135135135135135,0.5,0.8333333333333334,0.5714285714285714,0.4117647058823529,0.47058823529411764,0.48148148148148145,0.6296296296296297,0.5303030303030303,0.5,0.0,0.5384615384615384,0.5384615384615384,0.5714285714285714,0.5,88,2,0.045454545454545414
P00533,1,0.7323943661971831,0.2535211267605634,0.5294117647058824,0.9587380698622896,2.4166797700519673,0.4728404075539129,1.986621814692166,1.3645020433319053,0.5633802816901409,0.43661971830985913,0.5020252793774572,0.9959494412450856,0.387344394317284,47.29577464788732,0.4482758620689655,0.3157894736842105,1.0,0.2857142857142857,0.4838709677419355,0.5357142857142857,0.6,0.5555555555555556,0.5283018867924528,0.6470588235294118,1.0,0.7777777777777778,0.7777777777777778,0.375,0.6363636363636364,71,2,0.09682539682539693
P00534,0,0.6721311475409836,0.3770491803278688,1.2777777777777777,0.9953779548182277,5.82188674498545,1.5758750463052464,2.4006053988081355,1.8666681439151604,0.5573770491803278,0.4426229508196722,0.4684796968549673,1.0630406062900652,0.4386280913433,50.36065573770492,0.42857142857142855,0.21428571428571427,1.0,0.6,0.5,0.56,0.4666666666666667,0.6190476190476191,0.5625,0.5384615384615384,0.0,0.7,0.5,0.6666666666666666,0.5882352941176471,61,2,-0.1494623655913978
P00535,1,0.6923076923076923,0.25,0.5652173913043478,0.9740005251479035,2.3980992567688624,0.4277314952492896,2.080789351277147,1.9201838470918313,0.6153846153846154,0.3846153846153846,0.5104857322706775,0.9790285354586451,0.3998329467518709,51.09615384615385,0.25,0.2,1.0,0.6,0.41666666666666663,0.7222222222222222,0.6,0.5,0.6428571428571429,0.5,0.0,0.7142857142857143,0.2857142857142857,0.2857142857142857,0.375,52,1,0.23076923076923073
P00536,0,0.6805555555555556,0.2638888888888889,0.6333333333333333,0.9838590155898043,5.848283734183526,1.7618111137881338,2.6726811408545457,3.008274017611735,0.5138888888888888,0.48611111111111116,0.46712285527759057,1.0657542894448189,0.45155205583789065,52.05555555555556,0.42857142857142855,0.2777777777777778,0.8888888888888888,0.4666666666666667,0.5,0.625,0.5,0.4230769230769231,0.5535714285714286,0.23076923076923078,1.0,0.5454545454545454,0.36363636363636365,0.3333333333333333,0.23529411764705882,72,2,-0.02777777777777779
P00537,0,0.711864406779661,0.3220338983050847,0.8260869565217391,0.9927682224649002,5.609237616636128,1.313053117527876,2.266452941208211,1.9702672773990042,0.559322033898305,0.44067796610169496,0.4735166423131995,1.0529667153736009,0.42191255398236427,54.0,0.47058823529411764,0.3,1.0,0.6923076923076923,0.52,0.55,0.47368421052631576,0.65,0.5510204081632653,0.5555555555555556,1.0,0.75,0.625,0.16666666666666666,0.7058823529411765,59,1,-0.05287356321839076
P00538,1,0.765625,0.421875,1.2272727272727273,0.9750544458113695,2.4860687897556666,0.4449231471226192,2.233737731164182,1.6304252418635676,0.640625,0.359375,0.5001573320532553,0.9996853358934894,0.3841544356811518,54.34375,0.35,0.2727272727272727,1.0,0.5833333333333334,0.3448275862068966,0.7222222222222222,0.52,0.7142857142857143,0.6326530612244898,0.6666666666666666,0.0,0.5555555555555556,0.8888888888888888,0.125,0.8235294117647058,64,2,-0.03125
P00539,0,0.7,0.2111111111111111,0.4318181818181818,0.9461086238414794,5.689009138706685,1.5425072675989215,2.113385503310768,1.699078444311792,0.6444444444444445,0.3555555555555555,0.5231295749934792,0.9537408500130415,0.41009393582132364,49.94444444444444,0.34375,0.28,1.0,0.5,0.3529411764705882,0.71875,0.7272727272727273,0.44,0.5846153846153846,0.7916666666666666,1.0,0.875,0.8125,0.6,0.5454545454545454,90,2,-0.13333333333333341
P00540,0,0.6666666666666666,0.27450980392156865,0.7,0.9905014861186293,5.815130986003872,1.5550495010991763,2.0945703163077978,1.377301972981711,0.5882352941176471,0.4117647058823529,0.4925171105266955,1.014965778946609,0.46129163759713776,48.98039215686274,0.42105263157894735,0.38461538461538464,0.6666666666666666,0.6666666666666666,0.5,0.65,0.55,0.5454545454545454,0.575,0.7,0.0,0.5714285714285714,0.5714285714285714,0.25,0.6428571428571429,51,1,-0.023076923076923106
P00541,1,0.7464788732394366,0.36619718309859156,0.9629629629629629,0.986205411207183,2.4924250473927354,0.4641985125145891,2.358742917427431,1.8674015539427145,0.5915492957746479,0.4084507042253521,0.5068141928707242,0.9863716142585516,0.40374495219212025,53.19718309859155,0.38095238095238093,0.2857142857142857,1.0,0.6363636363636364,0.4666666666666667,0.5789473684210527,0.5,0.7272727272727273,0.5740740740740741,0.6666666666666666,0.5,0.75,0.6666666666666666,0.3333333333333333,0.6190476190476191,71,2,-0.12936507936507935
P00542,1,0.6727272727272727,0.34545454545454546,1.0555555555555556,0.9997008692847271,2.4990303230552957,0.44712654674855207,2.1786339426131875,1.2149387532220803,0.5636363636363636,0.4363636363636364,0.5366995158759454,0.926600968248109,0.42751075881072353,50.527272727272724,0.2727272727272727,0.21428571428571427,1.0,0.75,0.5909090909090908,0.7,0.42105263157894735,0.5625,0.525,0.6428571428571429,1.0,0.4,0.7,0.25,0.5,55,1,0.16137566137566145
P00543,0,0.7613636363636364,0.2840909090909091,0.5952380952380952,0.9579921234145653,5.514815151901787,1.5926262592231712,2.0668540849813346,1.7628668608531595,0.4431818181818182,0.5568181818181819,0.44189042060502215,1.1162191587899557,0.41513008763982634,51.02272727272727,0.5588235294117647,0.55,1.0,0.4375,0.48275862068965514,0.45161290322580644,0.52,0.375,0.4084507042253521,0.5625,1.0,0.7,0.6,0.14285714285714285,0.48,88,2,-0.022727272727272707
P00544,0,0.7142857142857143,0.42857142857142855,1.5,0.9821410328348752,5.670504045428945,1.5338752166787464,2.9562921268239677,2.232068918045439,0.5714285714285714,0.4285714285714286,0.5411119501059741,0.9177760997880514,0.3456662318468101,52.23809523809524,0.25,0.1111111111111111,1.0,0.5384615384615384,0.6428571428571428,0.72,0.21428571428571427,0.625,0.5882352941176471,0.5,0.5,0.7777777777777778,0.4444444444444444,0.25,0.5909090909090909,63,2,0.1088709677419355
P00545,0,0.72,0.32,0.8,0.9899449185263031,5.850372628056963,1.5041975383625574,1.9529324879485104,1.3072604497517348,0.38,0.62,0.4129228228936988,1.1741543542126025,0.4681447204915423,50.12,0.55,0.5384615384615384,0.8333333333333334,0.3333333333333333,0.6,0.38095238095238093,0.3076923076923077,0.4375,0.325,0.6,0.0,0.4,0.6,0.2,0.4375,50,1,-0.19999999999999996
P00546,0,0.6987951807228916,0.30120481927710846,0.7575757575757576,0.9917794399937109,5.839301743314894,1.5402635068028594,2.7618572779704587,2.4940007932444903,0.5542168674698795,0.4457831325301205,0.4757899210924887,1.0484201578150227,0.48976851125020354,49.48192771084337,0.47058823529411764,0.3,0.8888888888888888,0.35714285714285715,0.5,0.6785714285714286,0.5483870967741935,0.4166666666666667,0.5423728813559322,0.6363636363636364,0.0,0.8125,0.5625,0.6666666666666666,0.5833333333333334,83,2,-0.013356562137049943
P00547,1,0.7590361445783133,0.3253012048192771,0.75,0.9744478066525962,2.531205362104184,0.42013398954314124,2.2446733581260596,1.8728710626529064,0.5783132530120482,0.42168674698795183,0.5245884828805983,0.9508230342388032,0.3835981070549277,53.71084337349398,0.46875,0.2857142857142857,1.0,0.7142857142857143,0.5185185185185186,0.6071428571428571,0.5714285714285714,0.5588235294117647,0.53125,0.7222222222222222,1.0,0.8333333333333334,0.75,0.5,0.5714285714285714,83,2,0.03426248548199762
P00548,0,0.6744186046511628,0.18604651162790697,0.38095238095238093,0.9359439343496526,5.952944293776836,1.6230675632230878,1.9220342991448482,1.8436559322336274,0.6046511627906976,0.39534883720930236,0.5088207872301577,0.9823584255396847,0.4260358956547273,48.44186046511628,0.43902439024390244,0.2727272727272727,1.0,0.5,0.4,0.6410256410256411,0.6666666666666666,0.45,0.5970149253731343,0.6111111111111112,1.0,0.5384615384615384,0.6923076923076923,0.6,0.5652173913043478,86,2,0.0
P00549,0,0.7283950617283951,0.20987654320987653,0.40476190476190477,0.9304745946013868,5.781682377128509,1.6424954837570103,1.8666551041582267,1.6403715900810494,0.5061728395061729,0.49382716049382713,0.44160259591456164,1.1167948081708767,0.4237239779723085,50.135802469135804,0.5,0.4782608695652174,0.9090909090909091,0.4375,0.52,0.53125,0.6363636363636364,0.37037037037037035,0.5217391304347826,0.4166666666666667,0.0,0.7777777777777778,0.4444444444444444,0.0,0.5555555555555556,81,2,0.012195121951219523
P00550,1,0.647887323943662,0.29577464788732394,0.84,0.9970518035910441,2.3271517444869567,0.4490486503032937,2.0873642278040054,1.6070090932903762,0.5774647887323944,0.4225352112676056,0.5101836663024881,0.9796326673950235,0.3789814546951529,52.63380281690141,0.2692307692307692,0.35714285714285715,1.0,0.7857142857142857,0.5185185185185186,0.7619047619047619,0.4074074074074074,0.6086956521739131,0.6,0.4666666666666667,1.0,0.4444444444444444,0.2222222222222222,0.16666666666666666,0.4090909090909091,71,2,-0.0444444444444444
P00551,0,0.7,0.38,1.1875,0.9953399877068456,5.507637391152596,1.316417445937124,3.2193083448591224,3.875775451561696,0.6,0.4,0.5260135837017313,0.9479728325965372,0.40441259062101836,53.52,0.29411764705882354,0.25,1.0,0.6666666666666666,0.4,0.7647058823529411,0.4117647058823529,0.625,0.5555555555555556,0.7,0.75,0.3333333333333333,0.7777777777777778,0.6666666666666666,0.4117647058823529,50,1,-0.07999999999999996
P00552,0,0.6428571428571429,0.19642857142857142,0.44,0.9534155399079602,5.59971031273482,1.5568403866864782,2.1552294745174247,1.426098856208303,0.5357142857142857,0.4642857142857143,0.4925772269194044,1.0148455461611912,0.494474494656125,55.767857142857146,0.29411764705882354,0.21428571428571427,0.9090909090909091,0.3333333333333333,0.5555555555555556,0.6875,0.6111111111111112,0.36363636363636365,0.5238095238095238,0.5384615384615384,1.0,1.0,0.75,0.25,0.6666666666666666,56,1,-0.1428571428571428
P00553,0,0.7303370786516854,0.25842696629213485,0.5476190476190477,0.9625713756982116,5.753899453043258,1.691852956579554,2.411267358433925,2.292017533656761,0.47191011235955055,0.5280898876404494,0.4601638562264242,1.0796722875471516,0.4001041191699663,52.78651685393258,0.43333333333333335,0.3333333333333333,1.0,0.45,0.5142857142857142,0.6538461538461539,0.4666666666666667,0.3333333333333333,0.47692307692307695,0.4782608695652174,0.0,0.5384615384615384,0.3076923076923077,0.2,0.5,89,2,0.12424242424242421
P00554,0,0.5632183908045977,0.28735632183908044,1.0416666666666667,0.9788790557874565,5.786007907734344,1.604842897643148,2.5823162259100365,2.1242052092677874,0.632183908045977,0.367816091954023,0.5139896401939545,0.972020719612091,0.48410114963184614,49.275862068965516,0.24324324324324326,0.2413793103448276,1.0,0.631578947368421,0.5416666666666667,0.7631578947368421,0.4090909090909091,0.6296296296296297,0.639344262295082,0.625,0.5,0.3888888888888889,0.6111111111111112,0.2857142857142857,0.6666666666666666,87,2,-0.03752642706131082
P00555,0,0.6666666666666666,0.26666666666666666,0.6666666666666666,0.9877812438119246,5.433240367755318,1.5373774489528824,2.415437013996577,2.174292626971451,0.55,0.44999999999999996,0.4695749448670833,1.0608501102658332,0.5158615397268796,49.516666666666666,0.4166666666666667,0.47368421052631576,1.0,0.4444444444444444,0.4545454545454546,0.6086956521739131,0.5714285714285714,0.4375,0.5434782608695652,0.6153846153846154,0.0,0.75,0.5,0.5,0.5217391304347826,60,1,0.09999999999999998
P00556,0,0.6818181818181818,0.4090909090909091,1.5,0.9870296937811092,5.926025612165525,1.537266181668237,2.4331937613323937,1.92259037438855,0.5151515151515151,0.48484848484848486,0.4600724073402813,1.0798551853194374,0.449476922768247,48.59090909090909,0.4,0.47368421052631576,1.0,0.5555555555555556,0.5862068965517242,0.5925925925925926,0.3181818181818182,0.6470588235294118,0.5,0.5833333333333334,0.0,0.5,0.6,0.5,0.5384615384615384,66,2,-0.06060606060606055
P00557,0,0.7962962962962963,0.4074074074074074,1.0476190476190477,0.9623316334563002,5.820365482459173,1.7262648233740387,2.0011682980248913,1.441856117570849,0.48148148148148145,0.5185185185185186,0.4559024388745996,1.088195122250801,0.42563572716747206,52.851851851851855,0.5,0.5384615384615384,1.0,0.5,0.5294117647058824,0.5,0.4375,0.5,0.45652173913043476,0.5714285714285714,1.0,0.25,0.5,0.6,0.45454545454545453,54,1,-0.07407407407407407
P00558,1,0.7678571428571429,0.35714285714285715,0.8695652173913043,0.9759770383584843,2.4715218954010365,0.38684190778700867,2.2586478939101533,1.7899275298983286,0.5535714285714286,0.4464285714285714,0.4946972177728305,1.010605564454339,0.419347765302678,53.30357142857143,0.45,0.4166666666666667,1.0,0.45454545454545453,0.47058823529411764,0.6,0.5714285714285714,0.5,0.46511627906976744,0.8461538461538461,0.0,0.7,0.8,0.25,0.6818181818181818,56,1,-0.1785714285714286
P00559,0,0.6436781609195402,0.19540229885057472,0.4358974358974359,0.9524750793730765,5.681005522247392,1.7131103385281086,1.960133998875222,1.9285194567860713,0.5632183908045977,0.4367816091954023,0.5024392114257218,0.9951215771485564,0.48575781821215896,47.91954022988506,0.375,0.35714285714285715,0.8571428571428571,0.5,0.4642857142857143,0.6578947368421053,0.7,0.3448275862068966,0.5217391304347826,0.7058823529411765,1.0,0.5,0.8333333333333334,0.14285714285714285,0.64,87,2,0.10200845665961944
P00560,0,0.7272727272727273,0.2545454545454545,0.5384615384615384,0.9619616603042522,5.8278676245351555,1.500717616773409,2.188636344382982,1.853730937252302,0.5818181818181818,0.4181818181818182,0.5045094225861345,0.9909811548277309,0.475827319664968,48.72727272727273,0.42857142857142855,0.3125,0.5,0.4,0.44999999999999996,0.6111111111111112,0.6666666666666666,0.4375,0.5476190476190477,0.6923076923076923,0.0,0.6666666666666666,0.7777777777777778,0.3333333333333333,0.7272727272727273,55,1,-0.021164021164021163
P00561,0,0.7457627118644068,0.23728813559322035,0.4666666666666667,0.940650968843548,6.1468844427687355,1.482709306796677,2.1090456374632156,1.8364751553070973,0.4406779661016949,0.5593220338983051,0.4330666359340204,1.1338667281319594,0.4838106011022085,49.03389830508475,0.6190476190476191,0.5882352941176471,1.0,0.4,0.56,0.391304347826087,0.5454545454545454,0.35714285714285715,0.35714285714285715,0.6470588235294118,0.0,0.8181818181818182,0.6363636363636364,0.3333333333333333,0.4666666666666667,59,1,-0.08275862068965517
P00562,0,0.7037037037037037,0.38271604938271603,1.1923076923076923,0.9946664576387295,5.713945748826645,1.5599962559120177,2.31516787783987,1.9189057148374205,0.48148148148148145,0.5185185185185186,0.4531859041650466,1.0936281916699069,0.3885896330078446,54.44444444444444,0.391304347826087,0.4,1.0,0.5789473684210527,0.6666666666666667,0.6153846153846154,0.25925925925925924,0.5714285714285714,0.48484848484848486,0.4666666666666667,0.0,0.9,0.4,0.375,0.5416666666666666,81,2,-0.13536585365853665
P00563,0,0.64,0.44,2.2,0.9565826682888482,5.707020566245177,1.313417696634076,3.2197723414841475,3.7869003319499126,0.62,0.38,0.515286934654625,0.9694261306907499,0.40511121674177014,47.44,0.25,0.2,1.0,0.6,0.5238095238095238,0.7619047619047619,0.3333333333333333,0.8181818181818182,0.6341463414634146,0.42857142857142855,1.0,0.6,0.6,0.5,0.5833333333333334,50,1,0.040000000000000036
P00564,0,0.7108433734939759,0.4457831325301205,1.6818181818181819,0.9747629245369054,5.636767802526425,1.3071644685472872,2.8314100569384775,2.365904374325291,0.4819277108433735,0.5180722891566265,0.4790580249435872,1.0418839501128259,0.43007419468749786,49.16867469879518,0.42857142857142855,0.15789473684210525,1.0,0.5384615384615384,0.6666666666666667,0.6896551724137931,0.25,0.5454545454545454,0.46153846153846156,0.5625,0.5,0.7,0.6,0.5454545454545454,0.5333333333333333,83,2,-0.10801393728223002
P00565,1,0.6477272727272727,0.2840909090909091,0.78125,0.9948148472869536,2.5069945110044967,0.4824879765701072,2.2816078092470766,1.992906421121313,0.5454545454545454,0.4545454545454546,0.5035499407491849,0.9929001185016304,0.4543012508118292,46.80681818181818,0.32432432432432434,0.21428571428571427,1.0,0.6666666666666666,0.6111111111111112,0.6842105263157895,0.41935483870967744,0.47368421052631576,0.5223880597014925,0.6190476190476191,0.0,0.5,0.7,0.2857142857142857,0.625,88,2,0.18181818181818182
P00566,0,0.6551724137931034,0.26436781609195403,0.6764705882352942,0.9885560011653227,5.862291682802111,1.6092624232584736,2.5133771369633533,3.1849584404234457,0.5632183908045977,0.4367816091954023,0.4829996183203692,1.0340007633592614,0.46999521656010096,50.62068965517241,0.46875,0.4090909090909091,0.875,0.5384615384615384,0.48484848484848486,0.5625,0.5517241379310345,0.5769230769230769,0.5072463768115942,0.8125,0.5,0.9090909090909091,0.7272727272727273,0.2,0.44,87,2,-0.08192389006342493
P00567,0,0.7638888888888888,0.3472222222222222,0.8333333333333334,0.976579441848518,5.470669692358579,1.6151529739897639,2.3913404772340123,1.993002851174226,0.6111111111111112,0.38888888888888884,0.4865407093994768,1.0269185812010464,0.4279802047635646,50.375,0.4444444444444444,0.47619047619047616,1.0,0.7,0.27586206896551724,0.5769230769230769,0.6666666666666666,0.5909090909090909,0.6379310344827587,0.5,0.0,1.0,0.4,0.45454545454545453,0.4782608695652174,72,2,-0.11111111111111105
P00568,0,0.7272727272727273,0.24242424242424243,0.5,0.954724450332373,5.771150542406226,1.541994933208645,1.8971158343945842,1.4978949147475134,0.5454545454545454,0.4545454545454546,0.4412305114094254,1.1175389771811493,0.42062334614207425,47.18181818181818,0.5769230769230769,0.6111111111111112,1.0,0.5,0.4482758620689655,0.48,0.5517241379310345,0.6666666666666666,0.5370370370370371,0.5833333333333334,0.0,0.8571428571428571,0.7142857142857143,0.375,0.47368421052631576,66,2,0.06060606060606066
P00569,0,0.6923076923076923,0.36923076923076925,1.1428571428571428,0.9972337856253102,5.981138192476687,1.3548203722588146,2.1815723227264328,1.4299236806018396,0.5384615384615384,0.46153846153846156,0.4803463640074544,1.039307271985091,0.4471217097537277,50.76923076923077,0.391304347826087,0.23076923076923078,1.0,0.5454545454545454,0.5,0.7,0.44,0.5,0.46153846153846156,0.8461538461538461,0.0,0.7272727272727273,0.9090909090909091,0.16666666666666666,0.5238095238095238,65,2,0.19886363636363635
P00570,0,0.7441860465116279,0.3372093023255814,0.8285714285714286,0.9841397742815842,6.106233719616869,1.8080804296435298,2.637520101503535,3.307970045708373,0.5348837209302325,0.4651162790697675,0.4696937106443468,1.0606125787113063,0.4061567416230599,49.372093023255815,0.5,0.44,0.8571428571428571,0.6428571428571429,0.4375,0.5,0.5517241379310345,0.5652173913043478,0.5428571428571428,0.5,0.5,0.7142857142857143,0.5714285714285714,0.3,0.43478260869565216,86,2,0.046511627906976716
P00571,0,0.735632183908046,0.367816091954023,1.0,0.9898646689213224,5.95034526169439,1.589008904910522,2.5365330901252725,2.475161141584987,0.42528735632183906,0.5747126436781609,0.4313774513126796,1.1372450973746406,0.4337814353335857,47.81609195402299,0.5277777777777778,0.5217391304347826,1.0,0.6363636363636364,0.641025641025641,0.45454545454545453,0.3157894736842105,0.625,0.4492753623188406,0.35294117647058826,0.0,0.7333333333333333,0.4,0.38461538461538464,0.3888888888888889,87,2,0.013213530655391104
P00572,0,0.6944444444444444,0.2916666666666667,0.7241379310344828,0.9902704472096199,5.522993136598227,1.5388475238498929,2.4044352261031348,2.1644304918757005,0.5277777777777778,0.4722222222222222,0.4822605503046566,1.0354788993906867,0.4603320814524711,52.513888888888886,0.34782608695652173,0.3076923076923077,1.0,0.5294117647058824,0.5357142857142857,0.65,0.48484848484848486,0.47368421052631576,0.46938775510204084,0.6363636363636364,1.0,0.6666666666666666,0.6111111111111112,0.3333333333333333,0.4166666666666667,72,2,0.0
P00573,1,0.651685393258427,0.2808988764044944,0.7575757575757576,0.993882933905085,2.486376941107651,0.4991789229319464,2.3189751240360166,2.104971631157443,0.5730337078651685,0.4269662921348315,0.5148394706692211,0.9703210586615576,0.4596002920831899,46.2247191011236,0.36585365853658536,0.25806451612903225,1.0,0.8333333333333334,0.59375,0.6341463414634146,0.48,0.5652173913043478,0.5373134328358209,0.6818181818181818,0.0,0.6666666666666666,0.6666666666666666,0.0,0.5416666666666666,89,2,0.009595959595959491
P00574,1,0.6438356164383562,0.3424657534246575,1.1363636363636365,0.9977493717519853,2.359777148380498,0.4026076492981659,2.313161081371539,1.7129022749000393,0.7123287671232876,0.28767123287671237,0.5332993356226,0.9334013287548001,0.40363074140550514,48.43835616438356,0.21428571428571427,0.15,1.0,0.5714285714285714,0.40625,0.7857142857142857,0.5769230769230769,0.7894736842105263,0.7413793103448276,0.6,0.0,0.75,0.375,0.2,0.55,73,2,-0.07432432432432434
P00575,0,0.6323529411764706,0.35294117647058826,1.263157894736842,0.9937268476772099,6.1094874701549955,1.7012826305343196,2.792767109643248,2.4204945672988534,0.5882352941176471,0.4117647058823529,0.4888052818297608,1.0223894363404784,0.4728574876416575,48.44117647058823,0.4,0.2857142857142857,1.0,0.9090909090909091,0.5,0.6666666666666666,0.375,0.7647058823529411,0.625,0.5,0.0,0.4444444444444444,0.6666666666666666,0.6,0.5294117647058824,68,2,-0.17647058823529416
P00576,1,0.7014925373134329,0.3283582089552239,0.88,0.9961675816323877,2.518913641390972,0.5118156514081604,2.2618983288017858,1.903930616078117,0.5970149253731343,0.4029850746268657,0.5274489336803299,0.9451021326393402,0.44113486137895147,52.53731343283582,0.2727272727272727,0.2,0.875,0.45454545454545453,0.4285714285714286,0.7894736842105263,0.55,0.5,0.58,0.6470588235294118,0.0,0.7857142857142857,0.7142857142857143,0.5,0.6896551724137931,67,2,0.10160427807486638
P00577,0,0.6307692307692307,0.24615384615384617,0.64,0.9834583860120343,5.930884839499852,1.7375386570230946,2.140579979644917,1.7967979253309532,0.5846153846153846,0.41538461538461535,0.49741488538658746,1.0051702292268254,0.4451970538682291,49.83076923076923,0.38461538461538464,0.25,1.0,0.5,0.4347826086956522,0.7727272727272727,0.5,0.47368421052631576,0.5818181818181818,0.6,0.0,1.0,0.6666666666666666,0.2,0.6153846153846154,65,2,-0.20265151515151514
P00578,1,0.6527777777777778,0.2638888888888889,0.6785714285714286,0.9886461976852207,2.3646686718258687,0.4464176245908429,1.9876278554141207,1.4669069273565247,0.6388888888888888,0.36111111111111116,0.5244899045358498,0.9510201909283005,0.39871610440917127,47.75,0.25806451612903225,0.2,1.0,0.4444444444444444,0.4482758620689655,0.75,0.5769230769230769,0.5,0.625,0.6875,0.0,0.7272727272727273,0.6363636363636364,0.16666666666666666,0.6842105263157895,72,2,0.11111111111111105
P00579,1,0.7619047619047619,0.3492063492063492,0.8461538461538461,0.9779045437858268,2.358358426695347,0.44986906312282127,2.4387524927547357,2.7612136090639274,0.6190476190476191,0.38095238095238093,0.5181379087724085,0.963724182455183,0.3898071142695744,52.04761904761905,0.38095238095238093,0.4,1.0,0.5,0.375,0.6666666666666666,0.6086956521739131,0.5789473684210527,0.6595744680851063,0.5333333333333333,0.0,0.8461538461538461,0.38461538461538464,0.42857142857142855,0.5416666666666666,63,2,0.2026209677419355
P00580,0,0.7727272727272727,0.3484848484848485,0.8214285714285714,0.9720026364292838,5.580956203574647,1.5780394367787838,2.11942474489817,1.5199008062861843,0.6212121212121212,0.3787878787878788,0.5228031509380113,0.9543936981239775,0.35458630814234127,54.86363636363637,0.3684210526315789,0.3076923076923077,1.0,0.7777777777777778,0.41666666666666663,0.6190476190476191,0.6,0.64,0.6226415094339622,0.6153846153846154,0.0,0.8571428571428571,0.5714285714285714,0.0,0.6153846153846154,66,2,0.1515151515151516
P00581,0,0.6164383561643836,0.2602739726027397,0.7307692307692307,0.9881327904155044,5.9072518857723475,1.3121562046414181,2.168110682204923,1.9854366310274496,0.6164383561643836,0.3835616438356164,0.5149922059944629,0.9700155880110742,0.4584088009163779,49.19178082191781,0.25,0.2,1.0,0.3,0.4,0.7931034482758621,0.5217391304347826,0.47619047619047616,0.6557377049180327,0.4166666666666667,0.0,0.5,0.375,0.4166666666666667,0.6363636363636364,73,2,-0.09909909909909909
P00582,0,0.82,0.48,1.411764705882353,0.9355112959891407,6.284586351348935,1.7983685256947692,2.4189083869536896,1.8301069737865294,0.44,0.56,0.44723638483441375,1.1055272303311725,0.4517887299753601,53.18,0.631578947368421,0.5454545454545454,1.0,0.7,0.6470588235294117,0.47058823529411764,0.3333333333333333,0.5,0.4523809523809524,0.375,0.0,0.8333333333333334,0.16666666666666666,0.75,0.3333333333333333,50,1,-0.31999999999999995
P00583,0,0.7272727272727273,0.37662337662337664,1.0740740740740742,0.9917927820445334,5.951946082891831,1.5324097029926795,2.5028855993997317,1.9272500459236128,0.5324675324675324,0.4675324675324676,0.46043617904743955,1.079127641905121,0.440830050519186,51.064935064935064,0.4782608695652174,0.35714285714285715,1.0,0.375,0.5428571428571429,0.5909090909090909,0.4444444444444444,0.631578947368421,0.5254237288135594,0.5882352941176471,0.0,0.6923076923076923,0.5384615384615384,0.6,0.4,77,2,0.012145748987854255
P00584,1,0.6428571428571429,0.32142857142857145,1.0,0.9988520869152713,2.500663721061021,0.4589410156051734,2.9810809687933255,2.7101669707765588,0.5357142857142857,0.4642857142857143,0.4928612048897564,1.0142775902204872,0.4501274523878256,50.19642857142857,0.3333333333333333,0.1875,0.8333333333333334,0.6666666666666666,0.7083333333333333,0.7,0.35,0.5625,0.5714285714285714,0.46153846153846156,0.0,0.6666666666666666,0.5555555555555556,0.2,0.7058823529411765,56,1,-0.1428571428571428
P00585,1,0.6857142857142857,0.2857142857142857,0.7142857142857143,0.9905400268439299,2.394897820225204,0.4500738168026911,2.201408584015329,1.9007935522514137,0.4714285714285714,0.5285714285714286,0.4485276248601657,1.1029447502796688,0.3673686431560136,49.5,0.5333333333333333,0.5,1.0,0.6363636363636364,0.6206896551724138,0.45454545454545453,0.3684210526315789,0.6111111111111112,0.5172413793103449,0.2727272727272727,0.0,0.8888888888888888,0.2222222222222222,0.1111111111111111,0.47619047619047616,70,2,-0.1428571428571428
P00586,0,0.7450980392156863,0.5294117647058824,2.4545454545454546,0.9247731098639027,5.912314447309542,1.5123791302332366,2.706183124257607,1.9145972925326573,0.5686274509803921,0.43137254901960786,0.500614058759742,0.998771882480516,0.44002447988596954,50.94117647058823,0.3888888888888889,0.0,1.0,0.75,0.6666666666666667,0.7857142857142857,0.3181818181818182,0.7333333333333333,0.5454545454545454,0.6666666666666666,1.0,0.6,0.8,0.8571428571428571,0.4375,51,1,-0.21846153846153848
P00587,1,0.6666666666666666,0.2988505747126437,0.8125,0.9967471948486754,2.3864395901362134,0.4937499493592702,2.5202648800479883,2.1893639780034873,0.5977011494252874,0.4022988505747126,0.49469361806824497,1.01061276386351,0.43525028729911497,50.724137931034484,0.42424242424242425,0.3157894736842105,0.8333333333333334,0.5333333333333333,0.4666666666666667,0.625,0.5294117647058824,0.6666666666666666,0.5714285714285714,0.6206896551724138,1.0,0.6,0.7,0.4,0.6451612903225806,87,2,0.2161733615221988
P00588,0,0.671875,0.375,1.263157894736842,0.9958004852534958,5.628349017639415,1.6069632439466675,2.321629567144279,1.774099747468545,0.578125,0.421875,0.49705760961051715,1.005884780778966,0.48012198504976505,47.46875,0.42857142857142855,0.23809523809523808,1.0,0.6666666666666666,0.5454545454545454,0.64,0.4444444444444444,0.75,0.58,0.5714285714285714,0.0,0.45454545454545453,0.7272727272727273,0.4,0.6111111111111112,64,2,-0.15625
P00589,1,0.7678571428571429,0.30357142857142855,0.6538461538461539,0.9622564108390014,2.474729541343076,0.46380423558402656,2.1134960954784834,1.782925517705306,0.5714285714285714,0.4285714285714286,0.5009643016414171,0.9980713967171659,0.37863173273723755,53.82142857142857,0.4,0.3,1.0,0.6666666666666666,0.46153846153846156,0.6111111111111112,0.5454545454545454,0.5625,0.47619047619047616,0.8461538461538461,1.0,0.6666666666666666,0.8888888888888888,0.0,0.6111111111111112,56,1,-0.0714285714285714
P00590,0,0.6144578313253012,0.3614457831325301,1.4285714285714286,0.9857926895665383,5.9021094647717005,1.5371715550893235,2.974905204413266,2.6428556377123757,0.6024096385542169,0.3975903614457831,0.505797423952872,0.9884051520942561,0.42870810201283865,49.42168674698795,0.23529411764705882,0.17391304347826086,0.8,0.6,0.5172413793103448,0.7647058823529411,0.38461538461538464,0.6086956521739131,0.6153846153846154,0.5555555555555556,0.0,0.6666666666666666,0.4444444444444444,0.25,0.4583333333333333,83,2,-0.06271777003484325
P00591,1,0.6781609195402298,0.367816091954023,1.1851851851851851,0.9975085251226785,2.4815227280515377,0.4419334451266617,2.785199998997212,2.96218985600694,0.5862068965517241,0.4137931034482759,0.49872024603076154,1.0025595079384768,0.4175551214770529,51.04597701149425,0.3125,0.21739130434782608,1.0,0.6153846153846154,0.6,0.7777777777777778,0.4166666666666667,0.625,0.5737704918032787,0.6,1.0,0.5,0.625,0.25,0.6129032258064516,87,2,-0.2204016913319239
P00592,0,0.7241379310344828,0.22988505747126436,0.46511627906976744,0.9480556274237432,5.784117508553689,1.5750668556358605,2.252019556007048,2.7272516938442917,0.5402298850574713,0.45977011494252873,0.4672932490362571,1.0654135019274857,0.453809739671002,52.333333333333336,0.5,0.4090909090909091,0.7272727272727273,0.3,0.31034482758620685,0.5714285714285714,0.6785714285714286,0.3870967741935484,0.5625,0.5238095238095238,0.0,0.631578947368421,0.5263157894736842,0.16666666666666666,0.5,87,2,-0.035412262156448215
P00593,1,0.6923076923076923,0.38461538461538464,1.25,0.99473723787795,2.4581293575258742,0.4869206967816742,2.8183963195880124,2.547306352413548,0.5,0.5,0.47695745924108945,1.0460850815178213,0.40696724991370736,51.17307692307692,0.375,0.2727272727272727,1.0,0.7142857142857143,0.7,0.6470588235294118,0.23529411764705882,0.6111111111111112,0.5,0.5,0.0,0.7142857142857143,0.42857142857142855,0.2,0.5,52,1,-0.07692307692307687
P00594,0,0.6901408450704225,0.2535211267605634,0.5806451612903226,0.9764821083260553,6.004223329536344,1.4190750756485857,2.0899444472821944,1.6951812839549412,0.6901408450704225,0.3098591549295775,0.5264465642902572,0.9471068714194854,0.4414648341032669,45.267605633802816,0.42857142857142855,0.32142857142857145,1.0,0.7,0.33333333333333337,0.6470588235294118,0.8421052631578947,0.6111111111111112,0.6779661016949152,0.7272727272727273,1.0,0.8571428571428571,0.5714285714285714,0.125,0.6818181818181818,71,2,-0.21666666666666667
P00595,0,0.5942028985507246,0.2608695652173913,0.782608695652174,0.9855458760638377,5.841862671785349,1.3432706948210371,3.1345358334089237,3.515120562682762,0.7391304347826086,0.26086956521739135,0.5335531726424373,0.9328936547151251,0.4333378497735683,49.869565217391305,0.19230769230769232,0.0625,1.0,0.8,0.3571428571428571,0.88,0.6428571428571429,0.6875,0.7115384615384616,0.7692307692307693,1.0,0.6363636363636364,0.8181818181818182,0.2222222222222222,0.7368421052631579,69,2,0.06554621848739495
P00596,1,0.6851851851851852,0.3148148148148148,0.85,0.9972385323724932,2.4089814135083087,0.48087634391640627,2.1765288926367807,1.680684583278164,0.5370370370370371,0.4629629629629629,0.5146616540162532,0.9706766919674936,0.3946528087519674,51.18518518518518,0.3181818181818182,0.26666666666666666,1.0,0.5454545454545454,0.4736842105263158,0.6956521739130435,0.3333333333333333,0.5,0.5,0.7,0.0,0.4,0.8,0.18181818181818182,0.38095238095238093,54,1,-0.03703703703703709
P00597,1,0.6428571428571429,0.18571428571428572,0.40625,0.9450218183011521,2.301484368139421,0.4051899332649941,1.9834977831885399,2.7920986321539956,0.4857142857142857,0.5142857142857142,0.48649739130672537,1.0270052173865492,0.44981734072943536,48.4,0.34375,0.30434782608695654,0.8333333333333334,0.45454545454545453,0.625,0.65625,0.5294117647058824,0.19047619047619047,0.4745762711864407,0.6,0.0,0.6666666666666666,0.3333333333333333,0.1111111111111111,0.5,70,2,0.22857142857142854
P00598,0,0.8591549295774648,0.4225352112676056,0.967741935483871,0.9119686241211814,5.568809425855796,1.926429166274977,2.532227678416977,2.252738912174385,0.4788732394366197,0.5211267605633803,0.44104767376009424,1.1179046524798113,0.42969248743936816,51.19718309859155,0.6923076923076923,0.6428571428571429,1.0,0.5,0.5161290322580645,0.3333333333333333,0.5,0.6,0.46551724137931033,0.6363636363636364,0.0,1.0,0.42857142857142855,0.5454545454545454,0.45,71,2,0.04285714285714287
P00599,0,0.7142857142857143,0.2698412698412698,0.6071428571428571,0.9756094724221953,5.576304913812034,1.5283553745186071,2.061831816620009,2.033907921626968,0.5396825396825397,0.46031746031746035,0.4533211397653482,1.093357720469304,0.4926208968507456,51.06349206349206,0.5416666666666666,0.4117647058823529,1.0,0.5333333333333333,0.5,0.5454545454545454,0.5714285714285714,0.5,0.54,0.5,1.0,0.5,0.5,0.2857142857142857,0.42857142857142855,63,2,0.17338709677419356
P00600,1,0.7631578947368421,0.3157894736842105,0.7058823529411765,0.9693986975683961,2.450621417584445,0.5000782727237704,2.160698126257826,1.7232257685376386,0.4605263157894737,0.5394736842105263,0.4479072435662,1.1041855128676001,0.35367280130351136,51.36842105263158,0.5217391304347826,0.5,1.0,0.6,0.5238095238095238,0.5238095238095238,0.4,0.5,0.46774193548387094,0.38461538461538464,1.0,0.6666666666666666,0.5555555555555556,0.38461538461538464,0.52,76,2,-0.07894736842105265
P00601,0,0.7123287671232876,0.3972602739726027,1.2608695652173914,0.9912956803216381,5.494242768683967,1.7606722759663582,2.2285468890280224,1.5802959823377458,0.6027397260273972,0.3972602739726028,0.48972535122714156,1.0205492975457169,0.4369278782268713,49.95890410958904,0.43333333333333335,0.4444444444444444,0.9,0.8333333333333334,0.33333333333333337,0.6,0.4827586206896552,0.7894736842105263,0.5689655172413793,0.7333333333333333,0.0,0.5555555555555556,0.7777777777777778,0.3333333333333333,0.6363636363636364,73,2,-0.12612612612612606
P00602,0,0.7444444444444445,0.17777777777777778,0.3137254901960784,0.8898294031286028,5.549509083851305,1.4935955384455633,1.663219110413109,1.2725680648393354,0.5222222222222223,0.47777777777777775,0.4686732512156816,1.062653497568637,0.38197774755414743,51.27777777777778,0.46875,0.3684210526315789,1.0,0.2857142857142857,0.41666666666666663,0.5483870967741935,0.7333333333333333,0.27586206896551724,0.4583333333333333,0.7777777777777778,0.0,0.5555555555555556,0.7777777777777778,0.23076923076923078,0.5517241379310345,90,2,0.022222222222222254
P00603,0,0.7123287671232876,0.3424657534246575,0.9259259259259259,0.9951418155260091,5.753326649951449,1.7222889292698473,2.200474795962843,1.6951391451072746,0.5616438356164384,0.4383561643835616,0.4920283758617568,1.0159432482764865,0.368313106610872,50.28767123287671,0.375,0.2857142857142857,1.0,0.42857142857142855,0.4545454545454546,0.625,0.4444444444444444,0.6363636363636364,0.5645161290322581,0.6,0.0,0.7777777777777778,0.5555555555555556,0.0,0.46153846153846156,73,2,0.012012012012011963
P00604,0,0.7368421052631579,0.2982456140350877,0.68,0.9772559374844653,5.644842060750769,1.6017704163520252,2.268318098393806,2.0591704515375153,0.47368421052631576,0.5263157894736843,0.4185110150340978,1.1629779699318044,0.43930154495653173,52.8421052631579,0.55,0.4166666666666667,1.0,0.4,0.5714285714285714,0.5294117647058824,0.5263157894736842,0.38095238095238093,0.5,0.36363636363636365,0.0,0.6666666666666666,0.16666666666666666,0.4,0.5,57,1,-0.12192118226600984
P00605,0,0.7045454545454546,0.25,0.55,0.969580799526856,5.545087157183283,1.8872567541013838,2.0227547353043343,1.8839340908815396,0.5795454545454546,0.4204545454545454,0.4788353382907015,1.042329323418597,0.43723243022664954,47.01136363636363,0.4358974358974359,0.3333333333333333,0.8333333333333334,0.36363636363636365,0.375,0.6,0.6923076923076923,0.4444444444444444,0.5507246376811594,0.6666666666666666,1.0,0.5833333333333334,0.6666666666666666,0.2857142857142857,0.4583333333333333,88,2,0.15909090909090906
P00606,0,0.7758620689655172,0.43103448275862066,1.25,0.9694802928155769,5.98648812542801,1.6980528648895152,2.6278645568066916,2.1887779077533467,0.5,0.5,0.46111054404842966,1.0777789119031407,0.39131105579369113,51.741379310344826,0.47368421052631576,0.42857142857142855,1.0,0.6363636363636364,0.5217391304347826,0.5263157894736842,0.35294117647058826,0.5909090909090909,0.4634146341463415,0.5882352941176471,0.0,0.7,0.5,1.0,0.5,58,1,0.17241379310344823
P00607,1,0.654320987654321,0.2962962962962963,0.8275862068965517,0.997035416729931,2.5036476763569793,0.4453404928468029,2.163782217567622,1.8238274133082606,0.6172839506172839,0.3827160493827161,0.5033140821642071,0.9933718356715855,0.43939363559500433,50.7037037037037,0.3333333333333333,0.25,1.0,0.6666666666666666,0.3846153846153846,0.7142857142857143,0.5483870967741935,0.5909090909090909,0.5909090909090909,0.7333333333333333,0.0,0.7,0.7,0.42857142857142855,0.6666666666666666,81,2,-0.2621951219512195
P00608,0,0.6666666666666666,0.4090909090909091,1.588235294117647,0.9841900509654937,5.842788890232597,1.6781129035135858,2.4789524720362,1.9442315862274218,0.6060606060606061,0.3939393939393939,0.519043992387091,0.9619120152258178,0.41575973880070577,48.121212121212125,0.41935483870967744,0.2222222222222222,0.75,0.75,0.6363636363636364,0.72,0.36363636363636365,0.7368421052631579,0.6111111111111112,0.5833333333333334,0.0,0.75,0.5,0.5,0.6,66,2,0.18181818181818188
P00609,1,0.7307692307692307,0.17307692307692307,0.3103448275862069,0.8943322795105244,2.3659282150523926,0.4552678973771689,1.7858212161613627,1.1014543319929275,0.6730769230769231,0.32692307692307687,0.53014857378333,0.9397028524333398,0.371330824998311,52.96153846153846,0.2857142857142857,0.36363636363636365,1.0,0.2857142857142857,0.30434782608695654,0.7058823529411765,0.8421052631578947,0.4375,0.625,0.8181818181818182,1.0,1.0,0.75,0.25,0.7058823529411765,52,1,0.11538461538461531
P00610,0,0.7294117647058823,0.4117647058823529,1.2962962962962963,0.9861019081112758,5.999494078802526,1.6020349496929693,3.1784228561693073,2.9398871617185276,0.6,0.4,0.4851000614805055,1.029799877038989,0.4328642075032145,50.15294117647059,0.42424242424242425,0.42105263157894735,1.0,0.8666666666666667,0.5277777777777778,0.6551724137931034,0.45714285714285713,0.7619047619047619,0.625,0.47368421052631576,1.0,0.8,0.6666666666666666,0.375,0.5714285714285714,85,2,-0.03765227021040973
P00611,0,0.581081081081081,0.25675675675675674,0.7916666666666666,0.981946163441169,5.398902656211836,1.630225877292186,2.21704271247984,1.8995982686206285,0.5675675675675675,0.43243243243243246,0.4771172028031665,1.045765594393667,0.44052697257629997,49.486486486486484,0.2,0.125,1.0,0.7777777777777778,0.65625,0.76,0.44,0.5,0.5161290322580645,0.9090909090909091,0.0,0.6666666666666666,0.8333333333333334,0.2222222222222222,0.5909090909090909,74,2,0.0
P00612,0,0.7386363636363636,0.375,1.03125,0.988860873889238,5.777013495562922,1.651402986485757,2.566347637145537,2.01339478952004,0.5454545454545454,0.4545454545454546,0.4822432001525952,1.0355135996948095,0.40263123158469205,48.01136363636363,0.5151515151515151,0.391304347826087,1.0,0.7,0.5641025641025641,0.5862068965517241,0.43243243243243246,0.6818181818181818,0.5714285714285714,0.4583333333333333,1.0,0.6428571428571429,0.42857142857142855,0.16666666666666666,0.56,88,2,-0.09090909090909094
P00613,1,0.6428571428571429,0.26785714285714285,0.7142857142857143,0.9906869009405157,2.3701033491128842,0.5356439731840368,2.231581187620995,1.7958405677687472,0.5892857142857143,0.4107142857142857,0.5066411510053574,0.9867176979892852,0.39545056070066953,46.892857142857146,0.30434782608695654,0.26666666666666666,0.0,0.5,0.5769230769230769,0.8095238095238095,0.45454545454545453,0.46153846153846156,0.5365853658536586,0.7142857142857143,1.0,0.3,0.8,0.5,0.4666666666666667,56,1,-0.1785714285714286
P00614,0,0.6,0.18,0.42857142857142855,0.9462212092151776,5.796267647321938,1.5913309560513844,1.8076388080639718,1.1008675380204083,0.6,0.4,0.4806257896723618,1.0387484206552764,0.4418426643911648,50.64,0.4090909090909091,0.25,0.75,0.25,0.4117647058823529,0.6666666666666666,0.6666666666666666,0.36363636363636365,0.5675675675675675,0.75,0.0,0.6,0.7,0.0,0.5789473684210527,50,1,-0.07999999999999996
P00615,0,0.7011494252873564,0.25287356321839083,0.5641025641025641,0.9724039430608635,5.998525005960917,1.479088276884605,1.9949024438557261,1.7816201973992298,0.4942528735632184,0.5057471264367817,0.43324588833551264,1.1335082233289748,0.41630411720994304,51.95402298850575,0.48,0.5,1.0,0.5,0.5,0.5,0.5,0.4782608695652174,0.4857142857142857,0.5294117647058824,0.0,0.5,0.5,0.5,0.5833333333333334,87,2,-0.08033826638477798
P00616,0,0.640625,0.21875,0.5185185185185185,0.9688039099777048,5.636983144588706,1.665771604619947,1.905732917607204,1.6017025098834279,0.546875,0.453125,0.4981391540659974,1.0037216918680052,0.4494213452028615,48.5625,0.41379310344827586,0.3,1.0,0.5,0.4545454545454546,0.5862068965517241,0.5,0.5333333333333333,0.5294117647058824,0.6153846153846154,0.0,0.7777777777777778,0.5555555555555556,0.14285714285714285,0.6363636363636364,64,2,-0.03125
P00617,0,0.6741573033707865,0.33707865168539325,1.0,0.9998846475854004,6.1569605304504975,1.655164835524923,2.868729104035052,3.0528882592417514,0.5168539325842697,0.4831460674157303,0.49013852844270195,1.019722943114596,0.43083328531527615,49.0,0.3888888888888889,0.37037037037037035,1.0,0.7222222222222222,0.625,0.5882352941176471,0.34375,0.6521739130434783,0.5151515151515151,0.45,1.0,0.5714285714285714,0.42857142857142855,0.4444444444444444,0.48148148148148145,89,2,0.033333333333333326
P00618,0,0.6133333333333333,0.3333333333333333,1.1904761904761905,0.9921991403759152,5.5767321631596225,1.4481734576279492,2.8802154223075926,2.7446788984452275,0.5733333333333334,0.42666666666666664,0.5039366385714824,0.9921267228570347,0.5000240232204717,46.48,0.3170731707317073,0.3448275862068966,0.9,0.5333333333333333,0.5,0.6666666666666666,0.3888888888888889,0.5714285714285714,0.5636363636363636,0.5789473684210527,1.0,0.75,0.5833333333333334,0.14285714285714285,0.56,75,2,-0.2019914651493599
P00619,0,0.76,0.4266666666666667,1.28,0.9758914124809773,5.875488250507594,1.7546498366329948,2.621378339906835,2.272411686872451,0.5733333333333334,0.42666666666666664,0.4905203931116251,1.0189592137767498,0.465727134652634,50.10666666666667,0.48148148148148145,0.3333333333333333,1.0,0.75,0.5,0.56,0.5,0.6428571428571429,0.5517241379310345,0.625,1.0,0.5454545454545454,0.7272727272727273,0.42857142857142855,0.5909090909090909,75,2,-0.14864864864864868
P00620,1,0.6867469879518072,0.3373493975903614,0.9655172413793104,0.9990693093933267,2.356813888264771,0.3873663887048413,2.0443489378559914,1.3052057879648105,0.6024096385542169,0.3975903614457831,0.5305700794403146,0.9388598411193707,0.42519880804841065,48.27710843373494,0.37142857142857144,0.3333333333333333,1.0,0.8571428571428571,0.5151515151515151,0.6666666666666666,0.48148148148148145,0.6521739130434783,0.5873015873015873,0.6111111111111112,1.0,0.3076923076923077,0.6923076923076923,0.5,0.5384615384615384,83,2,-0.20731707317073167
P00621,0,0.7083333333333334,0.4305555555555556,1.55,0.9812472487063978,5.581787366231271,1.398731767015823,2.475784691334678,1.737462768761375,0.5416666666666666,0.45833333333333337,0.46283564005957495,1.0743287198808504,0.46998424825994656,47.97222222222222,0.46875,0.5,1.0,0.6,0.46153846153846156,0.5172413793103449,0.4166666666666667,0.7368421052631579,0.5166666666666667,0.6666666666666666,0.0,0.6666666666666666,0.6666666666666666,0.25,0.5,72,2,-0.08333333333333337
P00622,0,0.6212121212121212,0.4090909090909091,1.9285714285714286,0.9669349850314036,5.4486535070242255,1.787590732298302,2.938981721837926,2.3200904305846164,0.6060606060606061,0.3939393939393939,0.5297572937884549,0.9404854124230898,0.460893181593767,47.21212121212121,0.2222222222222222,0.19047619047619047,1.0,0.625,0.48275862068965514,0.8,0.3181818181818182,0.6842105263157895,0.62,0.5333333333333333,1.0,0.7,0.8,0.3333333333333333,0.625,66,2,0.12121212121212122
P00623,1,0.7974683544303798,0.35443037974683544,0.8,0.9573187852706626,2.427274345031449,0.38114149430592603,2.569415988986269,2.6831921533574046,0.5822784810126582,0.4177215189873418,0.5149953834332058,0.9700092331335883,0.40817382345774306,51.848101265822784,0.36363636363636365,0.35,1.0,0.6428571428571429,0.4871794871794872,0.625,0.5666666666666667,0.56,0.5737704918032787,0.7333333333333333,0.0,0.9166666666666666,0.5,0.15384615384615385,0.72,79,2,-0.2173076923076923
P00624,0,0.639344262295082,0.19672131147540983,0.4444444444444444,0.9543171368125102,5.7580807060306,1.6189780975472976,1.9717829217517255,1.4791169773787414,0.6065573770491803,0.39344262295081966,0.5225832496069849,0.9548335007860302,0.455269441555672,49.98360655737705,0.28,0.3,0.7777777777777778,0.46153846153846156,0.4444444444444444,0.6428571428571429,0.7333333333333333,0.4444444444444444,0.5434782608695652,0.8461538461538461,0.5,0.4,0.8,0.0,0.75,61,2,-0.18387096774193545
P00625,0,0.7592592592592593,0.2222222222222222,0.41379310344827586,0.9201901304220038,5.518575563968979,1.5944051708598856,1.9516122170712262,1.5812870271489718,0.5370370370370371,0.4629629629629629,0.4209962356893414,1.1580075286213172,0.4446829666685169,48.31481481481482,0.6521739130434783,0.5625,0.7142857142857143,0.3,0.35,0.42105263157894735,0.75,0.4,0.5581395348837209,0.5,0.0,0.8333333333333334,0.5,0.2857142857142857,0.47058823529411764,54,1,-0.25925925925925924
P00626,0,0.6984126984126984,0.2698412698412698,0.6296296296296297,0.981337939328966,5.788630413804534,1.4996379805061841,2.118058222876638,1.7780623391844095,0.5238095238095238,0.47619047619047616,0.47821770618359927,1.0435645876328017,0.4566373172567301,51.98412698412698,0.5,0.38461538461538464,1.0,0.6,0.5833333333333333,0.6,0.47619047619047616,0.5,0.5106382978723404,0.5333333333333333,1.0,0.8461538461538461,0.6153846153846154,0.14285714285714285,0.4782608695652174,63,2,0.015120967741935498
P00627,0,0.6716417910447762,0.16417910447761194,0.3235294117647059,0.9161947138573264,5.5863851393366035,1.6373956427633372,1.763242350117117,1.4178160184278956,0.6567164179104478,0.34328358208955223,0.5017645208054602,0.9964709583890795,0.45651107852147493,48.46268656716418,0.36,0.2631578947368421,1.0,0.5714285714285714,0.3666666666666667,0.7083333333333334,0.71875,0.36363636363636365,0.625,0.7222222222222222,1.0,0.4166666666666667,0.75,0.25,0.75,67,2,0.0401069518716578
P00628,0,0.6521739130434783,0.34782608695652173,1.1428571428571428,0.9982526816976662,5.69571780268866,1.4078469491244445,2.5265961403399806,2.162427641710744,0.5507246376811594,0.4492753623188406,0.5062033904768565,0.9875932190462869,0.4564948280504514,49.15942028985507,0.25,0.16666666666666666,1.0,0.7777777777777778,0.6799999999999999,0.7096774193548387,0.35294117647058826,0.47619047619047616,0.509090909090909,0.6923076923076923,1.0,0.4,0.6,0.3333333333333333,0.5,69,2,-0.13193277310924373
P00629,1,0.6,0.2375,0.6551724137931034,0.9792201386497128,2.434865258369681,0.4330547728491368,2.2089854370693005,1.5227812010175128,0.6625,0.3375,0.5419136271542089,0.9161727456915825,0.4283506795031052,45.0,0.325,0.27586206896551724,1.0,0.7,0.4285714285714286,0.6904761904761905,0.5909090909090909,0.6875,0.6491228070175439,0.6818181818181818,1.0,0.5714285714285714,0.7142857142857143,0.7142857142857143,0.5483870967741935,80,2,0.07499999999999996
P00630,1,0.6176470588235294,0.25,0.68,0.9849255798817972,2.3896638784229043,0.4590609206316293,2.2561208842058824,2.071141709475639,0.5735294117647058,0.42647058823529416,0.5142196202810306,0.9715607594379387,0.4224946745990973,48.470588235294116,0.27586206896551724,0.2777777777777778,1.0,0.5555555555555556,0.4666666666666667,0.7777777777777778,0.42857142857142855,0.45,0.5714285714285714,0.5294117647058824,1.0,0.5454545454545454,0.5454545454545454,0.125,0.36363636363636365,68,2,0.02941176470588236
P00631,1,0.75,0.2833333333333333,0.6071428571428571,0.9644525831766093,2.3260232841958555,0.4068364658368498,2.078654855425998,1.618972698466545,0.55,0.44999999999999996,0.5018019870449131,0.9963960259101738,0.44061242365193076,52.95,0.35294117647058826,0.38461538461538464,1.0,0.5833333333333334,0.5384615384615384,0.6190476190476191,0.5652173913043478,0.4375,0.5128205128205128,0.6,1.0,0.6470588235294118,0.6470588235294118,0.5,0.5357142857142857,60,1,0.09999999999999998
P00632,0,0.569620253164557,0.26582278481012656,0.875,0.980314504921047,5.80665088061378,1.6361801530897313,2.3881291144380565,2.0166172256945636,0.5822784810126582,0.4177215189873418,0.5043621080980246,0.991275783803951,0.4536619441796827,47.139240506329116,0.3055555555555556,0.17391304347826086,0.75,0.5833333333333334,0.6428571428571428,0.7272727272727273,0.44,0.5238095238095238,0.55,0.6842105263157895,0.0,0.5,0.7,0.3,0.4782608695652174,79,2,0.03589743589743588
P00633,0,0.7037037037037037,0.2962962962962963,0.7272727272727273,0.9891159297586862,5.752784747105727,1.6501117678932324,2.217695095121972,1.6848965244913945,0.5370370370370371,0.4629629629629629,0.4451395817223384,1.1097208365553233,0.4561144553358468,50.425925925925924,0.5238095238095238,0.36363636363636365,0.6,0.42857142857142855,0.5238095238095238,0.47368421052631576,0.5217391304347826,0.6666666666666666,0.5384615384615384,0.5333333333333333,0.0,0.6666666666666666,0.4166666666666667,0.16666666666666666,0.48,54,1,-0.18518518518518523
P00634,0,0.54,0.18,0.5,0.9408791618294623,6.1673637724778345,1.5226861413770403,1.6135584773143032,0.738173542631712,0.52,0.48,0.46692042741175627,1.0661591451764876,0.46486903576478555,49.56,0.26666666666666666,0.2,1.0,0.3333333333333333,0.625,0.7058823529411765,0.45454545454545453,0.36363636363636365,0.4878048780487805,0.5714285714285714,1.0,0.16666666666666666,0.6666666666666666,0.0,0.5625,50,1,-0.15999999999999998
P00635,0,0.746031746031746,0.3492063492063492,0.88,0.9850990143485218,5.7489762794596695,1.569111337814273,2.7108030913376524,2.600432577634791,0.4444444444444444,0.5555555555555556,0.4108277499992944,1.178344500001411,0.4723136413483994,49.095238095238095,0.6206896551724138,0.6470588235294118,0.7777777777777778,0.36363636363636365,0.4444444444444444,0.35714285714285715,0.5263157894736842,0.5,0.4897959183673469,0.23076923076923078,1.0,0.6666666666666666,0.4444444444444444,0.125,0.47368421052631576,63,2,-0.1411290322580645
P00636,0,0.6206896551724138,0.3275862068965517,1.1176470588235294,0.9948882289892261,6.08807588479316,1.4807291334888453,2.357533038932698,1.8624078562371191,0.6896551724137931,0.31034482758620685,0.5358744447676181,0.9282511104647638,0.4501601441354407,48.98275862068966,0.32,0.11764705882352941,1.0,0.5555555555555556,0.4,0.7916666666666666,0.5,0.7222222222222222,0.6097560975609756,0.8666666666666667,1.0,0.25,0.9166666666666666,0.125,0.6,58,1,0.0
P00637,0,0.6447368421052632,0.25,0.6333333333333333,0.9841108459371499,5.570754019139195,1.5139759660383125,2.3563702337219077,2.2136742256739526,0.5131578947368421,0.48684210526315785,0.44743113712725774,1.1051377257454846,0.4673631504378727,49.473684210526315,0.45714285714285713,0.4583333333333333,0.8,0.4444444444444444,0.5263157894736843,0.6,0.5,0.4230769230769231,0.49206349206349204,0.6666666666666666,0.0,0.5,0.75,0.16666666666666666,0.8095238095238095,76,2,-0.2894736842105264
P00638,0,0.7840909090909091,0.36363636363636365,0.8648648648648649,0.9676855352540741,5.936958954111078,1.616287106269001,2.204353627092857,1.8095512434168948,0.5568181818181818,0.44318181818181823,0.46711319084020225,1.0657736183195956,0.45192625273479536,49.93181818181818,0.59375,0.5217391304347826,1.0,0.6666666666666666,0.4117647058823529,0.4666666666666667,0.59375,0.6153846153846154,0.5428571428571428,0.6111111111111112,0.0,0.8461538461538461,0.6153846153846154,0.42857142857142855,0.5277777777777778,88,2,0.15909090909090906
P00639,0,0.7073170731707317,0.3170731707317073,0.8125,0.9930890619361856,5.957200158728822,1.6794204536985866,2.2013453911915533,1.7855246088640901,0.43902439024390244,0.5609756097560976,0.4477451856531206,1.1045096286937588,0.4372347732049662,48.23170731707317,0.5428571428571428,0.6,1.0,0.6153846153846154,0.6333333333333333,0.47058823529411764,0.30434782608695654,0.52,0.39344262295081966,0.55,1.0,0.625,0.5625,0.75,0.45454545454545453,82,2,-0.09756097560975607
P00640,0,0.5714285714285714,0.35064935064935066,1.588235294117647,0.9685896479481556,5.955856481918953,1.616451737910549,2.935793101921493,2.6657816680112485,0.6363636363636364,0.36363636363636365,0.5366537147862819,0.9266925704274361,0.4411315227813399,49.94805194805195,0.16666666666666666,0.045454545454545456,1.0,0.8,0.5384615384615384,0.8620689655172413,0.36,0.6521739130434783,0.6842105263157895,0.375,1.0,0.5333333333333333,0.4666666666666667,0.0,0.52,77,2,0.009446693657220062
P00641,0,0.7692307692307693,0.4461538461538462,1.380952380952381,0.9680445885850585,5.799208412120602,1.9079651936550057,2.8211334898361353,3.085903996150399,0.5538461538461539,0.4461538461538461,0.47866493649748276,1.0426701270050343,0.41550751564804467,53.8,0.42857142857142855,0.3333333333333333,0.875,0.5333333333333333,0.52,0.6470588235294118,0.4166666666666667,0.625,0.54,0.5714285714285714,1.0,0.8888888888888888,0.6666666666666666,0.3333333333333333,0.7142857142857143,65,2,0.16761363636363635
P00642,0,0.6835443037974683,0.25316455696202533,0.5882352941176471,0.9782603833567634,5.777485430495844,1.7054231836551068,2.113528206731665,1.9624874386047526,0.6075949367088608,0.3924050632911392,0.5172149597570583,0.9655700804858834,0.4337171434434516,48.40506329113924,0.3548387096774194,0.23809523809523808,1.0,0.6,0.4516129032258065,0.6451612903225806,0.5925925925925926,0.5714285714285714,0.5967741935483871,0.6470588235294118,0.0,0.8181818181818182,0.6363636363636364,0.23076923076923078,0.56,79,2,0.28846153846153844
P00643,1,0.6440677966101694,0.23728813559322035,0.5833333333333334,0.9784245290116099,2.447213141131997,0.48937017117587434,1.9393641536194512,1.612966080715485,0.576271186440678,0.423728813559322,0.49388361522335955,1.012232769553281,0.4337378577368088,46.389830508474574,0.38461538461538464,0.4117647058823529,1.0,0.3333333333333333,0.4444444444444444,0.6956521739130435,0.5,0.5,0.5416666666666666,0.7,1.0,0.5555555555555556,0.7777777777777778,0.3333333333333333,0.5263157894736842,59,1,0.0482758620689655
P00644,1,0.7567567567567568,0.35135135135135137,0.8666666666666667,0.980692896761105,2.4549226078506634,0.44970364640864013,2.1301565757243326,1.4639621048475602,0.5945945945945946,0.4054054054054054,0.47136873501562626,1.0572625299687475,0.3985431106540135,54.4054054054054,0.34782608695652173,0.35714285714285715,1.0,0.4666666666666667,0.3529411764705882,0.5714285714285714,0.6086956521739131,0.6,0.6181818181818182,0.5263157894736842,0.0,0.6923076923076923,0.46153846153846156,0.6666666666666666,0.55,74,2,-0.05405405405405406
P00645,0,0.6986301369863014,0.2328767123287671,0.5,0.9618575283591969,5.6976721697037105,1.3776537453955582,2.13776747905293,1.9576285219195149,0.4246575342465753,0.5753424657534247,0.4437877035688557,1.1124245928622885,0.43373777418357906,51.45205479452055,0.5,0.18181818181818182,1.0,0.2857142857142857,0.5882352941176471,0.5652173913043478,0.43333333333333335,0.25,0.34615384615384615,0.6,1.0,0.5454545454545454,0.9090909090909091,0.09090909090909091,0.43478260869565216,73,2,0.1253753753753754
P00646,0,0.6835443037974683,0.16455696202531644,0.3170731707317073,0.9115491454606768,5.710367465859881,1.562171033091349,1.899352042379367,1.5248487631508383,0.4810126582278481,0.5189873417721519,0.47391432935480016,1.0521713412903995,0.4676871282835928,51.78481012658228,0.34615384615384615,0.17647058823529413,0.9,0.38461538461538464,0.6,0.6818181818181818,0.5666666666666667,0.2222222222222222,0.4426229508196721,0.5882352941176471,1.0,0.7,0.6,0.0,0.5294117647058824,79,2,-0.012179487179487192
P00647,0,0.6486486486486487,0.3783783783783784,1.4,0.9911021137777197,5.830287546797823,1.8345459152531192,2.65700217687484,1.9271994615342996,0.6081081081081081,0.3918918918918919,0.5316779459401253,0.9366441081197494,0.45680074935095893,51.608108108108105,0.2962962962962963,0.21052631578947367,1.0,0.6923076923076923,0.6206896551724138,0.8076923076923077,0.4,0.6666666666666666,0.5689655172413793,0.7333333333333333,1.0,0.6666666666666666,0.6666666666666666,0.8,0.43478260869565216,74,2,-0.1351351351351351
P00648,0,0.5753424657534246,0.2602739726027397,0.8260869565217391,0.981178387759316,5.576124253056678,1.3706714154328115,2.6878678951775083,3.0762603116281317,0.589041095890411,0.410958904109589,0.483771143959179,1.032457712081642,0.4499509745384926,52.50684931506849,0.24,0.2222222222222222,1.0,0.5,0.6666666666666667,0.7916666666666666,0.44,0.5416666666666666,0.5423728813559322,0.8333333333333334,0.5,0.8571428571428571,0.7142857142857143,0.2857142857142857,0.65,73,2,-0.04354354354354362
P00649,0,0.6588235294117647,0.4588235294117647,2.2941176470588234,0.9523270466521194,5.779344668657546,1.4827788915675824,2.936066200155988,1.9822272309030535,0.611764705882353,0.388235294117647,0.4939917001833695,1.012016599633261,0.45194389451239086,51.72941176470588,0.3103448275862069,0.19047619047619047,0.875,0.7368421052631579,0.53125,0.7666666666666667,0.3333333333333333,0.6774193548387096,0.6268656716417911,0.5,1.0,0.7142857142857143,0.6428571428571429,0.75,0.6551724137931034,85,2,-0.10852713178294571
P00650,1,0.6379310344827587,0.20689655172413793,0.48,0.9617140081993407,2.3862296595656427,0.41451609036783954,2.2562176343588054,3.124622342171243,0.5,0.5,0.4987687313914472,1.0024625372171054,0.40017445875213425,48.43103448275862,0.30434782608695654,0.3125,1.0,0.4,0.6,0.64,0.4375,0.35294117647058826,0.4666666666666667,0.6666666666666666,0.0,0.75,0.5,0.09090909090909091,0.35,58,1,0.03448275862068967
P00651,0,0.7831325301204819,0.3373493975903614,0.7567567567567568,0.9632238106222111,5.785329493989803,1.645621912567171,2.1664074549330037,1.6296129362878902,0.5180722891566265,0.4819277108433735,0.4604864485084451,1.0790271029831098,0.366899599899065,52.93975903614458,0.5555555555555556,0.6111111111111112,0.9,0.5882352941176471,0.5428571428571429,0.5185185185185185,0.5217391304347826,0.5151515151515151,0.4603174603174603,0.7368421052631579,0.0,0.3,0.7,0.23076923076923078,0.5769230769230769,83,2,-0.22938443670150988
P00652,1,0.651685393258427,0.19101123595505617,0.4146341463414634,0.9472005845856595,2.4242469604293775,0.4111464354350814,1.9862952544195076,1.6131524637746304,0.6292134831460674,0.3707865168539326,0.5280160468492885,0.9439679063014229,0.423200053999926,47.1123595505618,0.35714285714285715,0.30303030303030304,1.0,0.5714285714285714,0.41666666666666663,0.675,0.6666666666666666,0.5,0.6166666666666667,0.6428571428571429,1.0,0.6111111111111112,0.6666666666666666,0.0,0.6785714285714286,89,2,-0.014141414141414121
P00653,0,0.7037037037037037,0.3950617283950617,1.28,0.9922916189571052,5.84074284255125,1.522933197402043,3.3426566893447767,3.4811178251457293,0.5432098765432098,0.45679012345679015,0.4823462790714797,1.0353074418570405,0.4764632555858957,48.617283950617285,0.3870967741935484,0.4166666666666667,1.0,0.8181818181818182,0.4666666666666667,0.5666666666666667,0.4444444444444444,0.625,0.56,0.5333333333333333,0.0,0.6363636363636364,0.45454545454545453,0.4444444444444444,0.4827586206896552,81,2,-0.06280487804878043
P00654,0,0.7121212121212122,0.2878787878787879,0.6785714285714286,0.9837038827022061,5.828474708201097,1.5803933509588375,2.408977855922535,2.19483530400232,0.5,0.5,0.4628704552553377,1.0742590894893247,0.48004315355780147,51.09090909090909,0.5,0.4666666666666667,1.0,0.5,0.52,0.52,0.5238095238095238,0.45,0.46938775510204084,0.625,0.0,0.7272727272727273,0.6363636363636364,0.14285714285714285,0.5,66,2,-0.15151515151515155
P00655,0,0.7213114754098361,0.26229508196721313,0.5714285714285714,0.9689650714944731,6.1485577663455855,1.5830278651536107,2.1310996012331063,1.6484145607605312,0.45901639344262296,0.540983606557377,0.45431474233791724,1.091370515324166,0.44557899578019483,54.032786885245905,0.45,0.36363636363636365,0.8888888888888888,0.21428571428571427,0.5,0.631578947368421,0.47058823529411764,0.32,0.4489795918367347,0.4444444444444444,0.6666666666666666,0.75,0.5,0.5,0.5,61,2,-0.08064516129032256
P00656,0,0.6794871794871795,0.358974358974359,1.12,0.998669795501761,5.7443086704072375,1.6229584262783123,2.9041406103720373,2.781768539126141,0.5769230769230769,0.42307692307692313,0.48274381552543577,1.0345123689491287,0.4669136345783108,48.256410256410255,0.4444444444444444,0.38095238095238093,1.0,0.6428571428571429,0.5217391304347826,0.5806451612903226,0.44,0.7272727272727273,0.5892857142857143,0.5454545454545454,0.0,0.9,0.6,0.3,0.6071428571428571,78,2,-0.07692307692307698
P00657,0,0.7209302325581395,0.32558139534883723,0.8235294117647058,0.9907064003642164,5.66856429671593,1.516754387632341,2.0585329216180908,2.4298948387574435,0.5813953488372093,0.41860465116279066,0.47625489923171355,1.0474902015365728,0.4449287425873747,50.7906976744186,0.5151515151515151,0.2631578947368421,1.0,0.6666666666666666,0.48275862068965514,0.6428571428571429,0.5806451612903226,0.5185185185185185,0.5833333333333334,0.5833333333333334,0.5,0.4444444444444444,0.3333333333333333,0.5454545454545454,0.4482758620689655,86,2,-0.18604651162790697
P00658,1,0.6341463414634146,0.35365853658536583,1.2608695652173914,0.9940157667316936,2.4300057266440893,0.4669930824929447,2.5257440105152438,2.71261121868818,0.5365853658536586,0.46341463414634143,0.515060864213936,0.9698782715721279,0.41058221795690913,49.23170731707317,0.23333333333333334,0.09523809523809523,1.0,0.7,0.6666666666666667,0.7096774193548387,0.30303030303030304,0.6666666666666666,0.5074626865671642,0.7142857142857143,0.0,0.625,0.625,0.6666666666666666,0.6666666666666666,82,2,0.04878048780487809
P00659,1,0.6086956521739131,0.3333333333333333,1.2105263157894737,0.9907762154134976,2.434372642977259,0.39285590162673506,2.7634951538550703,2.2962417706311573,0.6666666666666666,0.33333333333333337,0.5410461858733863,0.9179076282532271,0.43021484500964524,49.72463768115942,0.17857142857142858,0.18181818181818182,1.0,0.7272727272727273,0.5714285714285714,0.8461538461538461,0.4230769230769231,0.7647058823529411,0.68,0.6470588235294118,0.5,0.6,0.7,0.2857142857142857,0.631578947368421,69,2,-0.19327731092436973
P00660,0,0.65,0.2375,0.5757575757575758,0.9777256640355179,5.771952913763412,1.8071764333356584,2.1314671394241205,1.7154162227422067,0.5875,0.4125,0.5278549919494676,0.9442900161010648,0.41976509368271403,47.3125,0.3142857142857143,0.14285714285714285,1.0,0.375,0.5172413793103448,0.7272727272727273,0.5555555555555556,0.4,0.5344827586206896,0.7272727272727273,0.0,0.6923076923076923,0.6153846153846154,0.0,0.6190476190476191,80,2,0.125
P00661,1,0.7222222222222222,0.2962962962962963,0.6956521739130435,0.9828324733131535,2.2846135749471017,0.453355320421106,1.9401697741853046,1.62704391910316,0.5,0.5,0.48541543530201176,1.0291691293959766,0.39917958986209884,53.72222222222222,0.35294117647058826,0.26666666666666666,1.0,0.6428571428571429,0.7142857142857143,0.6470588235294118,0.38461538461538464,0.4583333333333333,0.48,0.75,0.0,1.0,0.5,0.25,0.6,54,1,-0.037037037037037035
P00662,1,0.6290322580645161,0.2903225806451613,0.8571428571428571,0.995453798065854,2.457077940130821,0.434728928346333,1.9868598790365388,1.2961928743165525,0.5967741935483871,0.4032258064516129,0.5192870769985886,0.9614258460028227,0.40499860191237885,46.58064516129032,0.3333333333333333,0.2222222222222222,1.0,0.6666666666666666,0.48275862068965514,0.7272727272727273,0.46153846153846156,0.6428571428571429,0.56,0.75,0.0,0.75,0.75,0.16666666666666666,0.5882352941176471,62,2,0.032258064516129004
P00663,0,0.5818181818181818,0.23636363636363636,0.6842105263157895,0.9764099107541802,5.855395433372998,1.7064075408179467,2.0941416661622183,1.9972167929595477,0.5818181818181818,0.4181818181818182,0.5123086514398534,0.9753826971202932,0.41655682873958555,48.38181818181818,0.28,0.23076923076923078,1.0,0.5,0.6521739130434783,0.75,0.4444444444444444,0.46153846153846156,0.5454545454545454,0.7272727272727273,0.0,0.75,0.75,0.25,0.6470588235294118,55,1,-0.09391534391534395
P00664,0,0.7215189873417721,0.25316455696202533,0.5405405405405406,0.9639875640154212,6.110249344452231,1.5673932589710327,2.088024694497142,1.9056388802463375,0.6075949367088608,0.3924050632911392,0.4887102085042746,1.022579582991451,0.46514054004087474,48.91139240506329,0.4444444444444444,0.3181818181818182,1.0,0.6153846153846154,0.3939393939393939,0.5925925925925926,0.6363636363636364,0.5789473684210527,0.5666666666666667,0.7222222222222222,1.0,0.6923076923076923,0.6923076923076923,0.3333333333333333,0.7058823529411765,79,2,-0.015384615384615441
P00665,0,0.7088607594936709,0.31645569620253167,0.8064516129032258,0.9925584326808131,5.748358607942893,1.5328523842467998,2.621875111820188,2.3110876180603404,0.6329113924050633,0.36708860759493667,0.5049918010374642,0.9900163979250717,0.44134591243198185,48.9873417721519,0.40625,0.4166666666666667,1.0,0.8333333333333334,0.4,0.6206896551724138,0.5925925925925926,0.6956521739130435,0.6551724137931034,0.5714285714285714,0.0,0.7692307692307693,0.5384615384615384,0.25,0.64,79,2,-0.11730769230769234
P00666,1,0.625,0.3611111111111111,1.368421052631579,0.9896008937028219,2.493977764353958,0.4739957906535147,3.0322274568557193,2.3791779866769533,0.6388888888888888,0.36111111111111116,0.5261374250150183,0.9477251499699635,0.40757648250718304,50.19444444444444,0.1724137931034483,0.10526315789473684,1.0,0.6666666666666666,0.56,0.7857142857142857,0.4166666666666667,0.7,0.68,0.5714285714285714,0.0,0.8333333333333334,0.5,0.2857142857142857,0.6086956521739131,72,2,-0.05555555555555547
P00667,0,0.6923076923076923,0.3076923076923077,0.8,0.99473723787795,5.869254685209986,1.8326426115060395,2.235970000116083,1.7261914299607717,0.6730769230769231,0.32692307692307687,0.5377225290508083,0.9245549418983834,0.4433954652936782,48.0,0.3333333333333333,0.13333333333333333,1.0,0.6666666666666666,0.42105263157894735,0.6956521739130435,0.7222222222222222,0.5454545454545454,0.6216216216216216,0.8,0.0,0.7,0.8,0.4,0.5882352941176471,52,1,0.11538461538461531
P00668,0,0.6794871794871795,0.3717948717948718,1.2083333333333333,0.9969047588871924,5.74230954428345,1.6267865622507256,2.722652665552203,2.4436201503051356,0.6538461538461539,0.34615384615384615,0.5019075117050481,0.9961849765899038,0.4017768651392223,49.782051282051285,0.40540540540540543,0.2631578947368421,1.0,0.75,0.5,0.7407407407407407,0.5333333333333333,0.7142857142857143,0.6129032258064516,0.8,1.0,0.5454545454545454,0.7272727272727273,0.6,0.7307692307692307,78,2,0.1282051282051282
P00669,0,0.6790123456790124,0.43209876543209874,1.75,0.9764062456525362,5.848127783103165,1.6565064640365452,2.918088424442781,2.510377649658341,0.5432098765432098,0.45679012345679015,0.48916777984912874,1.0216644403017425,0.47537867830847924,49.098765432098766,0.4411764705882353,0.2727272727272727,0.8571428571428571,0.7272727272727273,0.5,0.6666666666666666,0.25,0.6666666666666666,0.5555555555555556,0.5294117647058824,0.0,0.7,0.5,0.6,0.5454545454545454,81,2,-0.06280487804878043
P00670,1,0.5975609756097561,0.1951219512195122,0.48484848484848486,0.957083907651335,2.4470977458555723,0.393731724184938,2.0231273552133815,1.8694968195240529,0.7560975609756098,0.24390243902439024,0.5630602569451382,0.8738794861097237,0.4052209552029255,47.073170731707314,0.2631578947368421,0.20689655172413793,1.0,0.7692307692307693,0.29166666666666663,0.8108108108108109,0.8,0.6,0.7285714285714285,0.8888888888888888,1.0,0.7,0.9,0.1111111111111111,0.631578947368421,82,2,-0.14634146341463405
P00671,0,0.8181818181818182,0.3787878787878788,0.8620689655172413,0.945750396263769,5.77007322575695,1.6219539234076001,2.56056107731061,2.8861305066303675,0.5454545454545454,0.4545454545454546,0.4632180390867956,1.0735639218264088,0.4294981702552178,52.96969696969697,0.5454545454545454,0.5333333333333333,1.0,0.35714285714285715,0.4444444444444444,0.45454545454545453,0.5833333333333334,0.6,0.5106382978723404,0.7058823529411765,0.0,0.7,0.5,0.5,0.45454545454545453,66,2,-0.12121212121212122
P00672,0,0.6625,0.2625,0.65625,0.9868815437059686,5.648800464204516,1.441461710525937,2.1044363220064617,1.7894625720380632,0.525,0.475,0.48840465716961357,1.0231906856607729,0.4369736496924089,48.1,0.34375,0.34615384615384615,1.0,0.6666666666666666,0.625,0.625,0.43478260869565216,0.48,0.5151515151515151,0.5714285714285714,0.0,0.5714285714285714,0.5714285714285714,0.0,0.6111111111111112,80,2,0.050000000000000044
P00673,0,0.632183908045977,0.22988505747126436,0.5714285714285714,0.975929515622993,5.60106777691039,1.7314867645216272,2.2081126727265676,2.092085604599398,0.4482758620689655,0.5517241379310345,0.44385216201088956,1.112295675978221,0.48171269333478256,46.367816091954026,0.425,0.41935483870967744,1.0,0.4,0.6363636363636364,0.5945945945945946,0.37037037037037035,0.30434782608695654,0.4264705882352941,0.5263157894736842,0.0,0.6,0.5,0.09090909090909091,0.3333333333333333,87,2,0.012684989429175453
P00674,0,0.527027027027027,0.1891891891891892,0.56,0.9427733477365696,5.520694662866907,1.7445720667005458,2.6172945491023114,2.6319205202690363,0.5405405405405406,0.45945945945945943,0.4731537659991046,1.053692468001791,0.49363068027267215,45.986486486486484,0.28125,0.21739130434782608,1.0,0.7142857142857143,0.5172413793103448,0.7333333333333333,0.42857142857142855,0.375,0.5535714285714286,0.4375,1.0,0.5833333333333334,0.5,0.2,0.48,74,2,0.05405405405405406
P00675,0,0.6190476190476191,0.2698412698412698,0.7727272727272727,0.9908117971034596,5.49834746332904,1.441930536439458,2.1127190009781938,1.3264328459374057,0.5714285714285714,0.4285714285714286,0.4708935282293799,1.0582129435412402,0.462919021866494,49.888888888888886,0.25,0.26666666666666666,1.0,0.3333333333333333,0.48571428571428577,0.7,0.4827586206896552,0.5714285714285714,0.5227272727272727,0.6666666666666666,1.0,0.6,0.8,0.0,0.5294117647058824,63,2,-0.01814516129032262
P00676,0,0.696969696969697,0.3787878787878788,1.1904761904761905,0.9956872539503975,5.916993516853709,1.4516035269545835,2.6414572946727692,2.143293771982759,0.45454545454545453,0.5454545454545454,0.4546741052281832,1.0906517895436338,0.4774206453467648,50.10606060606061,0.4090909090909091,0.3333333333333333,1.0,0.4,0.7142857142857143,0.5652173913043478,0.2916666666666667,0.5263157894736842,0.42,0.6153846153846154,0.3333333333333333,0.5,0.5833333333333334,0.25,0.42857142857142855,66,2,0.06060606060606061
P00677,1,0.6777777777777778,0.3,0.7941176470588235,0.9956746651764291,2.3910249157178427,0.5010681372358056,2.182290949625569,1.708111660150206,0.5333333333333333,0.4666666666666667,0.47081707300557113,1.0583658539888579,0.4579155486297861,47.25555555555555,0.46153846153846156,0.391304347826087,1.0,0.8,0.5128205128205128,0.5641025641025641,0.47058823529411764,0.5882352941176471,0.5428571428571428,0.5,0.0,0.7,0.4,0.2222222222222222,0.5384615384615384,90,2,-0.08888888888888885
P00678,0,0.6338028169014085,0.352112676056338,1.25,0.9942532840406059,5.823103164428222,1.5058722459883782,2.3865345976797987,1.78477814803818,0.5352112676056338,0.46478873239436624,0.48503625258048505,1.02992749483903,0.46669421355226653,52.42253521126761,0.2962962962962963,0.3333333333333333,0.9166666666666666,0.5555555555555556,0.56,0.6785714285714286,0.3333333333333333,0.52,0.5818181818181818,0.375,0.0,0.6666666666666666,0.4444444444444444,0.42857142857142855,0.6666666666666666,71,2,0.37936507936507935
P00679,1,0.647887323943662,0.3380281690140845,1.0909090909090908,0.9987266554558074,2.49076461121893,0.45907235772546995,2.3370117636592838,1.6521906152068428,0.6056338028169014,0.3943661971830986,0.523820274949278,0.9523594501014441,0.4187664922389005,49.605633802816904,0.25,0.16666666666666666,1.0,0.6363636363636364,0.5806451612903225,0.7586206896551724,0.46153846153846156,0.5625,0.5849056603773585,0.6666666666666666,0.0,0.6666666666666666,0.75,0.5,0.6538461538461539,71,2,0.18015873015873018
P00680,0,0.7166666666666667,0.23333333333333334,0.4827586206896552,0.9541987021402896,5.740506605534413,1.6171220064960554,1.8231345678645,0.8187235629889238,0.6,0.4,0.5008068624742347,0.9983862750515307,0.42534771858355314,53.266666666666666,0.3888888888888889,0.3333333333333333,0.8,0.5,0.26086956521739135,0.7058823529411765,0.6666666666666666,0.42105263157894735,0.6,0.6,0.0,0.6363636363636364,0.5454545454545454,0.14285714285714285,0.6296296296296297,60,1,-0.1333333333333333
P00681,0,0.6666666666666666,0.31666666666666665,0.9047619047619048,0.999241150939378,5.949505908340494,1.544269107995579,2.2192024080182975,1.6124654896139432,0.55,0.44999999999999996,0.48116353218668856,1.037672935626623,0.3991033902372597,51.35,0.43478260869565216,0.3333333333333333,0.8333333333333334,0.5384615384615384,0.5238095238095238,0.6666666666666666,0.42105263157894735,0.5294117647058824,0.5227272727272727,0.6666666666666666,0.0,0.5714285714285714,0.7142857142857143,0.6666666666666666,0.7,60,1,0.09999999999999998
P00682,0,0.746268656716418,0.2835820895522388,0.6129032258064516,0.9666446417434934,5.869186013535889,1.6101049267406158,1.9417378387722761,1.3487425589824007,0.4626865671641791,0.5373134328358209,0.4649174822218052,1.0701650355563896,0.34331804115224535,52.19402985074627,0.45454545454545453,0.5,1.0,0.4166666666666667,0.5882352941176471,0.5789473684210527,0.4642857142857143,0.35,0.4339622641509434,0.5714285714285714,0.0,1.0,0.6666666666666666,0.3333333333333333,0.625,67,2,-0.04367201426024958
P00683,1,0.6197183098591549,0.2535211267605634,0.6923076923076923,0.986205411207183,2.368603810463907,0.42711274583960784,2.218482051629205,1.9229313404864607,0.647887323943662,0.352112676056338,0.5242512500356301,0.9514974999287397,0.3963769777546485,47.394366197183096,0.2857142857142857,0.2631578947368421,1.0,0.7142857142857143,0.4117647058823529,0.7777777777777778,0.5161290322580645,0.6923076923076923,0.6078431372549019,0.7894736842105263,0.0,0.5833333333333334,0.75,0.2857142857142857,0.6111111111111112,71,2,-0.24365079365079367
P00684,0,0.65625,0.34375,1.1,0.9991013868240095,6.296213619415422,1.3203463723579676,2.5214822736007125,1.9945983226563362,0.625,0.375,0.5106524209310014,0.978695158137997,0.4679684033478941,48.6875,0.25,0.1111111111111111,1.0,0.6,0.5357142857142857,0.782608695652174,0.4782608695652174,0.6111111111111112,0.6122448979591837,0.6666666666666666,0.0,0.7,0.7,0.5,0.6363636363636364,64,2,-0.125
P00685,0,0.7078651685393258,0.4157303370786517,1.4230769230769231,0.9865730557448971,5.99855014980238,1.6468850695251749,2.9064011504464644,3.305768127591848,0.5168539325842697,0.4831460674157303,0.4811198611833614,1.0377602776332775,0.44911980582712324,53.21348314606742,0.3076923076923077,0.23809523809523808,0.9166666666666666,0.631578947368421,0.7073170731707317,0.6785714285714286,0.30303030303030304,0.6071428571428571,0.5142857142857142,0.5333333333333333,0.5,0.6,0.5333333333333333,0.5,0.4444444444444444,89,2,0.033333333333333326
P00686,0,0.7254901960784313,0.3137254901960784,0.7619047619047619,0.9866263937660277,5.6716539304206,1.4273027297941956,2.2505616855557107,2.372498121888838,0.7058823529411765,0.2941176470588235,0.5415657521836631,0.9168684956326738,0.39185625349139014,52.15686274509804,0.2857142857142857,0.2,1.0,0.6666666666666666,0.25,0.6875,0.7222222222222222,0.7058823529411765,0.6666666666666666,0.8571428571428571,1.0,0.6666666666666666,0.8333333333333334,0.25,0.7647058823529411,51,1,0.12923076923076926
P00687,0,0.7142857142857143,0.38571428571428573,1.173913043478261,0.9931497855676201,5.86001853527383,1.5143138833458794,2.9837242064412517,2.597865302846303,0.5,0.5,0.4768940220763699,1.0462119558472602,0.4742827168921796,49.68571428571428,0.4230769230769231,0.29411764705882354,0.8333333333333334,0.7,0.6,0.5925925925925926,0.36666666666666664,0.6153846153846154,0.5,0.4375,1.0,0.8333333333333334,0.5833333333333334,0.42857142857142855,0.5652173913043478,70,2,0.08571428571428569
P00688,0,0.6617647058823529,0.27941176470588236,0.7307692307692307,0.9926333638431593,5.975277421427151,1.7006314108682106,2.104421265375376,1.8099323175215702,0.6323529411764706,0.36764705882352944,0.5024477364258199,0.9951045271483605,0.45103708260160486,47.25,0.4375,0.35,1.0,0.5,0.18181818181818177,0.6129032258064516,0.631578947368421,0.6666666666666666,0.6071428571428571,0.625,1.0,0.5,0.9,0.3,0.6,68,2,-0.02941176470588236
P00689,0,0.7391304347826086,0.37681159420289856,1.04,0.9886550374563134,6.051190233620046,1.384189040488548,2.6306850859082815,2.301549892331096,0.5217391304347826,0.4782608695652174,0.46431418031622196,1.071371639367556,0.44640408363388556,53.52173913043478,0.4583333333333333,0.36363636363636365,1.0,0.5333333333333333,0.625,0.5652173913043478,0.45454545454545453,0.5416666666666666,0.4897959183673469,0.5789473684210527,1.0,0.6666666666666666,0.6666666666666666,0.4,0.6428571428571429,69,2,0.042857142857142816
P00690,0,0.7142857142857143,0.37142857142857144,1.0833333333333333,0.9947122818292027,6.188658200013292,1.4224193425596012,2.8130119259238056,2.748573014147863,0.4714285714285714,0.5285714285714286,0.45159946217877894,1.0968010756424416,0.4491298447329337,51.142857142857146,0.52,0.5294117647058824,1.0,0.7692307692307693,0.59375,0.46153846153846156,0.38461538461538464,0.6111111111111112,0.5098039215686274,0.3333333333333333,1.0,0.7142857142857143,0.42857142857142855,0.42857142857142855,0.4230769230769231,70,2,-0.19999999999999996
P00691,0,0.5294117647058824,0.21568627450980393,0.6875,0.9550648994213162,5.984424758214781,1.60479413059853,2.690140812902399,3.701280536460638,0.6666666666666666,0.33333333333333337,0.4814345054103534,1.037130989179293,0.47713818381085865,51.80392156862745,0.28,0.14285714285714285,0.8888888888888888,0.5833333333333334,0.5833333333333333,0.8181818181818182,0.6363636363636364,0.5,0.6904761904761905,0.5714285714285714,0.5,0.375,0.5,0.14285714285714285,0.5625,51,1,-0.026153846153846194
P00692,0,0.8208955223880597,0.31343283582089554,0.6176470588235294,0.9246983994651439,5.849472332881151,1.6942567473764667,1.8585025172080674,1.4717874023735558,0.5074626865671642,0.4925373134328358,0.47569940074797545,1.0486011985040489,0.3866267922371191,52.53731343283582,0.5925925925925926,0.4,1.0,0.5,0.5,0.4583333333333333,0.5789473684210527,0.5,0.5,0.5555555555555556,0.0,0.8333333333333334,0.3333333333333333,0.16666666666666666,0.45,67,2,-0.13458110516934052
P00693,1,0.6323529411764706,0.2647058823529412,0.72,0.989966023892555,2.4156269354886497,0.4985686966121726,2.1837820615803833,1.8317613639747254,0.5441176470588235,0.4558823529411765,0.4830371213414509,1.033925757317098,0.48199332444377346,48.5735294117647,0.3076923076923077,0.25,1.0,0.5,0.5714285714285714,0.6428571428571429,0.4444444444444444,0.5384615384615384,0.5102040816326531,0.631578947368421,0.0,0.6363636363636364,0.5454545454545454,0.0,0.375,68,2,-0.02941176470588236
P00694,0,0.7536231884057971,0.3333333333333333,0.7931034482758621,0.9791110389020238,5.772558605709475,1.5688555409052727,2.1897144268902253,1.7213548760366404,0.6086956521739131,0.3913043478260869,0.48744193341267295,1.025116133174654,0.45021865401436584,52.01449275362319,0.5217391304347826,0.47368421052631576,1.0,0.5,0.20833333333333337,0.56,0.7,0.5833333333333334,0.6,0.6111111111111112,1.0,0.6923076923076923,0.6923076923076923,0.3333333333333333,0.6296296296296297,69,2,-0.01764705882352946
P00695,0,0.7,0.2833333333333333,0.68,0.9860539562950719,5.533061422776609,1.5835779409665571,1.975865079598625,1.2577721010784946,0.45,0.55,0.46264025698255345,1.0747194860348934,0.400115905441563,51.3,0.38095238095238093,0.375,0.8333333333333334,0.36363636363636365,0.6923076923076923,0.6086956521739131,0.3684210526315789,0.3333333333333333,0.40425531914893614,0.5833333333333334,1.0,0.6,0.7,0.4,0.4444444444444444,60,1,-0.3
P00696,1,0.6625,0.35,1.12,0.9989979448485344,2.474554834729304,0.42407531798403797,2.013882299204712,1.1323477156276918,0.6625,0.3375,0.5573460841305226,0.8853078317389549,0.43442921804954593,50.0875,0.2647058823529412,0.125,1.0,0.6,0.5555555555555556,0.7575757575757576,0.5263157894736842,0.6428571428571429,0.6376811594202898,0.8,1.0,0.5,0.75,0.3,0.68,80,2,-0.22499999999999998
P00697,0,0.6867469879518072,0.3132530120481928,0.8387096774193549,0.9967574336537207,6.301779692582459,1.5369560398290794,2.3603856434349733,1.6867049360586717,0.5542168674698795,0.4457831325301205,0.4583953360035197,1.0832093279929604,0.45552629563043134,53.63855421686747,0.43478260869565216,0.3333333333333333,1.0,0.5294117647058824,0.5135135135135135,0.7,0.4857142857142857,0.5357142857142857,0.4827586206896552,0.75,0.0,0.7058823529411765,0.7647058823529411,0.0,0.6428571428571429,83,2,-0.15795586527293848
P00698,0,0.7076923076923077,0.3076923076923077,0.7692307692307693,0.990979917389974,5.916129759857341,1.5425016536071932,2.159187333546165,1.9832049626860055,0.5230769230769231,0.4769230769230769,0.44361325141980856,1.1127734971603829,0.4442677095318418,46.815384615384616,0.5862068965517241,0.4117647058823529,0.75,0.5555555555555556,0.4444444444444444,0.48,0.5357142857142857,0.5833333333333334,0.5283018867924528,0.5,0.0,0.9,0.4,0.2222222222222222,0.48,65,2,-0.016098484848484862
P00699,1,0.6153846153846154,0.24615384615384617,0.6666666666666666,0.9834583860120343,2.481089863624275,0.5366558639162002,2.2390732787333225,2.023497756706697,0.6615384615384615,0.3384615384615385,0.5244705341946694,0.9510589316106612,0.42627069462562717,48.58461538461538,0.3103448275862069,0.25,1.0,0.5,0.41666666666666663,0.75,0.5652173913043478,0.6428571428571429,0.7115384615384616,0.46153846153846156,0.0,0.6,0.4,0.25,0.6666666666666666,65,2,0.01041666666666663
P00700,0,0.6779661016949152,0.3559322033898305,1.105263157894737,0.9989652856903045,5.823577645842308,1.5764696352632268,2.6932933671434887,2.280499950193134,0.5423728813559322,0.4576271186440678,0.48619178298513266,1.0276164340297347,0.43010343594585543,50.559322033898304,0.375,0.3333333333333333,0.8,0.6153846153846154,0.5,0.625,0.4,0.6,0.5333333333333333,0.5714285714285714,0.0,0.7777777777777778,0.5555555555555556,0.0,0.5238095238095238,59,1,-0.08620689655172409
P00701,1,0.7169811320754716,0.3018867924528302,0.7272727272727273,0.9864994961936154,2.4302235019319736,0.40460279937226556,2.5537566946039103,2.389008294714431,0.4716981132075472,0.5283018867924528,0.4637763070763048,1.0724473858473904,0.4382766541599483,48.113207547169814,0.45454545454545453,0.4,1.0,0.2857142857142857,0.5714285714285714,0.5714285714285714,0.42857142857142855,0.36363636363636365,0.5428571428571428,0.29411764705882354,1.0,0.7,0.2,0.14285714285714285,0.4444444444444444,53,1,0.24643874643874641
P00702,0,0.6865671641791045,0.3582089552238806,1.0909090909090908,0.9985896055663936,6.130017863960466,1.540296935120822,2.32330014265153,1.7480768525203312,0.582089552238806,0.417910447761194,0.47929899716661767,1.0414020056667648,0.43924203922040056,50.149253731343286,0.4090909090909091,0.35714285714285715,0.75,0.5714285714285714,0.4864864864864865,0.6842105263157895,0.4666666666666667,0.6666666666666666,0.6037735849056604,0.46153846153846156,1.0,0.8,0.6,0.6,0.631578947368421,67,2,-0.22638146167557938
P00703,1,0.6714285714285714,0.2857142857142857,0.7407407407407407,0.9931497855676201,2.413229924559537,0.4439898198581971,2.4689322492884873,2.064992410274699,0.6714285714285714,0.3285714285714286,0.5256871822510312,0.9486256354979374,0.4320392260654158,46.32857142857143,0.36363636363636365,0.25,1.0,0.75,0.3076923076923077,0.7142857142857143,0.6153846153846154,0.6875,0.6382978723404256,0.7619047619047619,0.5,0.6666666666666666,0.5833333333333334,0.6666666666666666,0.625,70,2,-0.02857142857142858
P00704,0,0.7192982456140351,0.24561403508771928,0.5185185185185185,0.9606713457931545,5.705557319615163,1.5950252721222435,2.334842704132266,2.1979898314459616,0.49122807017543857,0.5087719298245614,0.45828042612641723,1.0834391477471657,0.4878951293239997,46.0,0.5384615384615384,0.4444444444444444,1.0,0.4,0.5217391304347826,0.5,0.6111111111111112,0.3076923076923077,0.4666666666666667,0.6363636363636364,0.0,0.6666666666666666,0.6666666666666666,1.0,0.5384615384615384,57,1,-0.08743842364532017
P00705,1,0.6181818181818182,0.32727272727272727,1.125,0.9943162498120767,2.4466108852709723,0.48659660946816824,3.078886271578968,3.5787440636079526,0.6909090909090909,0.3090909090909091,0.542539585757254,0.914920828485492,0.38986388282308465,50.90909090909091,0.125,0.0625,1.0,0.5454545454545454,0.6,0.8333333333333334,0.5333333333333333,0.625,0.7045454545454546,0.6,1.0,0.8,0.8,0.25,0.6,55,1,0.04761904761904767
P00706,0,0.5844155844155844,0.33766233766233766,1.368421052631579,0.9801576333086146,5.8336143146181785,1.6897126175674513,2.0763548045910007,0.9448632974951389,0.6233766233766234,0.37662337662337664,0.5138697169018686,0.972260566196263,0.4827233591689427,49.64935064935065,0.3125,0.25,1.0,0.75,0.6296296296296297,0.7142857142857143,0.3684210526315789,0.6956521739130435,0.609375,0.6923076923076923,0.0,0.5555555555555556,0.6666666666666666,0.3333333333333333,0.6923076923076923,77,2,-0.275978407557355
P00707,0,0.7011494252873564,0.27586206896551724,0.6486486486486487,0.9829144176236335,6.108035355471784,1.5670284695439218,1.9112894429857055,1.3377932759321245,0.6091954022988506,0.3908045977011494,0.49150902172420213,1.0169819565515958,0.39299953414104166,52.62068965517241,0.39285714285714285,0.2857142857142857,1.0,0.6153846153846154,0.4878048780487805,0.64,0.5853658536585366,0.6190476190476191,0.6363636363636364,0.5263157894736842,0.5,0.6,0.6,0.3333333333333333,0.625,87,2,0.008985200845666008
P00708,0,0.7111111111111111,0.32222222222222224,0.8285714285714286,0.9930062592211963,5.936930857032427,1.5369704564511886,2.2613794194970533,2.116824053748422,0.5111111111111111,0.48888888888888893,0.47460982792143525,1.0507803441571295,0.49144788536399364,47.84444444444444,0.4358974358974359,0.34375,0.9,0.5882352941176471,0.6,0.5641025641025641,0.48,0.46153846153846156,0.547945205479452,0.3125,1.0,0.5454545454545454,0.45454545454545453,0.4166666666666667,0.36363636363636365,90,2,-0.1333333333333333
P00709,0,0.7288135593220338,0.3050847457627119,0.72,0.9829766340800717,5.832825473697062,1.4340248413292833,2.1073930903648113,1.734561078126138,0.559322033898305,0.44067796610169496,0.4805293780197247,1.0389412439605505,0.42276167839924017,54.20338983050848,0.4375,0.1111111111111111,0.8333333333333334,0.5833333333333334,0.5172413793103448,0.6111111111111112,0.65,0.42857142857142855,0.5208333333333334,0.7777777777777778,0.5,0.625,0.625,0.2857142857142857,0.6470588235294118,59,1,0.08275862068965512
P00710,0,0.6352941176470588,0.32941176470588235,1.0769230769230769,0.9976170221082648,6.055935072217713,1.4716076746360258,2.1296276051937957,1.576136761607966,0.6470588235294118,0.3529411764705882,0.4991565149923113,1.0016869700153774,0.45553715934340056,48.54117647058823,0.3125,0.30434782608695654,0.75,0.5833333333333334,0.38235294117647056,0.7419354838709677,0.5428571428571428,0.6842105263157895,0.6029411764705882,0.8235294117647058,0.0,0.75,0.75,0.2857142857142857,0.6,85,2,-0.13289036544850497
P00711,0,0.6911764705882353,0.3235294117647059,0.88,0.9974712421138731,5.909967086327912,1.6123823720236783,2.5904319008137837,2.1985441328617434,0.5294117647058824,0.47058823529411764,0.499948198759952,1.000103602480096,0.4441229140184629,49.88235294117647,0.3793103448275862,0.3684210526315789,1.0,0.5833333333333334,0.7,0.64,0.4090909090909091,0.5238095238095238,0.5217391304347826,0.5263157894736842,0.6666666666666666,0.7333333333333333,0.4666666666666667,0.3333333333333333,0.44,68,2,0.05882352941176472
P00712,0,0.8076923076923077,0.41025641025641024,1.032258064516129,0.9551138248754097,5.68894533488594,1.5495169811858147,2.4191700721938454,2.0194022979945787,0.5512820512820513,0.4487179487179487,0.4695223417167335,1.060955316566533,0.4439611710911336,53.333333333333336,0.5555555555555556,0.4444444444444444,1.0,0.7647058823529411,0.4814814814814815,0.44,0.48,0.7142857142857143,0.5873015873015873,0.4,0.0,0.8,0.2,0.6,0.625,78,2,0.02564102564102566
P00713,1,0.75,0.3125,0.7142857142857143,0.9755307720176266,2.460854375882807,0.5035154253618143,2.3048449392168417,2.0390399951106484,0.6,0.4,0.5072112564996117,0.9855774870007765,0.4166199058669571,50.1875,0.4375,0.3157894736842105,1.0,0.5714285714285714,0.3928571428571429,0.5806451612903226,0.6538461538461539,0.5652173913043478,0.6129032258064516,0.5714285714285714,0.5,0.8,0.6,0.3333333333333333,0.5806451612903226,80,2,-0.09999999999999998
P00714,0,0.6785714285714286,0.39285714285714285,1.375,0.9919762630614621,5.746058189302002,1.6248176489079673,3.0052963940599247,2.7113391472175903,0.5714285714285714,0.4285714285714286,0.455656431539798,1.0886871369204039,0.4659834352504575,51.63095238095238,0.42424242424242425,0.4117647058823529,0.9,0.75,0.5666666666666667,0.6,0.4230769230769231,0.6785714285714286,0.5806451612903226,0.5454545454545454,0.0,0.625,0.375,0.375,0.5757575757575758,84,2,0.0
P00715,0,0.6727272727272727,0.36363636363636365,1.1764705882352942,0.9979095172663073,5.720377776943614,1.6912075793749837,2.7292568451656862,2.408489979626663,0.5818181818181818,0.4181818181818182,0.4714774554651728,1.0570450890696546,0.49123674818760515,51.92727272727273,0.3125,0.2727272727272727,0.8,0.2857142857142857,0.46153846153846156,0.7857142857142857,0.42857142857142855,0.6,0.631578947368421,0.4375,1.0,0.6363636363636364,0.5454545454545454,0.25,0.42857142857142855,55,1,-0.16666666666666663
P00716,0,0.54,0.2,0.5882352941176471,0.9520065643820378,6.044824316492427,1.3727059620242161,2.2286166594553176,1.562543707152388,0.58,0.42000000000000004,0.5312775131417462,0.9374449737165078,0.4976595873081541,44.54,0.22727272727272727,0.13333333333333333,1.0,0.5,0.5238095238095238,0.75,0.4166666666666667,0.42857142857142855,0.6,0.5,1.0,0.7,0.6,0.0,0.6428571428571429,50,1,-0.12
P00717,0,0.6428571428571429,0.26785714285714285,0.7142857142857143,0.9906869009405157,5.981040497472766,1.5458915494068024,2.8690010149328553,3.726332472988792,0.4642857142857143,0.5357142857142857,0.460969289185093,1.078061421629814,0.49271396713841253,46.57142857142857,0.4,0.35294117647058826,1.0,0.75,0.5833333333333333,0.5652173913043478,0.4166666666666667,0.3333333333333333,0.4318181818181818,0.6363636363636364,0.0,0.75,0.5,0.16666666666666666,0.4666666666666667,56,1,0.14285714285714285
P00718,1,0.7590361445783133,0.40963855421686746,1.1724137931034482,0.9793437998692099,2.5388470084724957,0.4931142091884486,2.3616992908876764,1.7510478404795264,0.6144578313253012,0.3855421686746988,0.5066978073700359,0.9866043852599283,0.4461583693429642,53.34939759036145,0.375,0.2777777777777778,1.0,0.625,0.5,0.6818181818181818,0.5,0.6774193548387096,0.576271186440678,0.7083333333333334,0.0,0.5,0.7,0.7,0.7692307692307693,83,2,0.009291521486643473
P00719,0,0.6404494382022472,0.2696629213483146,0.7272727272727273,0.9913123584251492,5.8710615864936395,1.7523460913321567,2.2232650154344964,2.1025951965246312,0.6179775280898876,0.3820224719101124,0.5189700259736987,0.9620599480526026,0.3978085334784379,49.03370786516854,0.25,0.13636363636363635,1.0,0.36363636363636365,0.5,0.8181818181818182,0.53125,0.4583333333333333,0.6575342465753424,0.4,1.0,0.6923076923076923,0.46153846153846156,0.3333333333333333,0.5,89,2,0.008585858585858586
P00720,0,0.6612903225806451,0.4032258064516129,1.5625,0.9853199495888031,5.811528228420694,1.5939491558248702,2.5648913468564642,1.8621001069159162,0.5806451612903226,0.4193548387096774,0.5147167840123449,0.9705664319753102,0.4020226163206256,52.74193548387097,0.375,0.13333333333333333,0.8888888888888888,0.8333333333333334,0.65,0.7,0.36363636363636365,0.7,0.5777777777777777,0.5625,1.0,0.5714285714285714,0.6428571428571429,0.14285714285714285,0.5,62,2,0.06451612903225812
P00721,0,0.7142857142857143,0.4880952380952381,2.1578947368421053,0.9504904802371439,6.126064101282243,1.583713376979193,3.2059582078290996,2.7130679203882444,0.5595238095238095,0.44047619047619047,0.46484585348718405,1.070308293025632,0.4382026729182201,51.654761904761905,0.4482758620689655,0.23529411764705882,1.0,0.8571428571428571,0.5151515151515151,0.5925925925925926,0.2857142857142857,0.7931034482758621,0.5873015873015873,0.47368421052631576,0.5,0.5833333333333334,0.4166666666666667,0.6,0.48148148148148145,84,2,0.023809523809523725
P00722,0,0.726027397260274,0.410958904109589,1.3043478260869565,0.9867567454956203,6.101021255996485,1.6045141754315242,2.9572645859656004,2.5534064109023515,0.4520547945205479,0.547945205479452,0.4527786906233167,1.0944426187533665,0.4217135651121209,50.45205479452055,0.48148148148148145,0.4444444444444444,1.0,0.875,0.8076923076923077,0.5,0.25806451612903225,0.7857142857142857,0.49019607843137253,0.3333333333333333,1.0,0.875,0.375,0.6666666666666666,0.3076923076923077,73,2,-0.09459459459459457
P00723,1,0.6805555555555556,0.2777777777777778,0.6896551724137931,0.9890933653944795,2.413020477561415,0.5140587844129699,2.236378114178264,1.797059077055277,0.5555555555555556,0.4444444444444444,0.4865781322999866,1.0268437354000268,0.4393464395303596,47.763888888888886,0.43333333333333335,0.3333333333333333,1.0,0.6666666666666666,0.5757575757575757,0.5862068965517241,0.5,0.5882352941176471,0.5740740740740741,0.5625,0.0,0.5833333333333334,0.4166666666666667,0.2222222222222222,0.6111111111111112,72,2,-0.2222222222222222
P00724,0,0.7142857142857143,0.3142857142857143,0.7857142857142857,0.9905400268439299,5.677193958238254,1.628593556930569,2.2213897240040117,1.8795922892390036,0.44285714285714284,0.5571428571428572,0.43414931283023644,1.131701374339527,0.45157591486956566,51.44285714285714,0.5,0.4117647058823529,0.8333333333333334,0.4,0.6,0.5238095238095238,0.3793103448275862,0.45,0.4166666666666667,0.5555555555555556,1.0,0.5714285714285714,0.7142857142857143,0.4,0.3333333333333333,70,2,-0.02857142857142858
P00725,0,0.7710843373493976,0.3493975903614458,0.8285714285714286,0.9730859660705988,5.982933959019751,1.634602366198329,2.2844806636898163,1.9715724521630997,0.5060240963855421,0.49397590361445787,0.4590665583238935,1.0818668833522131,0.4420345148536905,52.3855421686747,0.5172413793103449,0.3333333333333333,1.0,0.4,0.5454545454545454,0.5185185185185185,0.5666666666666667,0.4230769230769231,0.5074626865671642,0.4666666666666667,1.0,0.7272727272727273,0.36363636363636365,0.3333333333333333,0.4090909090909091,83,2,0.03600464576074336
P00726,0,0.6617647058823529,0.2647058823529412,0.6666666666666666,0.9878219941452975,5.6796583773879945,1.445978514549462,2.5141536714631982,2.4883765408898797,0.47058823529411764,0.5294117647058824,0.46290009985976355,1.0741998002804733,0.47749689076963764,48.088235294117645,0.45454545454545453,0.44,0.875,0.46153846153846156,0.6,0.5625,0.4,0.38095238095238093,0.4423076923076923,0.5625,0.0,0.8181818181818182,0.36363636363636365,0.18181818181818182,0.56,68,2,-0.05882352941176472
P00727,0,0.625,0.23863636363636365,0.6176470588235294,0.9804689525789286,5.8363570897340225,1.5747572206687,2.0611550024714718,1.7667076178291727,0.48863636363636365,0.5113636363636364,0.4484507078116459,1.1030985843767083,0.48544924375871573,48.75,0.4375,0.32,1.0,0.25,0.5588235294117647,0.6206896551724138,0.42857142857142855,0.4166666666666667,0.5070422535211268,0.4117647058823529,0.0,0.5833333333333334,0.3333333333333333,0.0,0.38461538461538464,88,2,0.022727272727272707
P00728,0,0.7380952380952381,0.44047619047619047,1.48,0.9764463300101044,5.775184545039323,1.690774624751126,2.3526999528675767,1.6891870505211726,0.6071428571428571,0.3928571428571429,0.505863921495428,0.988272157009144,0.4052890784502395,52.392857142857146,0.41379310344827586,0.3684210526315789,1.0,0.8,0.6,0.5925925925925926,0.4,0.78125,0.6323529411764706,0.5,0.0,0.6,0.5,0.46153846153846156,0.48148148148148145,84,2,-0.023809523809523836
P00729,1,0.6785714285714286,0.3392857142857143,1.0,0.9997079703106428,2.4949732876369035,0.4033733546818132,2.0171610526971113,1.1192520352256132,0.6785714285714286,0.3214285714285714,0.5331040932452409,0.9337918135095181,0.4251943021791319,51.464285714285715,0.30434782608695654,0.15384615384615385,1.0,0.5833333333333334,0.35,0.8,0.631578947368421,0.5882352941176471,0.6097560975609756,0.8461538461538461,1.0,0.7272727272727273,0.8181818181818182,0.6,0.75,56,1,0.0714285714285714
P00730,0,0.6140350877192983,0.12280701754385964,0.25,0.8867309566254193,5.7135629621487345,1.5912937259488313,2.055952841279765,1.8355898368585695,0.5789473684210527,0.42105263157894735,0.503517438379831,0.992965123240338,0.39395446828203984,48.14035087719298,0.34615384615384615,0.26666666666666666,1.0,0.4,0.4285714285714286,0.6956521739130435,0.6190476190476191,0.3076923076923077,0.5365853658536586,0.6923076923076923,0.6666666666666666,0.6666666666666666,0.7333333333333333,0.25,0.6470588235294118,57,1,-0.05541871921182262
P00731,0,0.59375,0.203125,0.52,0.9620342575507265,5.79059556464151,1.7499969770389505,2.444721830437313,2.1988502637450034,0.453125,0.546875,0.4667664835175407,1.0664670329649188,0.4317098700700644,51.546875,0.15789473684210525,0.15384615384615385,1.0,0.3,0.65625,0.8235294117647058,0.3448275862068966,0.2777777777777778,0.40816326530612246,0.5384615384615384,1.0,0.9,0.7,0.4,0.6470588235294118,64,2,-0.15625
P00732,0,0.6027397260273972,0.273972602739726,0.8333333333333334,0.9895924202207385,5.853250294264765,1.7463553031824859,2.01697019961091,1.4601684312795864,0.6986301369863014,0.3013698630136986,0.5449616439781673,0.9100767120436654,0.3792124139784977,49.12328767123287,0.2727272727272727,0.1111111111111111,1.0,0.5833333333333334,0.3793103448275862,0.7878787878787878,0.631578947368421,0.6190476190476191,0.6551724137931034,0.8666666666666667,0.0,0.2,0.8,0.42857142857142855,0.6086956521739131,73,2,-0.04654654654654655
P00733,0,0.6721311475409836,0.26229508196721313,0.64,0.9850779776776185,5.636640178954918,1.4960027721947111,2.0899258597395245,1.9954461713310572,0.6885245901639344,0.3114754098360656,0.5322182876240139,0.9355634247519723,0.42803385234036484,48.01639344262295,0.25,0.2631578947368421,1.0,0.875,0.3571428571428571,0.7083333333333334,0.6521739130434783,0.7142857142857143,0.6530612244897959,0.8,1.0,0.5,0.8333333333333334,0.2222222222222222,0.6190476190476191,61,2,-0.022580645161290325
P00734,1,0.6666666666666666,0.2777777777777778,0.7142857142857143,0.9915323997298832,2.5321375026726907,0.4176803235854571,2.0718570725488523,1.6384365041581745,0.6851851851851852,0.31481481481481477,0.5536753881856812,0.8926492236286376,0.3643981106980392,51.166666666666664,0.2,0.13333333333333333,1.0,0.8,0.4,0.85,0.6666666666666666,0.5263157894736842,0.6904761904761905,0.6666666666666666,0.0,0.5454545454545454,0.7272727272727273,0.4,0.7777777777777778,54,1,-0.18518518518518523
P00735,0,0.75,0.38333333333333336,1.0454545454545454,0.984888245625538,5.43522186366171,1.3666030671842582,2.400662611396352,1.8602942015498034,0.6,0.4,0.49368826085649975,1.0126234782870005,0.4271429944273122,51.81666666666667,0.5263157894736842,0.4666666666666667,1.0,0.8461538461538461,0.5,0.5238095238095238,0.5,0.7894736842105263,0.5217391304347826,0.8333333333333334,1.0,0.4444444444444444,0.8888888888888888,0.2,0.7333333333333333,60,1,0.19999999999999996
P00736,0,0.717948717948718,0.4230769230769231,1.434782608695652,0.9839830512672515,5.844783679600807,1.3292498025274975,2.5961905894973447,1.8077521467019575,0.5769230769230769,0.42307692307692313,0.4834415467992613,1.0331169064014774,0.44814486045723995,52.743589743589745,0.4166666666666667,0.3888888888888889,1.0,0.6666666666666666,0.4375,0.5769230769230769,0.3888888888888889,0.6764705882352942,0.6166666666666667,0.4444444444444444,0.0,0.7777777777777778,0.3333333333333333,0.6666666666666666,0.631578947368421,78,2,-0.17948717948717946
P00737,0,0.676056338028169,0.323943661971831,0.92,0.9992842342822238,5.837787292763931,1.7813579597119937,2.6442285384950366,2.290706333460238,0.676056338028169,0.323943661971831,0.5132532991256434,0.9734934017487132,0.42908874669301184,51.71830985915493,0.25,0.2222222222222222,1.0,0.5833333333333334,0.43999999999999995,0.7916666666666666,0.5416666666666666,0.6956521739130435,0.6909090909090909,0.6,1.0,0.8461538461538461,0.7692307692307693,0.0,0.7037037037037037,71,2,0.09365079365079365
P00738,1,0.7027027027027027,0.3108108108108108,0.7931034482758621,0.9930210178092095,2.484060338386631,0.41326621895727056,2.780727731683222,3.6382449156476024,0.5675675675675675,0.43243243243243246,0.49177799124185384,1.0164440175162923,0.39226958278844287,49.932432432432435,0.40625,0.38095238095238093,1.0,0.5,0.48,0.6296296296296297,0.4583333333333333,0.6086956521739131,0.5454545454545454,0.625,0.6666666666666666,0.8333333333333334,0.6666666666666666,0.2222222222222222,0.5555555555555556,74,2,-0.21621621621621617
P00739,0,0.6875,0.234375,0.5172413793103449,0.9668666280038234,6.083217467940526,1.6022738810102686,1.913420521889981,1.4231145864383377,0.4375,0.5625,0.43886768203764165,1.1222646359247168,0.47329300820105347,50.796875,0.45,0.4444444444444444,0.8571428571428571,0.3,0.5483870967741935,0.55,0.48,0.2631578947368421,0.4074074074074074,0.6,0.0,1.0,0.6666666666666666,0.3333333333333333,0.42857142857142855,64,2,-0.1875
P00740,0,0.6515151515151515,0.22727272727272727,0.5357142857142857,0.9720026364292838,5.6158078489257255,1.5380987573132385,1.904116528445294,1.6274139179095213,0.5454545454545454,0.4545454545454546,0.4695585084165157,1.0608829831669688,0.3397065564622614,51.196969696969695,0.375,0.3333333333333333,1.0,0.2727272727272727,0.40740740740740744,0.7142857142857143,0.5,0.42105263157894735,0.5740740740740741,0.36363636363636365,1.0,0.75,0.375,0.2222222222222222,0.5294117647058824,66,2,0.12121212121212122
P00741,1,0.6857142857142857,0.3,0.7777777777777778,0.9943604982917648,2.486659357998727,0.4559901633868242,2.116180873589295,1.9024805685596347,0.5,0.5,0.4787800447885912,1.0424399104228177,0.4237547506510423,52.18571428571428,0.30434782608695654,0.21428571428571427,1.0,0.46153846153846156,0.625,0.7619047619047619,0.41935483870967744,0.3333333333333333,0.48214285714285715,0.5714285714285714,0.0,0.5384615384615384,0.6153846153846154,0.42857142857142855,0.5833333333333334,70,2,0.028571428571428525
P00742,1,0.6875,0.4125,1.5,0.9865007945050567,2.5476872438886806,0.5142224364996454,3.0897351560761233,3.1715705560094936,0.6,0.4,0.4913061869936989,1.0173876260126022,0.44465860969915677,51.55,0.3448275862068966,0.25,0.875,0.7222222222222222,0.4838709677419355,0.6666666666666666,0.41379310344827586,0.75,0.6333333333333333,0.5263157894736842,0.0,0.8461538461538461,0.46153846153846156,0.3333333333333333,0.5862068965517241,80,2,0.0
P00743,0,0.7428571428571429,0.21428571428571427,0.40540540540540543,0.925105507463218,5.992270487299504,1.315628215000116,2.2242237302272225,2.0636761156350323,0.5285714285714286,0.4714285714285714,0.4742564986033788,1.0514870027932426,0.42055098750641506,50.75714285714286,0.4642857142857143,0.35294117647058826,0.8888888888888888,0.38461538461538464,0.4642857142857143,0.5714285714285714,0.625,0.29411764705882354,0.5,0.5555555555555556,1.0,0.6,0.4666666666666667,0.375,0.4166666666666667,70,2,-0.02857142857142858
P00744,1,0.6111111111111112,0.25,0.6923076923076923,0.9845884851593977,2.3360442547586695,0.4265574003165073,2.5754023706655333,2.2001514459721987,0.6944444444444444,0.3055555555555556,0.5751146901994575,0.849770619601085,0.42138470217878043,47.416666666666664,0.24242424242424243,0.125,1.0,0.5714285714285714,0.43999999999999995,0.8518518518518519,0.625,0.5714285714285714,0.5833333333333334,0.9047619047619048,1.0,0.5625,0.9375,0.0,0.7142857142857143,72,2,0.05555555555555558
P00745,0,0.5483870967741935,0.27419354838709675,1.0,0.9726545049567192,5.809434086292553,1.45513647542908,2.919487849082833,2.6119737235249207,0.5806451612903226,0.4193548387096774,0.4791136141842268,1.0417727716315464,0.522422645806442,47.45161290322581,0.3333333333333333,0.23529411764705882,1.0,0.6666666666666666,0.5652173913043479,0.7,0.4,0.5833333333333334,0.6363636363636364,0.4,0.6666666666666666,0.6,0.5,0.25,0.55,62,2,0.12903225806451613
P00746,0,0.7,0.3333333333333333,0.9090909090909091,0.9969607920234058,5.690988568374791,1.7914190447998395,2.30725787799057,1.7937377668194192,0.5444444444444444,0.4555555555555556,0.4825343158408911,1.0349313683182177,0.4519410692308482,50.65555555555556,0.43243243243243246,0.39285714285714285,1.0,0.6666666666666666,0.5483870967741935,0.5675675675675675,0.4444444444444444,0.6153846153846154,0.5142857142857142,0.65,0.0,0.6666666666666666,0.6666666666666666,0.2222222222222222,0.5862068965517241,90,2,0.022222222222222254
P00747,0,0.6944444444444444,0.2777777777777778,0.6666666666666666,0.9856684716221296,5.696970463913135,1.6554258086836247,2.1838702411250535,1.8581488084981403,0.5277777777777778,0.4722222222222222,0.45764458709410266,1.0847108258117946,0.4788505379023786,56.5,0.5,0.25,0.9,0.42857142857142855,0.4666666666666667,0.5789473684210527,0.5833333333333334,0.4482758620689655,0.5178571428571429,0.5333333333333333,1.0,0.625,0.625,0.2,0.5555555555555556,72,2,0.05555555555555558
P00748,0,0.6935483870967742,0.25806451612903225,0.5925925925925926,0.9776112631792078,5.650459105941178,1.575110306591352,1.7281557439506048,1.1368594575726625,0.5483870967741935,0.4516129032258065,0.4675788803566895,1.064842239286621,0.45929867329178053,51.67741935483871,0.45,0.3076923076923077,1.0,0.6666666666666666,0.6,0.5625,0.5652173913043478,0.5217391304347826,0.5686274509803921,0.4,1.0,0.7777777777777778,0.5555555555555556,0.25,0.45,62,2,-0.2580645161290322
P00749,0,0.7,0.24,0.5217391304347826,0.9656755351855093,5.727294156770407,1.67306786572899,1.9151449376744434,1.353070583224911,0.56,0.43999999999999995,0.4822755483236722,1.0354489033526557,0.46467823349739307,45.5,0.4166666666666667,0.4,1.0,0.4,0.47058823529411764,0.5833333333333334,0.6923076923076923,0.38461538461538464,0.525,0.7,0.0,0.4,1.0,0.5,0.6428571428571429,50,1,0.0
P00750,1,0.660377358490566,0.2830188679245283,0.75,0.9937645176240549,2.4150741434011467,0.4797823839955626,2.2393328914571304,2.0997324194099822,0.7169811320754716,0.28301886792452835,0.5358196043593695,0.928360791281261,0.407328678115365,46.9622641509434,0.32,0.2,1.0,0.5,0.23529411764705888,0.7391304347826086,0.7692307692307693,0.6470588235294118,0.7333333333333333,0.625,0.0,0.5,0.75,0.5,0.6875,53,1,-0.027065527065527006
P00751,0,0.7115384615384616,0.28846153846153844,0.6818181818181818,0.9841127256487668,6.154163912488973,1.5855311427298282,1.8188249613869254,1.036807943266201,0.5576923076923077,0.4423076923076923,0.4682630977251513,1.0634738045496974,0.42219988735706476,54.78846153846154,0.4666666666666667,0.375,0.8,0.6666666666666666,0.5,0.6153846153846154,0.55,0.5263157894736842,0.5348837209302325,0.6666666666666666,0.0,0.6666666666666666,0.8333333333333334,0.3333333333333333,0.7777777777777778,52,1,-0.1923076923076923
P00752,1,0.7121212121212122,0.2878787878787879,0.6785714285714286,0.9837038827022061,2.3863088220625364,0.34494662210957533,2.1487632568273503,1.7193874389782309,0.5909090909090909,0.40909090909090906,0.5074007787515848,0.9851984424968303,0.41783851650316095,50.59090909090909,0.2727272727272727,0.2,1.0,0.5,0.46153846153846156,0.68,0.5714285714285714,0.5,0.5714285714285714,0.625,1.0,0.6,0.6666666666666666,0.4,0.6086956521739131,66,2,-0.1515151515151515
P00753,0,0.6617647058823529,0.3235294117647059,0.9565217391304348,0.9998021623943695,5.944137436180035,1.5760770513507678,2.455206118177323,2.199265867724815,0.5588235294117647,0.4411764705882353,0.49893993671872183,1.0021201265625563,0.47160685038727534,50.44117647058823,0.32,0.2777777777777778,1.0,0.5714285714285714,0.5416666666666667,0.7619047619047619,0.4074074074074074,0.55,0.56,0.5,1.0,0.6,0.6,0.4,0.5652173913043478,68,2,0.17647058823529416
P00754,0,0.6933333333333334,0.25333333333333335,0.5757575757575758,0.9753656468286019,5.949763234948842,1.5298768147123774,2.067935435071012,1.5752210363868309,0.52,0.48,0.47035744477623626,1.0592851104475274,0.4799621639054185,45.46666666666667,0.48484848484848486,0.36,1.0,0.5,0.5428571428571429,0.5,0.5833333333333334,0.47058823529411764,0.4838709677419355,0.6363636363636364,1.0,0.7777777777777778,0.7777777777777778,0.2857142857142857,0.6875,75,2,0.012802275960170695
P00755,0,0.7571428571428571,0.44285714285714284,1.4090909090909092,0.9723110763440329,5.8164003426308994,1.4955139314012142,2.7070985678275163,1.9428448244239644,0.6714285714285714,0.3285714285714286,0.5427964542065011,0.9144070915869976,0.3601545778828602,53.17142857142857,0.15789473684210525,0.0,1.0,0.6363636363636364,0.4242424242424242,0.8,0.5416666666666666,0.6923076923076923,0.6730769230769231,0.6470588235294118,1.0,0.8,0.6,0.3333333333333333,0.5555555555555556,70,2,-0.20000000000000007
P00756,1,0.6428571428571429,0.3333333333333333,1.0769230769230769,0.9984506550620339,2.500195626615322,0.4571375784345221,2.2585959447937385,1.7760648404390924,0.6547619047619048,0.34523809523809523,0.5397703803579362,0.9204592392841278,0.3700213435473285,50.595238095238095,0.2,0.13636363636363635,0.8571428571428571,0.6153846153846154,0.5,0.78125,0.5,0.6538461538461539,0.625,0.7894736842105263,0.0,0.5714285714285714,0.6428571428571429,0.6153846153846154,0.5806451612903226,84,2,0.11904761904761907
P00757,0,0.6419753086419753,0.2716049382716049,0.7333333333333333,0.9918230361897056,5.800221250696649,1.480061300223294,1.9713016421229208,1.2451470140924439,0.6790123456790124,0.32098765432098764,0.5638104468925654,0.8723791062148691,0.44672411972040305,48.27160493827161,0.3055555555555556,0.24,1.0,0.7272727272727273,0.5652173913043479,0.7575757575757576,0.625,0.625,0.6333333333333333,0.7777777777777778,1.0,0.5,0.8571428571428571,0.7142857142857143,0.6451612903225806,81,2,-0.09085365853658534
P00758,0,0.6292134831460674,0.19101123595505617,0.4358974358974359,0.9517661435417286,6.050914212088806,1.551844966807474,1.9831402147155726,1.7347769213033335,0.5056179775280899,0.4943820224719101,0.4674320744104017,1.0651358511791966,0.4518961182344019,49.58426966292135,0.4,0.39285714285714285,1.0,0.5,0.6923076923076923,0.6,0.4827586206896552,0.4,0.5373134328358209,0.4090909090909091,0.0,0.7142857142857143,0.2857142857142857,0.16666666666666666,0.37037037037037035,89,2,0.011111111111111072
P00759,1,0.6981132075471698,0.2641509433962264,0.6086956521739131,0.9789516793378692,2.4023283962484405,0.4759844015935468,2.1804123373414757,2.064174077097754,0.5849056603773585,0.41509433962264153,0.49093611409478666,1.0181277718104267,0.3884821816057964,53.9811320754717,0.29411764705882354,0.2,1.0,0.45454545454545453,0.4545454545454546,0.75,0.5454545454545454,0.4666666666666667,0.65,0.38461538461538464,0.0,0.5,0.5,0.42857142857142855,0.6,53,1,0.015669515669515688
P00760,0,0.6666666666666666,0.43209876543209874,1.8421052631578947,0.9729587929449587,5.730703982555971,1.3393536472997738,2.541171683242377,1.9570252728196276,0.6172839506172839,0.3827160493827161,0.5269088313482023,0.9461823373035955,0.44876387180138655,49.04938271604938,0.3333333333333333,0.25,1.0,0.75,0.5454545454545454,0.696969696969697,0.2777777777777778,0.7333333333333333,0.6197183098591549,0.6,0.0,0.8,0.6,0.35714285714285715,0.4838709677419355,81,2,-0.11402439024390243
P00761,0,0.6438356164383562,0.2328767123287671,0.5666666666666667,0.9762313326039621,5.6340230740198765,1.5078701422624898,2.0244516348032247,1.6656322758447286,0.6027397260273972,0.3972602739726028,0.5298530605226427,0.9402938789547146,0.4419521083936012,45.95890410958904,0.30303030303030304,0.17391304347826086,1.0,0.5714285714285714,0.5925925925925926,0.7586206896551724,0.5454545454545454,0.45454545454545453,0.5892857142857143,0.6470588235294118,0.0,0.5454545454545454,0.5454545454545454,0.16666666666666666,0.52,73,2,0.03828828828828823
P00762,0,0.7543859649122807,0.38596491228070173,1.0476190476190477,0.9832055118885985,6.221152951281549,1.4762800681546961,2.707507602428156,2.39179422957948,0.631578947368421,0.368421052631579,0.5131474357933947,0.9737051284132106,0.40611726401630527,49.80701754385965,0.4166666666666667,0.4,1.0,0.75,0.4444444444444444,0.6363636363636364,0.5454545454545454,0.7692307692307693,0.6904761904761905,0.4666666666666667,0.0,0.8888888888888888,0.3333333333333333,0.25,0.5714285714285714,57,1,0.04802955665024633
P00763,0,0.6285714285714286,0.3,0.9130434782608695,0.9964885387915697,5.498784147297989,1.566691078781582,3.1231425172680276,4.306137341620818,0.5142857142857142,0.48571428571428577,0.4685642032048973,1.0628715935902053,0.4715777824906769,50.82857142857143,0.39285714285714285,0.3333333333333333,0.875,0.5333333333333333,0.6666666666666667,0.6923076923076923,0.3333333333333333,0.46153846153846156,0.5471698113207547,0.375,1.0,0.6,0.4,0.125,0.5,70,2,0.0
P00764,1,0.7288135593220338,0.3220338983050847,0.7916666666666666,0.9873111428488264,2.364321114023894,0.4589375858670217,2.414626985863308,2.231388057149318,0.5423728813559322,0.4576271186440678,0.48981178566889194,1.0203764286622161,0.4277363473047084,51.86440677966102,0.4090909090909091,0.35714285714285715,1.0,0.6923076923076923,0.5263157894736843,0.6,0.47368421052631576,0.55,0.5116279069767442,0.625,0.0,0.5,0.75,0.4444444444444444,0.631578947368421,59,1,-0.22183908045977008
P00765,0,0.6829268292682927,0.24390243902439024,0.5555555555555556,0.9737244279632142,5.842316863569773,1.6055705610987492,1.9072421669763446,1.564464504367792,0.524390243902439,0.47560975609756095,0.46612618519030286,1.0677476296193942,0.4496904740378722,47.3780487804878,0.46153846153846156,0.5185185185185185,1.0,0.7,0.4782608695652174,0.5,0.5185185185185185,0.5714285714285714,0.5441176470588235,0.46153846153846156,0.0,0.6666666666666666,0.5,0.4,0.5,82,2,-0.17073170731707316
P00766,0,0.6351351351351351,0.2702702702702703,0.7407407407407407,0.9915577931786919,5.611020573759894,1.545461911974881,2.708848896620197,3.290061647699636,0.5540540540540541,0.44594594594594594,0.4832741703490376,1.033451659301925,0.4776523637375414,47.32432432432432,0.46875,0.391304347826087,0.8333333333333334,0.36363636363636365,0.5,0.6774193548387096,0.48148148148148145,0.4375,0.5686274509803921,0.5,1.0,0.5294117647058824,0.6470588235294118,0.6666666666666666,0.6,74,2,0.08108108108108114
P00767,0,0.6352941176470588,0.3176470588235294,1.0,0.9980137312338171,5.628813354702744,1.4965016121775565,2.4942332845122723,2.2506873699015446,0.6588235294117647,0.3411764705882353,0.5280323294987221,0.9439353410025556,0.45371399172167043,53.44705882352941,0.25806451612903225,0.15,1.0,0.782608695652174,0.42307692307692313,0.7666666666666667,0.5217391304347826,0.65625,0.6461538461538462,0.7368421052631579,0.0,0.7,0.6,0.16666666666666666,0.5909090909090909,85,2,-0.1566998892580288
P00768,0,0.7528089887640449,0.30337078651685395,0.675,0.9710199844678411,5.666357757313023,1.8051516288160043,2.030572679743936,1.8837458074360778,0.5168539325842697,0.4831460674157303,0.4772861985325674,1.0454276029348657,0.4562170893833819,51.86516853932584,0.4857142857142857,0.4,1.0,0.5714285714285714,0.5666666666666667,0.5483870967741935,0.5555555555555556,0.45161290322580644,0.5072463768115942,0.5263157894736842,1.0,0.6363636363636364,0.5454545454545454,0.3333333333333333,0.4782608695652174,89,2,-0.011616161616161635
P00769,1,0.7640449438202247,0.30337078651685395,0.6585365853658537,0.9645428265670214,2.4460773212947955,0.44699252247266746,1.9835486125365023,1.2419719559544344,0.5730337078651685,0.4269662921348315,0.49557826491126944,1.0088434701774611,0.3550497464892082,54.29213483146067,0.4166666666666667,0.3076923076923077,0.7777777777777778,0.42857142857142855,0.42553191489361697,0.631578947368421,0.575,0.5333333333333333,0.46774193548387094,0.8148148148148148,0.0,0.8125,0.8125,0.5,0.6129032258064516,89,2,-0.08030303030303032
P00770,0,0.7297297297297297,0.25675675675675674,0.5428571428571428,0.9619586341049303,5.8492557459300665,1.6891282377344388,2.070385750661984,1.7171348044367027,0.5,0.5,0.4682052684906071,1.0635894630187857,0.45764671756564557,49.45945945945946,0.41379310344827586,0.35,1.0,0.4166666666666667,0.46153846153846156,0.5925925925925926,0.5555555555555556,0.3,0.45454545454545453,0.631578947368421,0.0,0.7142857142857143,0.6428571428571429,0.2222222222222222,0.5925925925925926,74,2,-0.027027027027026973
P00771,0,0.7123287671232876,0.3287671232876712,0.8571428571428571,0.9937013032277898,5.985647327266043,1.6835202619906293,2.449363356998065,2.37837898544262,0.5616438356164384,0.4383561643835616,0.47350913403586414,1.0529817319282717,0.40989732967153647,52.45205479452055,0.43478260869565216,0.26666666666666666,1.0,0.5714285714285714,0.48484848484848486,0.5909090909090909,0.5172413793103449,0.5909090909090909,0.625,0.4,0.0,0.8888888888888888,0.3333333333333333,0.2,0.38461538461538464,73,2,-0.15240240240240233
P00772,0,0.8070175438596491,0.38596491228070173,0.9166666666666666,0.9549662801064884,5.943515988874844,1.4506874111412065,2.6466290605059526,2.2574967138237283,0.49122807017543857,0.5087719298245614,0.4057076060470948,1.1885847879058105,0.4598302498542134,45.05263157894737,0.5925925925925926,0.5555555555555556,1.0,0.25,0.37037037037037035,0.43478260869565216,0.5833333333333334,0.4,0.4878048780487805,0.5,0.0,0.7272727272727273,0.45454545454545453,0.42857142857142855,0.4583333333333333,57,1,-0.08743842364532017
P00773,0,0.71875,0.234375,0.4838709677419355,0.9538662722096416,5.879828624352393,1.232247838540573,2.4245021863059613,3.164686011005353,0.453125,0.546875,0.4416703130943691,1.1166593738112618,0.49365062288590017,50.546875,0.5555555555555556,0.5882352941176471,0.8333333333333334,0.4666666666666667,0.44999999999999996,0.44,0.5263157894736842,0.4,0.36585365853658536,0.65,0.3333333333333333,0.6363636363636364,0.6363636363636364,0.25,0.625,64,2,-0.15625
P00774,0,0.6538461538461539,0.38461538461538464,1.4285714285714286,0.990349619697181,5.984612495178296,1.3825177437832565,2.5279257975268243,2.0159546187490354,0.5192307692307693,0.4807692307692307,0.4402233764602875,1.119553247079425,0.49336810581201757,46.36538461538461,0.4583333333333333,0.47368421052631576,1.0,0.625,0.375,0.5217391304347826,0.38461538461538464,0.625,0.5121951219512195,0.5454545454545454,0.0,0.25,0.625,0.4,0.5882352941176471,52,1,0.038461538461538436
P00775,0,0.6388888888888888,0.3333333333333333,1.0909090909090908,0.9978905192555038,6.0253435009122125,1.720612012483803,2.810209769170509,2.4865854287877625,0.4583333333333333,0.5416666666666667,0.4797703660863516,1.0404592678272968,0.44304767337769285,50.84722222222222,0.3333333333333333,0.17647058823529413,1.0,0.5454545454545454,0.75,0.68,0.25806451612903225,0.5,0.43636363636363634,0.5294117647058824,0.0,0.75,0.5,0.3,0.36,72,2,-0.02777777777777779
P00776,0,0.7076923076923077,0.38461538461538464,1.1904761904761905,0.9940367618219915,5.787388099619184,1.6775743804361807,2.6787881160874543,2.21771409782565,0.5230769230769231,0.4769230769230769,0.5155205025693697,0.9689589948612611,0.4346069488803058,53.0,0.2,0.16666666666666666,1.0,0.7692307692307693,0.6363636363636364,0.75,0.3333333333333333,0.5909090909090909,0.4583333333333333,0.6666666666666666,1.0,0.6363636363636364,0.8181818181818182,0.6666666666666666,0.5263157894736842,65,2,-0.016098484848484862
P00777,0,0.7758620689655172,0.2413793103448276,0.45161290322580644,0.9221813614342912,5.508629932694939,1.6191778344177175,1.8220058077820542,1.306261023304131,0.5172413793103449,0.48275862068965514,0.49149866701010464,1.0170026659797906,0.4247454664664646,50.327586206896555,0.5652173913043478,0.4117647058823529,1.0,0.38461538461538464,0.625,0.5,0.6086956521739131,0.4,0.4772727272727273,0.6428571428571429,0.0,0.8571428571428571,0.5714285714285714,0.3333333333333333,0.5263157894736842,58,1,-0.13793103448275856
P00778,0,0.7613636363636364,0.32954545454545453,0.7631578947368421,0.9742747149190022,5.72582212739644,1.5275285352428256,2.6728836144539243,3.1483324092515175,0.5,0.5,0.46225611456193627,1.0754877708761275,0.42660350471790803,48.04545454545455,0.4411764705882353,0.43478260869565216,1.0,0.42857142857142855,0.55,0.5757575757575758,0.4594594594594595,0.4444444444444444,0.5,0.47619047619047616,1.0,0.8823529411764706,0.47058823529411764,0.2857142857142857,0.5333333333333333,88,2,-0.1363636363636364
P00779,0,0.6904761904761905,0.36904761904761907,1.1481481481481481,0.9973285578029327,5.794876468450589,1.5753839963384035,2.765159491457744,2.356481821304535,0.4880952380952381,0.5119047619047619,0.4892180105210955,1.021563978957809,0.4481321239827746,51.726190476190474,0.3076923076923077,0.2222222222222222,1.0,0.6923076923076923,0.65,0.7083333333333334,0.3235294117647059,0.5,0.48148148148148145,0.5,0.0,0.5454545454545454,0.6363636363636364,0.375,0.25,84,2,-0.11904761904761912
P00780,0,0.6666666666666666,0.3103448275862069,0.8709677419354839,0.9985557476718502,5.717431321406501,1.6702032873257007,2.76840629321192,3.4341466587806786,0.5977011494252874,0.4022988505747126,0.4908503256766503,1.0182993486466994,0.408525135122764,50.5632183908046,0.375,0.2777777777777778,1.0,0.5833333333333334,0.4444444444444444,0.7333333333333333,0.4857142857142857,0.5909090909090909,0.5757575757575758,0.65,1.0,1.0,0.75,0.2,0.5555555555555556,87,2,-0.28964059196617337
P00781,0,0.6376811594202898,0.2318840579710145,0.5714285714285714,0.976440099171415,5.718966823622653,1.5610699377848276,2.351306604126952,2.0747061250498713,0.6956521739130435,0.30434782608695654,0.5210542579063234,0.9578914841873534,0.5002262076570899,46.42028985507246,0.3103448275862069,0.23076923076923078,0.8,0.6363636363636364,0.3214285714285714,0.7142857142857143,0.7692307692307693,0.5333333333333333,0.7,0.6666666666666666,1.0,0.8,0.6,0.125,0.7,69,2,0.15378151260504203
P00782,0,0.5538461538461539,0.4153846153846154,3.0,0.9091326123259628,5.7921933349052015,1.5727666629604158,2.705891433845806,2.0068857955442274,0.6,0.4,0.5259242694899164,0.948151461020167,0.49690209356334536,49.53846153846154,0.2857142857142857,0.19047619047619047,0.875,0.7857142857142857,0.75,0.7407407407407407,0.17647058823529413,0.7619047619047619,0.6078431372549019,0.5384615384615384,1.0,0.25,0.6666666666666666,0.14285714285714285,0.6153846153846154,65,2,0.07386363636363635
P00783,0,0.7142857142857143,0.34523809523809523,0.9354838709677419,0.9948712843600321,5.6263057538754975,1.5116557738225422,2.1807179077463372,2.994738532738555,0.4880952380952381,0.5119047619047619,0.45832707616266694,1.083345847674666,0.4094206038459716,48.48809523809524,0.4,0.30434782608695654,1.0,0.36363636363636365,0.6470588235294117,0.6,0.41379310344827586,0.4,0.4657534246575342,0.6666666666666666,0.5,0.375,0.5,0.3,0.4074074074074074,84,2,0.023809523809523836
P00784,0,0.8181818181818182,0.32727272727272727,0.6666666666666666,0.9327997083224275,6.1472303196836195,1.7097719281854047,2.3774476036673935,2.271493532580126,0.5272727272727272,0.4727272727272728,0.4838089346815197,1.0323821306369605,0.3168855607983518,54.236363636363635,0.42857142857142855,0.3333333333333333,1.0,0.6363636363636364,0.4444444444444444,0.5384615384615384,0.5384615384615384,0.5,0.4883720930232558,0.6666666666666666,0.0,0.8333333333333334,0.8333333333333334,0.5,0.625,55,1,0.08994708994708994
P00785,0,0.7105263157894737,0.27631578947368424,0.6363636363636364,0.9798614988052174,6.015789531183342,1.7470393877382107,2.4210216833115306,2.1015861190460083,0.4868421052631579,0.513157894736842,0.4579811694603119,1.0840376610793763,0.461562472839606,51.526315789473685,0.5,0.45,0.9090909090909091,0.4375,0.4642857142857143,0.5161290322580645,0.47619047619047616,0.4583333333333333,0.5,0.4,1.0,0.6923076923076923,0.6153846153846154,0.16666666666666666,0.4117647058823529,76,2,0.026315789473684237
P00786,0,0.7380952380952381,0.2976190476190476,0.6756756756756757,0.9764463300101044,5.595592038863789,1.55180185293723,2.255781327375437,2.667659756187654,0.4642857142857143,0.5357142857142857,0.4766147905932205,1.046770418813559,0.4059044906923526,49.54761904761905,0.47058823529411764,0.42857142857142855,1.0,0.46153846153846156,0.5,0.5151515151515151,0.4482758620689655,0.4090909090909091,0.391304347826087,0.8181818181818182,0.75,0.3333333333333333,0.7777777777777778,0.42857142857142855,0.5294117647058824,84,2,-0.11904761904761907
P00787,0,0.6716417910447762,0.19402985074626866,0.40625,0.9437086005657266,5.906061670505763,1.7089480493503855,1.9257482367853656,1.0605970311222186,0.5522388059701493,0.4477611940298507,0.47565072240186035,1.0486985551962793,0.41267382597074925,52.149253731343286,0.3333333333333333,0.4,1.0,0.36363636363636365,0.4545454545454546,0.65,0.56,0.45454545454545453,0.5208333333333334,0.5882352941176471,1.0,0.7,0.8,0.0,0.65,67,2,-0.10606060606060608
P00788,0,0.7169811320754716,0.3584905660377358,1.0,0.9946688472493533,6.210149584380774,1.594882320755898,2.7449371293950944,2.944635543312272,0.49056603773584906,0.5094339622641509,0.4442455889832142,1.1115088220335716,0.5390255660969765,49.58490566037736,0.5263157894736842,0.42857142857142855,0.75,0.5,0.5217391304347826,0.45,0.47619047619047616,0.5833333333333334,0.4358974358974359,0.6666666666666666,0.5,0.875,0.75,0.0,0.6,53,1,-0.018518518518518545
P00789,1,0.6704545454545454,0.26136363636363635,0.6388888888888888,0.9850341202339605,2.418688572669478,0.3984360032005714,2.0412349437598674,1.6456130119320835,0.5795454545454546,0.4204545454545454,0.5328606264389127,0.9342787471221746,0.4234470893423018,46.15909090909091,0.3333333333333333,0.2222222222222222,1.0,0.7142857142857143,0.5641025641025641,0.7142857142857143,0.5517241379310345,0.4166666666666667,0.5507246376811594,0.7058823529411765,0.5,0.6666666666666666,0.6666666666666666,0.4,0.43478260869565216,88,2,-0.11363636363636365
P00790,0,0.6164383561643836,0.3972602739726027,1.8125,0.9711980011696023,6.081250719229917,1.4182970789965454,3.032526187309757,2.4234375569568614,0.5205479452054794,0.4794520547945206,0.46714830856944023,1.0657033828611195,0.4749972859562894,46.726027397260275,0.38235294117647056,0.3684210526315789,1.0,0.8571428571428571,0.5185185185185186,0.6451612903225806,0.25925925925925924,0.7333333333333333,0.5636363636363636,0.3888888888888889,0.0,0.8181818181818182,0.36363636363636365,0.4444444444444444,0.36,73,2,0.1501501501501502
P00791,0,0.6724137931034483,0.1896551724137931,0.39285714285714285,0.9397871569357736,5.909752415591723,1.4898950211862936,1.594084481694657,0.7714237450604465,0.603448275862069,0.39655172413793105,0.5102726408399271,0.9794547183201459,0.48191910548796946,47.93103448275862,0.32,0.29411764705882354,1.0,0.375,0.47619047619047616,0.625,0.7222222222222222,0.4375,0.5333333333333333,0.8181818181818182,1.0,0.3333333333333333,0.8333333333333334,0.3333333333333333,0.5384615384615384,58,1,-0.1724137931034483
P00792,0,0.6212121212121212,0.30303030303030304,0.9523809523809523,0.9956872539503975,6.001769570071587,1.6693556582195164,2.85886412720977,2.6562563170719296,0.5303030303030303,0.4696969696969697,0.46139404051178334,1.0772119189764333,0.482514301612724,49.24242424242424,0.34615384615384615,0.23529411764705882,1.0,0.6666666666666666,0.5555555555555556,0.6521739130434783,0.39285714285714285,0.6,0.5957446808510638,0.4117647058823529,0.0,0.6,0.4,0.75,0.5882352941176471,66,2,-0.030303030303030276
P00793,1,0.7619047619047619,0.31746031746031744,0.7142857142857143,0.9706381214708321,2.5659230368070007,0.482275987537978,2.3452366358582393,2.1179633728881275,0.6031746031746031,0.39682539682539686,0.49146715538721303,1.0170656892255738,0.45441395629229175,47.285714285714285,0.5357142857142857,0.47619047619047616,1.0,0.8888888888888888,0.4285714285714286,0.5,0.6666666666666666,0.6923076923076923,0.5957446808510638,0.625,0.0,0.8888888888888888,0.5555555555555556,0.2,0.631578947368421,63,2,-0.20967741935483875
P00794,0,0.6067415730337079,0.24719101123595505,0.6875,0.9833137624462855,5.673133676920282,1.676263715214958,2.5628071925778824,2.3729618480239645,0.6404494382022472,0.3595505617977528,0.5095498939769876,0.980900212046025,0.4431990011892881,46.50561797752809,0.29545454545454547,0.2222222222222222,1.0,0.6666666666666666,0.5,0.7435897435897436,0.5555555555555556,0.5652173913043478,0.6470588235294118,0.631578947368421,0.5,0.6666666666666666,0.5333333333333333,0.2857142857142857,0.6785714285714286,89,2,-0.08181818181818179
P00795,0,0.7162162162162162,0.3918918918918919,1.2083333333333333,0.9919267358337301,5.583500823744542,1.6787044429832356,2.0322638327417226,1.358645921546327,0.6621621621621622,0.33783783783783783,0.5060648650950829,0.9878702698098344,0.4053444704119482,48.82432432432432,0.37037037037037035,0.3684210526315789,1.0,0.5,0.36111111111111116,0.64,0.55,0.7586206896551724,0.6461538461538462,0.75,1.0,0.4444444444444444,0.7777777777777778,0.42857142857142855,0.5454545454545454,74,2,-0.027027027027026973
P00796,1,0.6190476190476191,0.31746031746031744,1.0526315789473684,0.9952701596369318,2.4219801426586325,0.44690333932012666,2.422880929078577,2.132857954954854,0.6984126984126984,0.3015873015873016,0.5461895454898074,0.9076209090203856,0.3847967057425751,48.095238095238095,0.18518518518518517,0.05263157894736842,1.0,0.7142857142857143,0.4444444444444444,0.8461538461538461,0.5,0.6666666666666666,0.6666666666666666,0.8333333333333334,0.0,0.4,0.8,0.2857142857142857,0.5882352941176471,63,2,0.04133064516129037
P00797,0,0.6785714285714286,0.2857142857142857,0.7272727272727273,0.9919762630614621,5.803519527497749,1.7796196115271232,2.254989878678829,1.9339507863645642,0.44642857142857145,0.5535714285714286,0.4443727897480952,1.1112544205038097,0.4726071171939494,52.07142857142857,0.5714285714285714,0.45454545454545453,1.0,0.5454545454545454,0.5833333333333333,0.5,0.4,0.42857142857142855,0.3953488372093023,0.5454545454545454,1.0,0.6666666666666666,0.5555555555555556,0.3333333333333333,0.4375,56,1,-0.035714285714285754
P00798,1,0.7794117647058824,0.38235294117647056,0.9629629629629629,0.9719168433949013,2.4956967590259396,0.5015156614259306,2.544926646727419,2.1274398464174533,0.5147058823529411,0.4852941176470589,0.5030363216876076,0.9939273566247846,0.3930575682779793,52.10294117647059,0.48,0.3125,1.0,0.6,0.5517241379310345,0.631578947368421,0.375,0.56,0.4897959183673469,0.5789473684210527,0.0,0.6,0.6,0.25,0.5217391304347826,68,2,0.1470588235294118
P00799,0,0.7,0.34,0.9444444444444444,0.9974233736309368,5.468844149584137,1.7542687679661788,2.5332574605013263,2.3324382695173456,0.62,0.38,0.4633534240213812,1.0732931519572377,0.4682978344232383,49.56,0.42857142857142855,0.5,1.0,0.75,0.4444444444444444,0.625,0.5555555555555556,0.6875,0.6153846153846154,0.6363636363636364,0.0,0.7777777777777778,0.5555555555555556,0.5714285714285714,0.55,50,1,-0.19999999999999996
P00800,0,0.6883116883116883,0.2987012987012987,0.7666666666666667,0.9935490153324085,5.8821955138253905,1.6050533911906872,2.547430581223599,3.4965451295743177,0.6233766233766234,0.37662337662337664,0.5005057954939576,0.9989884090120847,0.4169667271446644,51.66233766233766,0.38461538461538464,0.3157894736842105,1.0,0.8571428571428571,0.47058823529411764,0.6071428571428571,0.625,0.64,0.6491228070175439,0.5555555555555556,0.5,0.5384615384615384,0.38461538461538464,0.35714285714285715,0.5,77,2,0.08771929824561397
P00801,0,0.6615384615384615,0.36923076923076925,1.263157894736842,0.9958662153973481,5.980683953154837,1.6702439776912175,2.494633658232311,1.814999507761251,0.5230769230769231,0.4769230769230769,0.4926505322042165,1.0146989355915668,0.4992743258407204,49.353846153846156,0.375,0.23529411764705882,1.0,1.0,0.6774193548387097,0.64,0.37037037037037035,0.6153846153846154,0.5098039215686274,0.5714285714285714,0.0,0.5,0.8333333333333334,0.4,0.7,65,2,0.1070075757575758
P00802,0,0.6140350877192983,0.2631578947368421,0.75,0.9887368171985008,5.853680201292574,1.4914738150219484,2.566009193668736,2.2171620713615257,0.631578947368421,0.368421052631579,0.49091480250461306,1.0181703949907739,0.4898129444904908,49.59649122807018,0.22727272727272727,0.17647058823529413,0.75,0.3333333333333333,0.34782608695652173,0.7391304347826086,0.631578947368421,0.4666666666666667,0.6341463414634146,0.625,0.0,0.7,0.7,0.2,0.9285714285714286,57,1,0.11822660098522175
P00803,0,0.7313432835820896,0.31343283582089554,0.75,0.984294882358638,6.126727728466317,1.5868227153681496,3.3770813322863313,4.115852228680621,0.6417910447761194,0.35820895522388063,0.5039024165068456,0.9921951669863088,0.32541452426711504,52.95522388059702,0.4,0.2727272727272727,0.8888888888888888,0.6363636363636364,0.4545454545454546,0.7083333333333334,0.6086956521739131,0.6,0.6590909090909091,0.6,0.6666666666666666,0.8666666666666667,0.6666666666666666,0.25,0.85,67,2,-0.10873440285204994
P00804,0,0.7066666666666667,0.3466666666666667,0.9629629629629629,0.9965368130639397,5.642370192757503,1.6764273995111878,2.3013646232698184,1.789710162681632,0.64,0.36,0.49838216636605875,1.0032356672678826,0.4765698962248825,49.13333333333333,0.42857142857142855,0.45454545454545453,1.0,0.7272727272727273,0.33333333333333337,0.59375,0.6,0.7391304347826086,0.6363636363636364,0.65,0.0,0.7333333333333333,0.6666666666666666,0.3,0.65625,75,2,-0.12375533428165009
P00805,0,0.7435897435897436,0.3333333333333333,0.8125,0.9836953470468075,5.873031256349705,1.573742751638055,2.656403048931213,2.204618322069611,0.5512820512820513,0.4487179487179487,0.4885186476803147,1.0229627046393706,0.38073310516317205,53.0,0.3333333333333333,0.21428571428571427,0.8333333333333334,0.5333333333333333,0.6470588235294117,0.6363636363636364,0.5,0.5454545454545454,0.5454545454545454,0.5238095238095238,1.0,0.7692307692307693,0.6153846153846154,0.25,0.4782608695652174,78,2,-0.17948717948717952
P00806,1,0.686046511627907,0.313953488372093,0.84375,0.9969779104943325,2.43150379850368,0.5043711977301081,2.274814357461527,2.5031953768946114,0.5930232558139535,0.40697674418604646,0.5283476219544935,0.9433047560910134,0.41157008115789223,47.76744186046512,0.3235294117647059,0.28,1.0,0.7272727272727273,0.5,0.6857142857142857,0.5,0.5652173913043478,0.5882352941176471,0.625,0.5,0.5833333333333334,0.6666666666666666,0.0,0.5909090909090909,86,2,-0.06976744186046513
P00807,1,0.7358490566037735,0.3018867924528302,0.6956521739130435,0.9789516793378692,2.4487803601250855,0.48236013551989054,2.0550098944378385,1.5408169966473038,0.5849056603773585,0.41509433962264153,0.5146743122650975,0.970651375469805,0.35526700173067344,51.84905660377358,0.4,0.3333333333333333,1.0,0.36363636363636365,0.4347826086956522,0.6842105263157895,0.5555555555555556,0.5,0.55,0.6363636363636364,1.0,0.5555555555555556,0.6666666666666666,0.5,0.45,53,1,0.16666666666666663
P00808,1,0.75,0.3333333333333333,0.8,0.9808340377961403,2.5411466929432653,0.4729346645855206,2.3316148071637275,1.8529964188842512,0.5595238095238095,0.44047619047619047,0.4879673572737642,1.0240652854524714,0.38446463354162275,48.583333333333336,0.4722222222222222,0.30434782608695654,1.0,0.7142857142857143,0.5172413793103448,0.625,0.5333333333333333,0.5,0.5714285714285714,0.5,1.0,0.8181818181818182,0.45454545454545453,0.3333333333333333,0.6538461538461539,84,2,-0.023809523809523725
P00809,0,0.6428571428571429,0.19642857142857142,0.44,0.9534155399079602,5.9003266516304995,1.5675995929201183,2.19309552154123,2.178910780229214,0.5892857142857143,0.4107142857142857,0.5205594940007752,0.9588810119984494,0.4526189267136185,46.839285714285715,0.36,0.35,1.0,0.3333333333333333,0.368421052631579,0.72,0.5789473684210527,0.3333333333333333,0.55,0.6875,0.0,0.7272727272727273,0.6363636363636364,0.0,0.5,56,1,-0.25
P00810,0,0.7037037037037037,0.25925925925925924,0.5833333333333334,0.9746913179422255,5.295845935164883,1.6412643002419294,2.0151126950949694,1.57930282921558,0.4444444444444444,0.5555555555555556,0.42568938292996655,1.148621234140067,0.4648475381442675,50.907407407407405,0.6111111111111112,0.5454545454545454,1.0,0.375,0.6363636363636364,0.4444444444444444,0.4444444444444444,0.4444444444444444,0.3953488372093023,0.6,1.0,0.6666666666666666,0.6666666666666666,0.6,0.5,54,1,-0.07407407407407407
P00811,0,0.6417910447761194,0.40298507462686567,1.6875,0.979418747843404,5.932608993966554,1.4829932260041552,3.0752828297678594,2.6688781623753375,0.582089552238806,0.417910447761194,0.4875640359185795,1.024871928162841,0.42111151561874033,48.507462686567166,0.35714285714285715,0.2222222222222222,0.8,0.8888888888888888,0.625,0.6774193548387096,0.2857142857142857,0.8,0.6296296296296297,0.4166666666666667,0.0,0.5,0.5,0.2,0.47058823529411764,67,2,-0.04723707664884136
P00812,0,0.6779661016949152,0.288135593220339,0.7391304347826086,0.9927682224649002,5.728598642055674,1.6616976126980014,1.9022147932566866,1.204133369706229,0.5932203389830508,0.4067796610169492,0.4974954685371127,1.0050090629257746,0.4303386275598182,47.74576271186441,0.34782608695652173,0.35294117647058826,0.6666666666666666,0.7142857142857143,0.42307692307692313,0.6,0.6,0.5714285714285714,0.5882352941176471,0.625,0.0,0.6,0.4,0.2857142857142857,0.5789473684210527,59,1,-0.05402298850574716
P00813,0,0.64,0.18,0.391304347826087,0.9408791618294623,5.420805647918676,1.1113509774820594,1.9359064807052513,1.7842044121260772,0.66,0.33999999999999997,0.5026989285783533,0.9946021428432934,0.4228696593368944,49.14,0.36363636363636365,0.23076923076923078,0.5,0.4444444444444444,0.3846153846153846,0.6666666666666666,0.75,0.5384615384615384,0.6842105263157895,0.5833333333333334,0.0,0.75,0.625,0.5,0.7647058823529411,50,1,0.040000000000000036
P00814,0,0.5641025641025641,0.3333333333333333,1.4444444444444444,0.970803149039205,5.778784462823039,1.4899924296028082,2.850140216866201,2.294861212853986,0.6410256410256411,0.3589743589743589,0.5470024775643775,0.9059950448712454,0.477362481230148,45.47435897435897,0.17142857142857143,0.15151515151515152,1.0,0.6363636363636364,0.5,0.7837837837837838,0.36363636363636365,0.6842105263157895,0.6610169491525424,0.5555555555555556,1.0,0.5,0.6,0.375,0.6666666666666666,78,2,-0.05128205128205121
P00815,0,0.6785714285714286,0.36904761904761907,1.1923076923076923,0.9973285578029327,5.731151567776475,1.4553697581067238,2.4800600010690266,2.1791497015969736,0.6428571428571429,0.3571428571428571,0.48754033893239895,1.0249193221352018,0.4755872083733455,50.357142857142854,0.4166666666666667,0.35714285714285715,0.8,0.6470588235294118,0.40909090909090906,0.6,0.6086956521739131,0.7307692307692307,0.6417910447761194,0.6875,0.0,0.8,0.7,0.14285714285714285,0.64,84,2,0.04761904761904756
P00816,0,0.6376811594202898,0.30434782608695654,0.9130434782608695,0.9977028611728441,5.995872515921591,1.3963935376086913,2.5845781956773335,2.1101053733715904,0.6376811594202898,0.3623188405797102,0.5339209940875002,0.9321580118249994,0.41824910547089816,49.31884057971015,0.32142857142857145,0.3157894736842105,1.0,0.8181818181818182,0.5,0.6774193548387096,0.5217391304347826,0.7333333333333333,0.6326530612244898,0.631578947368421,1.0,0.6666666666666666,0.6666666666666666,0.3076923076923077,0.6521739130434783,69,2,-0.01848739495798324
P00817,0,0.7192982456140351,0.21052631578947367,0.41379310344827586,0.936141821956946,5.264331624480108,1.7093851357674843,1.7171739746418333,1.5507417569926714,0.5263157894736842,0.4736842105263158,0.47924340497016327,1.0415131900596735,0.38066571206907424,47.719298245614034,0.5,0.375,0.8,0.2857142857142857,0.47058823529411764,0.6666666666666666,0.5652173913043478,0.3125,0.5,0.7142857142857143,0.0,1.0,0.75,0.2,0.6428571428571429,57,1,0.051724137931034475
P00818,0,0.6666666666666666,0.4305555555555556,1.8235294117647058,0.9738098089660944,5.762913218950794,1.5202827391449831,3.1600338898540166,3.770342805054653,0.5416666666666666,0.45833333333333337,0.4872944209583168,1.025411158083366,0.3850844639097967,53.80555555555556,0.2,0.26666666666666666,1.0,0.6428571428571429,0.5384615384615384,0.7619047619047619,0.2962962962962963,0.625,0.5357142857142857,0.5714285714285714,0.5,0.6,0.7,0.375,0.6363636363636364,72,2,-0.08333333333333337
P00819,0,0.7804878048780488,0.5121951219512195,1.9090909090909092,0.9362057841303119,5.885950341242201,1.3866995981354497,3.052672348046849,2.5437035406054527,0.5487804878048781,0.4512195121951219,0.5167223182031413,0.9665553635937175,0.4248403463084144,53.646341463414636,0.4,0.17647058823529413,0.9090909090909091,0.8333333333333334,0.6060606060606061,0.6818181818181818,0.2857142857142857,0.6875,0.5714285714285714,0.4444444444444444,1.0,0.8235294117647058,0.47058823529411764,0.4,0.5142857142857142,82,2,0.024390243902439046
P00820,0,0.6046511627906976,0.3023255813953488,1.0,0.9923363449614883,5.737668325643569,1.6343625761091343,2.0817950458698276,1.4101087492529294,0.6046511627906976,0.39534883720930236,0.4845249293056651,1.0309501413886701,0.4260985361540479,48.96511627906977,0.2777777777777778,0.2857142857142857,0.8571428571428571,0.46153846153846156,0.4545454545454546,0.7058823529411765,0.4444444444444444,0.64,0.5974025974025974,0.75,0.0,0.8333333333333334,0.6666666666666666,0.2,0.5151515151515151,86,2,-0.09302325581395354
P00821,0,0.7228915662650602,0.25301204819277107,0.5384615384615384,0.9632472612059307,5.659219300419371,1.662890822166536,1.9984279598619044,1.5934224193701063,0.5301204819277109,0.4698795180722891,0.4462196097287369,1.107560780542526,0.4610397804686138,49.3855421686747,0.4838709677419355,0.35,0.6666666666666666,0.45454545454545453,0.5142857142857142,0.5384615384615384,0.5945945945945946,0.4,0.5230769230769231,0.5555555555555556,0.0,0.7272727272727273,0.6363636363636364,0.2222222222222222,0.5652173913043478,83,2,0.13182346109175375
P00822,0,0.7457627118644068,0.3898305084745763,1.0952380952380953,0.9858757559612726,5.749142643768807,1.5031372107606433,2.1548170212319153,1.7554311601451207,0.5423728813559322,0.4576271186440678,0.4576405807973542,1.0847188384052917,0.4069353409588472,51.33898305084746,0.5,0.6153846153846154,1.0,0.7272727272727273,0.3928571428571429,0.5555555555555556,0.45454545454545453,0.631578947368421,0.5686274509803921,0.375,0.0,0.8571428571428571,0.42857142857142855,0.5714285714285714,0.5909090909090909,59,1,-0.01839080459770115
P00823,0,0.7468354430379747,0.22784810126582278,0.43902439024390244,0.9331517741637095,5.784147633667668,1.7807461814752954,1.8441735928807308,1.5849011708402339,0.4810126582278481,0.5189873417721519,0.4717255488825912,1.0565489022348176,0.45417209898882205,47.620253164556964,0.5263157894736842,0.4482758620689655,0.8571428571428571,0.5454545454545454,0.5652173913043479,0.5151515151515151,0.6086956521739131,0.30434782608695654,0.5076923076923077,0.3076923076923077,1.0,0.42857142857142855,0.42857142857142855,0.5,0.35714285714285715,79,2,0.038461538461538436
P00824,0,0.7887323943661971,0.29577464788732394,0.6,0.9443073643691651,5.5728621889012855,1.5046992714543859,2.334529259565212,2.2152542982964722,0.5774647887323944,0.4225352112676056,0.5046487771421678,0.9907024457156645,0.37047690530691724,51.859154929577464,0.5,0.4117647058823529,1.0,0.7272727272727273,0.52,0.5454545454545454,0.5806451612903226,0.6111111111111112,0.5102040816326531,0.7272727272727273,0.0,0.75,0.6875,0.1111111111111111,0.5,71,2,0.18095238095238092
P00825,0,0.647887323943662,0.30985915492957744,0.9166666666666666,0.9987266554558074,6.038961258510691,1.3239260442480216,2.9825987698383756,3.5113121172628814,0.5633802816901409,0.43661971830985913,0.4892281795005433,1.0215436409989134,0.45971497674387324,47.929577464788736,0.32142857142857145,0.3125,1.0,0.375,0.4666666666666667,0.6923076923076923,0.4444444444444444,0.5555555555555556,0.5849056603773585,0.5,0.5,0.5454545454545454,0.36363636363636365,0.2857142857142857,0.3684210526315789,71,2,0.2095238095238095
P00826,1,0.6493506493506493,0.2727272727272727,0.7241379310344828,0.9917927820445334,2.3360520700963896,0.548536510921841,2.3433237848500035,2.0703081976507707,0.5454545454545454,0.4545454545454546,0.48682985591710054,1.026340288165799,0.42944374919661554,48.81818181818182,0.3333333333333333,0.2631578947368421,0.8888888888888888,0.46153846153846156,0.5714285714285714,0.7307692307692307,0.45454545454545453,0.4444444444444444,0.559322033898305,0.5294117647058824,0.0,0.5833333333333334,0.5,0.2857142857142857,0.6086956521739131,77,2,-0.06612685560053988
P00827,1,0.5370370370370371,0.25925925925925924,0.9333333333333333,0.9669722001469097,2.411479023879272,0.4497490091589897,2.0368590884716733,1.3310915396786656,0.6296296296296297,0.37037037037037035,0.5557334633992302,0.8885330732015395,0.44980201594167607,47.388888888888886,0.18518518518518517,0.10526315789473684,1.0,0.6363636363636364,0.5,0.8076923076923077,0.4166666666666667,0.5,0.6,0.6923076923076923,1.0,0.42857142857142855,0.5714285714285714,0.8,0.4666666666666667,54,1,0.07407407407407407
P00828,1,0.7386363636363636,0.29545454545454547,0.6666666666666666,0.9754026169358324,2.4121340540773435,0.4790714108309818,2.355851114181511,2.643210159717394,0.625,0.375,0.5283717477773489,0.9432565044453024,0.40052508301335477,52.55681818181818,0.3548387096774194,0.2,1.0,0.45,0.3214285714285714,0.6774193548387096,0.6666666666666666,0.5333333333333333,0.576271186440678,0.75,0.0,0.5714285714285714,0.7619047619047619,0.5,0.7631578947368421,88,2,-0.022727272727272707
P00829,0,0.6764705882352942,0.35294117647058826,1.0909090909090908,0.9992199845020818,5.931570455285443,1.6757573054711157,2.0645201066796885,0.8272278954168173,0.6176470588235294,0.38235294117647056,0.534699276952205,0.9306014460955897,0.40744033402148894,50.970588235294116,0.28,0.21052631578947367,1.0,0.5625,0.42307692307692313,0.7083333333333334,0.5,0.6363636363636364,0.5555555555555556,0.8461538461538461,1.0,0.5,0.8,0.3333333333333333,0.6666666666666666,68,2,0.0
P00830,0,0.6621621621621622,0.35135135135135137,1.1304347826086956,0.9988281894971209,5.615103943432559,1.5319192403015087,2.2248508511939296,1.5683971816535554,0.6216216216216216,0.3783783783783784,0.5050530792237987,0.9898938415524025,0.42610358845954577,51.729729729729726,0.2962962962962963,0.34782608695652173,0.9,0.6470588235294118,0.48,0.6785714285714286,0.45,0.6923076923076923,0.6607142857142857,0.5294117647058824,0.0,0.4666666666666667,0.5333333333333333,0.7,0.6666666666666666,74,2,-0.10810810810810811
P00831,0,0.7540983606557377,0.36065573770491804,0.9166666666666666,0.9828543338256437,5.6426028429965545,1.625886133513015,3.0349948975566354,3.1367139600027985,0.47540983606557374,0.5245901639344263,0.458609681283024,1.082780637433952,0.45043616729142477,55.885245901639344,0.5294117647058824,0.3333333333333333,0.875,0.5,0.5652173913043479,0.5714285714285714,0.4074074074074074,0.5,0.5714285714285714,0.2222222222222222,1.0,0.9090909090909091,0.36363636363636365,0.25,0.47368421052631576,61,2,-0.04838709677419356
P00832,0,0.6666666666666666,0.32051282051282054,0.9259259259259259,0.9995510533641624,5.624057514423173,1.650237430132126,2.8841723285907204,3.44558371166316,0.5512820512820513,0.4487179487179487,0.475474663400683,1.049050673198634,0.45336808324014816,51.67948717948718,0.3939393939393939,0.3333333333333333,0.8,0.5789473684210527,0.4347826086956522,0.6129032258064516,0.43478260869565216,0.5833333333333334,0.5964912280701754,0.45,0.0,0.6363636363636364,0.5454545454545454,0.2222222222222222,0.5384615384615384,78,2,0.02564102564102566
P00833,1,0.52,0.3,1.3636363636363635,0.9526610591473246,2.4351974961626635,0.47556935674473166,3.0558349330818846,3.6677480001327587,0.72,0.28,0.549408191326049,0.901183617347902,0.44995376260379194,44.44,0.25,0.3157894736842105,1.0,0.8571428571428571,0.41666666666666663,0.7857142857142857,0.4166666666666667,0.9,0.7105263157894737,0.7272727272727273,1.0,0.42857142857142855,0.8571428571428571,0.3333333333333333,0.6666666666666666,50,1,-0.07999999999999996
P00834,0,0.6153846153846154,0.36538461538461536,1.4615384615384615,0.9848323797687023,5.9937082733801805,1.3882092915254889,2.0568707142153366,1.1205441005046406,0.6923076923076923,0.3076923076923077,0.509119835739953,0.9817603285200942,0.4307776731790605,47.21153846153846,0.2727272727272727,0.2,1.0,0.6666666666666666,0.41666666666666663,0.7619047619047619,0.47058823529411764,0.8571428571428571,0.7073170731707317,0.6363636363636364,0.0,0.4444444444444444,0.6666666666666666,0.5,0.6521739130434783,52,1,0.0
P00835,0,0.7746478873239436,0.38028169014084506,0.9642857142857143,0.9743345556908733,6.0711153553742445,1.3885357535831409,2.7540712181844444,2.9712616480719447,0.5211267605633803,0.47887323943661975,0.4944642974542957,1.0110714050914085,0.40980948333732764,54.0,0.45454545454545453,0.35294117647058826,1.0,0.6666666666666666,0.5769230769230769,0.6,0.4074074074074074,0.5833333333333334,0.49056603773584906,0.6470588235294118,0.0,0.9,0.7,0.5,0.6842105263157895,71,2,-0.09920634920634919
P00836,0,0.6538461538461539,0.3333333333333333,1.04,0.9995510533641624,6.01704456471604,1.4449581762674049,2.692905096227209,3.2635596081398104,0.5256410256410257,0.47435897435897434,0.45618382347046676,1.0876323530590664,0.4877822442297652,48.8974358974359,0.41935483870967744,0.35,0.875,0.5454545454545454,0.5454545454545454,0.6206896551724138,0.4411764705882353,0.5333333333333333,0.49122807017543857,0.5789473684210527,1.0,0.5333333333333333,0.6666666666666666,0.4,0.5769230769230769,78,2,-0.07692307692307693
P00837,0,0.75,0.29545454545454547,0.65,0.969580799526856,5.824817863782744,1.7550158544871324,2.5697585772219838,2.997246382462568,0.5568181818181818,0.44318181818181823,0.4443492744638525,1.111301451072295,0.3848392147544152,50.71590909090909,0.5,0.5714285714285714,1.0,0.8333333333333334,0.525,0.5517241379310345,0.6129032258064516,0.5,0.5303030303030303,0.6666666666666666,0.0,0.8,0.6,0.4,0.6785714285714286,88,2,-0.24999999999999994
P00838,0,0.7011494252873564,0.26436781609195403,0.6052631578947368,0.9780243787677387,5.613880471782535,1.694790775818509,2.2952505375071333,2.179059202418997,0.5977011494252874,0.4022988505747126,0.5080089904296863,0.9839820191406274,0.4458461752361724,48.724137931034484,0.4,0.28,1.0,0.2222222222222222,0.30000000000000004,0.6410256410256411,0.68,0.43478260869565216,0.625,0.47619047619047616,1.0,0.7142857142857143,0.42857142857142855,0.5,0.3333333333333333,87,2,-0.19767441860465118
P00839,0,0.7450980392156863,0.29411764705882354,0.6521739130434783,0.9716651259366552,6.590018170293451,1.620633114613748,2.0898307907186457,1.8173709097496507,0.49019607843137253,0.5098039215686274,0.42431072158348576,1.1513785568330286,0.4188986638970811,52.6078431372549,0.5,0.4,1.0,0.5714285714285714,0.5161290322580645,0.5555555555555556,0.5,0.4,0.5,0.46153846153846156,0.0,0.7,0.6,0.3333333333333333,0.5294117647058824,51,1,-0.21538461538461534
P00840,0,0.7313432835820896,0.3283582089552239,0.8148148148148148,0.987639238779059,5.576896758324653,1.578291845479295,2.8627038096765904,3.5022828244385593,0.6567164179104478,0.34328358208955223,0.5444305811356177,0.9111388377287648,0.42932222762324207,55.26865671641791,0.3157894736842105,0.2,1.0,0.6875,0.5,0.6842105263157895,0.6,0.6956521739130435,0.6458333333333334,0.6470588235294118,1.0,0.7272727272727273,0.6363636363636364,0.3333333333333333,0.5,67,2,0.09982174688057044
P00841,1,0.6078431372549019,0.27450980392156865,0.8235294117647058,0.9905014861186293,2.3949625102819363,0.4874508240719591,2.499356867364203,3.3500233839549374,0.7843137254901961,0.21568627450980393,0.5927721209038704,0.8144557581922591,0.40396041380068576,47.1764705882353,0.17391304347826086,0.17647058823529413,1.0,1.0,0.4117647058823529,0.8636363636363636,0.6875,0.7692307692307693,0.7857142857142857,0.875,0.0,0.8,0.6,0.25,0.7333333333333333,51,1,-0.2661538461538462
P00842,0,0.7333333333333333,0.3333333333333333,0.8333333333333334,0.9877812438119246,6.115712781200367,1.2777192455105404,2.820899777834988,3.417515152044378,0.6333333333333333,0.3666666666666667,0.49853006754936346,1.002939864901273,0.4636229799512275,51.31666666666667,0.44,0.38461538461538464,1.0,0.5833333333333334,0.40909090909090906,0.6,0.625,0.6875,0.5609756097560976,0.7777777777777778,1.0,0.8888888888888888,1.0,0.3333333333333333,0.7142857142857143,60,1,0.06666666666666665
P00843,0,0.6625,0.3125,0.8928571428571429,0.9989979448485344,5.924094260105417,1.5255010013327641,2.6361906516606326,3.1673950224137615,0.6125,0.38749999999999996,0.5038024379821512,0.9923951240356976,0.4308367826079565,48.725,0.3,0.2916666666666667,1.0,0.4,0.4,0.7096774193548387,0.5238095238095238,0.5714285714285714,0.5806451612903226,0.7333333333333333,0.6666666666666666,0.5333333333333333,0.8,0.23076923076923078,0.64,80,2,0.125
P00844,0,0.5714285714285714,0.3492063492063492,1.5714285714285714,0.9691903036534316,6.012747583921069,1.7720173376239123,3.4518753879136717,3.072696515201777,0.6190476190476191,0.38095238095238093,0.5508111005876744,0.8983777988246511,0.4299431976357471,45.857142857142854,0.2647058823529412,0.25,1.0,0.75,0.6842105263157895,0.8275862068965517,0.32,0.7777777777777778,0.5853658536585366,0.6818181818181818,0.0,0.5833333333333334,0.6666666666666666,0.2,0.5625,63,2,0.1391129032258065
P00845,0,0.7922077922077922,0.33766233766233766,0.7428571428571429,0.9570977011367163,5.9700639360649514,1.9407904384242536,2.2770272398686098,2.2044943640649333,0.4155844155844156,0.5844155844155844,0.419310686460424,1.1613786270791522,0.4452824851223272,49.83116883116883,0.7,0.6086956521739131,0.7777777777777778,0.6,0.56,0.36666666666666664,0.46153846153846156,0.42857142857142855,0.40625,0.46153846153846156,0.0,0.875,0.625,0.3333333333333333,0.6,77,2,0.04116059379217274
P00846,0,0.7763157894736842,0.4868421052631579,1.6818181818181819,0.9505318076184637,5.589003368926211,1.4948976835107346,2.6229422885398628,2.2003458488751333,0.5263157894736842,0.4736842105263158,0.4619020989602555,1.0761958020794888,0.4223823409101379,53.88157894736842,0.52,0.25,1.0,0.75,0.6363636363636364,0.5909090909090909,0.35714285714285715,0.6538461538461539,0.5223880597014925,0.5,1.0,0.8333333333333334,0.5,0.7272727272727273,0.48148148148148145,76,2,0.052631578947368474
P00847,0,0.7415730337078652,0.33707865168539325,0.8333333333333334,0.9852027114970812,5.93518049022093,1.7862106689230473,2.4708420652326835,2.197312114198869,0.4943820224719101,0.5056179775280899,0.4579896910429688,1.0840206179140623,0.48582954022358565,47.10112359550562,0.5128205128205128,0.4444444444444444,1.0,0.6,0.6451612903225806,0.5128205128205128,0.4666666666666667,0.5,0.4782608695652174,0.5,1.0,0.7692307692307693,0.6923076923076923,0.625,0.5555555555555556,89,2,0.0787878787878788
P00848,0,0.7674418604651163,0.37209302325581395,0.9411764705882353,0.9775484039109184,6.014873691895916,1.5445632209395679,1.9875877962149784,1.3530657491013067,0.5,0.5,0.4420843979606324,1.115831204078735,0.4352280661555608,53.18604651162791,0.5806451612903226,0.6111111111111112,0.9090909090909091,0.47619047619047616,0.5555555555555556,0.48148148148148145,0.46875,0.5555555555555556,0.5,0.46153846153846156,1.0,0.5555555555555556,0.4444444444444444,0.5555555555555556,0.4444444444444444,86,2,0.11627906976744184
P00849,1,0.6285714285714286,0.35714285714285715,1.3157894736842106,0.9917436168689784,2.4226134930995626,0.45122652196666396,2.272369777472943,1.7489601553958343,0.6285714285714286,0.37142857142857144,0.5214302978785249,0.9571394042429503,0.3968430953031989,48.84285714285714,0.26666666666666666,0.23809523809523808,1.0,0.7692307692307693,0.5217391304347826,0.7419354838709677,0.3888888888888889,0.6666666666666666,0.65,0.5,0.0,0.4,0.4,0.3333333333333333,0.6,70,2,-0.11428571428571432
P00850,1,0.7261904761904762,0.39285714285714285,1.1785714285714286,0.9902727509902391,2.527308529178628,0.469588343350824,2.5009295959548496,1.9171198858642802,0.6547619047619048,0.34523809523809523,0.522188266567692,0.9556234668646159,0.40206405236805404,51.86904761904762,0.3333333333333333,0.3157894736842105,1.0,0.5714285714285714,0.39473684210526316,0.6538461538461539,0.53125,0.8076923076923077,0.6610169491525424,0.625,1.0,0.6875,0.5625,0.5714285714285714,0.6296296296296297,84,2,-0.11904761904761907
P00851,0,0.5362318840579711,0.2753623188405797,1.0555555555555556,0.9666841858321473,6.252841928474708,1.7703065462085656,2.9043376099941343,2.50648400333184,0.5217391304347826,0.4782608695652174,0.47907996240011663,1.041840075199767,0.45956897899944027,47.82608695652174,0.2727272727272727,0.16666666666666666,1.0,0.4166666666666667,0.6,0.6875,0.23809523809523808,0.5625,0.6,0.3333333333333333,0.0,0.5833333333333334,0.3333333333333333,0.0,0.4782608695652174,69,2,-0.13109243697478995
P00852,0,0.625,0.2638888888888889,0.7307692307692307,0.9896008937028219,5.658788452263892,1.6936865649457606,1.7435764507500193,0.7833736791268553,0.6666666666666666,0.33333333333333337,0.5341700478291954,0.9316599043416092,0.4468685301617888,48.583333333333336,0.25,0.13043478260869565,1.0,0.6,0.3846153846153846,0.7666666666666667,0.65,0.5454545454545454,0.6557377049180327,0.7,1.0,0.375,0.625,0.4,0.631578947368421,72,2,-0.11111111111111105
P00853,0,0.6862745098039216,0.2549019607843137,0.5909090909090909,0.9783181974672192,5.688508951735218,1.6160428473415431,2.236781454231052,1.9779926721413719,0.5294117647058824,0.47058823529411764,0.4935109369176628,1.0129781261646746,0.4379132257078119,48.1764705882353,0.45,0.35714285714285715,1.0,0.5,0.55,0.5789473684210527,0.47619047619047616,0.5454545454545454,0.42857142857142855,0.75,0.0,0.8333333333333334,0.75,0.5,0.5882352941176471,51,1,0.09692307692307689
P00854,0,0.6619718309859155,0.3380281690140845,1.0434782608695652,0.9998185669049383,5.81655786872569,1.8693882216892306,2.349781826325233,1.8988693682721185,0.4788732394366197,0.5211267605633803,0.457009164153952,1.085981671692096,0.4935100768795298,47.901408450704224,0.46875,0.36363636363636365,0.9,0.5,0.6,0.5483870967741935,0.36363636363636365,0.5,0.4482758620689655,0.6153846153846154,0.0,0.625,0.875,0.0,0.5882352941176471,71,2,-0.1825396825396825
P00855,0,0.7230769230769231,0.35384615384615387,0.9583333333333334,0.993124518405529,5.779357769533199,1.446944511195173,2.939751740733853,2.597048324385625,0.38461538461538464,0.6153846153846154,0.37753172071646224,1.2449365585670757,0.46234928163939765,51.753846153846155,0.5789473684210527,0.5384615384615384,0.75,0.75,0.65625,0.45,0.3076923076923077,0.42105263157894735,0.4166666666666667,0.29411764705882354,0.0,0.7692307692307693,0.3076923076923077,0.2857142857142857,0.4166666666666667,65,2,-0.10416666666666669
P00856,0,0.6666666666666666,0.25757575757575757,0.6296296296296297,0.9841900509654937,5.839255926952696,1.3291897917751818,2.7887542610926306,3.0630002597825685,0.4393939393939394,0.5606060606060606,0.45347596027237913,1.0930480794552417,0.48084264237168056,48.57575757575758,0.37037037037037035,0.3333333333333333,1.0,0.25,0.6538461538461539,0.6818181818181818,0.4,0.21052631578947367,0.44680851063829785,0.42105263157894735,0.0,0.6666666666666666,0.3333333333333333,0.2857142857142857,0.2916666666666667,66,2,-0.030303030303030276
P00857,1,0.7272727272727273,0.2909090909090909,0.6666666666666666,0.978885508516845,2.4832496928031627,0.4379565381418838,2.2607842958625413,2.1018321650429517,0.5272727272727272,0.4727272727272728,0.5070714088132704,0.9858571823734592,0.3919115618104718,49.81818181818182,0.2631578947368421,0.23076923076923078,1.0,0.375,0.64,0.6666666666666666,0.4666666666666667,0.42105263157894735,0.5348837209302325,0.5,0.0,0.6666666666666666,0.5555555555555556,0.0,0.6363636363636364,55,1,0.01719576719576721
P00858,0,0.5671641791044776,0.3880597014925373,2.1666666666666665,0.9446576357485309,5.917190562076984,1.734306170535846,2.718722252392675,1.9571139766484773,0.6567164179104478,0.34328358208955223,0.5254038351357535,0.949192329728493,0.45715834483151596,45.08955223880597,0.2727272727272727,0.18181818181818182,1.0,0.875,0.5652173913043479,0.7222222222222222,0.3076923076923077,0.7777777777777778,0.6,0.9090909090909091,1.0,0.5555555555555556,0.8888888888888888,1.0,0.7368421052631579,67,2,0.0401069518716578
P00859,0,0.6712328767123288,0.4657534246575342,2.2666666666666666,0.9527989756823871,5.858544821832692,1.3895086240375836,3.134713178197609,2.466196923996501,0.5068493150684932,0.4931506849315068,0.4823204947648736,1.0353590104702528,0.4450566607874262,51.16438356164384,0.41379310344827586,0.32,0.7142857142857143,0.6875,0.7727272727272727,0.6666666666666666,0.13636363636363635,0.6666666666666666,0.543859649122807,0.3333333333333333,1.0,0.75,0.4166666666666667,0.375,0.5,73,2,-0.04129129129129128
P00860,0,0.7272727272727273,0.36363636363636365,1.0,0.9922150607220183,6.0070720071167205,1.6937489725034534,2.4913689413136875,2.1182934498774877,0.5303030303030303,0.4696969696969697,0.47486218814656356,1.0502756237068729,0.46289811901556743,47.696969696969695,0.4666666666666667,0.3181818181818182,0.8333333333333334,0.45454545454545453,0.5384615384615384,0.5769230769230769,0.48,0.5333333333333333,0.5098039215686274,0.6,0.0,0.5,0.8333333333333334,0.5714285714285714,0.5714285714285714,66,2,-0.09090909090909094
P00861,0,0.5892857142857143,0.32142857142857145,1.2,0.9859172157746986,6.013644079968687,1.5419391155218183,2.6706740137639726,1.942528980355292,0.5714285714285714,0.4285714285714286,0.5083554428623713,0.9832891142752574,0.47795542283524417,55.142857142857146,0.1875,0.15384615384615385,0.8,0.6,0.65,0.7222222222222222,0.3888888888888889,0.6,0.5476190476190477,0.6428571428571429,0.0,0.16666666666666666,0.5,0.42857142857142855,0.631578947368421,56,1,0.0
P00862,0,0.75,0.26785714285714285,0.5555555555555556,0.956800298285987,6.12332822357227,1.4366767186575164,2.0196926740763828,1.6679212292112726,0.5178571428571429,0.4821428571428571,0.48181601298579074,1.0363679740284186,0.41298688935862554,49.767857142857146,0.45454545454545453,0.4375,1.0,0.5,0.65,0.5714285714285714,0.55,0.4,0.46511627906976744,0.6666666666666666,1.0,0.7777777777777778,0.6666666666666666,0.2,0.35,56,1,-0.1071428571428571
P00863,0,0.717948717948718,0.34615384615384615,0.9310344827586207,0.9940416853525537,6.062047426291849,1.7228438719756283,2.101272172927271,1.5753955660169878,0.5512820512820513,0.4487179487179487,0.4836494657780558,1.0327010684438884,0.4152773315591919,49.166666666666664,0.41935483870967744,0.35,1.0,0.5555555555555556,0.4,0.6071428571428571,0.4827586206896552,0.5714285714285714,0.5303030303030303,0.6666666666666666,0.0,0.7142857142857143,0.5714285714285714,0.25,0.45,78,2,-0.07692307692307698
P00864,1,0.6619718309859155,0.23943661971830985,0.5666666666666667,0.9766024743599525,2.418820800724987,0.41985161071289395,2.333256483419991,2.0925222748661763,0.6197183098591549,0.3802816901408451,0.524545694628717,0.950908610742566,0.3322284903695778,49.943661971830984,0.23076923076923078,0.125,1.0,0.7,0.5,0.76,0.5769230769230769,0.5,0.64,0.5714285714285714,0.0,0.7857142857142857,0.5714285714285714,0.14285714285714285,0.6774193548387096,71,2,0.09523809523809523
P00865,0,0.6493506493506493,0.2727272727272727,0.7241379310344828,0.9917927820445334,5.7480359676931325,1.7406565983084283,2.059585839216558,1.6581535208285234,0.6363636363636364,0.36363636363636365,0.5021530017244961,0.995693996551008,0.4181005047584738,54.77922077922078,0.21739130434782608,0.15384615384615385,1.0,0.5555555555555556,0.5172413793103448,0.75,0.5555555555555556,0.6153846153846154,0.6290322580645161,0.6923076923076923,0.5,0.4,0.7,0.0,0.5769230769230769,77,2,-0.04251012145748989
P00866,1,0.676056338028169,0.323943661971831,0.92,0.9992842342822238,2.4430572933272843,0.5117127775205018,2.2398567244431127,1.8411495638536286,0.5352112676056338,0.46478873239436624,0.44907163276075046,1.101856734478499,0.4342956310912792,46.66197183098591,0.4827586206896552,0.3157894736842105,1.0,0.6,0.5454545454545454,0.6153846153846154,0.4642857142857143,0.5294117647058824,0.5714285714285714,0.4,0.0,0.6,0.5,0.375,0.45,71,2,0.15396825396825403
P00867,1,0.775,0.3125,0.6756756756756757,0.9609802932005233,2.449856452242533,0.4880958726864579,2.1847104287110612,1.7669810719696077,0.6125,0.38749999999999996,0.49239710401198133,1.0152057919760373,0.3816683013876958,52.075,0.3333333333333333,0.35714285714285715,1.0,0.6363636363636364,0.40909090909090906,0.6190476190476191,0.6176470588235294,0.6,0.6031746031746031,0.6428571428571429,0.6666666666666666,0.8461538461538461,0.6923076923076923,0.8,0.6842105263157895,80,2,-0.07500000000000007
P00868,0,0.7073170731707317,0.2682926829268293,0.6111111111111112,0.9775977129690596,5.748448571767357,1.4663439996195948,1.8703020834527737,1.312669247590782,0.5121951219512195,0.4878048780487805,0.4492095173975852,1.1015809652048296,0.3913417664141359,51.5,0.5172413793103449,0.5,1.0,0.3333333333333333,0.5294117647058824,0.56,0.5,0.48148148148148145,0.4852941176470588,0.6923076923076923,0.0,0.5714285714285714,0.7142857142857143,0.0,0.5909090909090909,82,2,0.0
P00869,0,0.6551724137931034,0.27586206896551724,0.7272727272727273,0.9922658364660302,5.708148915256536,1.4979662538271052,2.1875490018620654,1.9889048059735857,0.5517241379310345,0.4482758620689655,0.4797145476463598,1.0405709047072802,0.4102861629604704,47.758620689655174,0.2894736842105263,0.3333333333333333,1.0,0.4444444444444444,0.48484848484848486,0.696969696969697,0.42424242424242425,0.5238095238095238,0.5223880597014925,0.65,0.0,0.45454545454545453,0.5454545454545454,0.4,0.6296296296296297,87,2,0.03329809725158572
P00870,1,0.7285714285714285,0.2571428571428571,0.5454545454545454,0.9627585368047509,2.4512860920158936,0.4110996968551046,2.1411836999787917,1.7651989744731564,0.6428571428571429,0.3571428571428571,0.5061256896804952,0.9877486206390097,0.41444712397576305,52.542857142857144,0.391304347826087,0.29411764705882354,1.0,0.5,0.375,0.6666666666666666,0.6785714285714286,0.5714285714285714,0.62,0.7222222222222222,0.5,0.5833333333333334,0.6666666666666666,0.25,0.7058823529411765,70,2,-0.08571428571428574
P00871,0,0.6585365853658537,0.14634146341463414,0.2857142857142857,0.9018944223107133,5.7485766411820505,1.6438073447499157,1.8493449379659126,1.3840192846950297,0.6463414634146342,0.35365853658536583,0.5387896816000208,0.9224206367999584,0.4210973460369347,49.03658536585366,0.3235294117647059,0.19047619047619047,0.875,0.4166666666666667,0.3548387096774194,0.6857142857142857,0.7857142857142857,0.3684210526315789,0.5818181818181818,0.7391304347826086,1.0,0.6666666666666666,0.7142857142857143,0.2,0.6296296296296297,82,2,0.07317073170731714
P00872,0,0.6133333333333333,0.3333333333333333,1.1904761904761905,0.9921991403759152,5.717703168999083,1.5483931850706383,2.4333181911563146,1.8441130540351023,0.56,0.43999999999999995,0.49275808145529404,1.014483837089412,0.4431305557652208,46.61333333333334,0.30303030303030304,0.2608695652173913,1.0,0.5714285714285714,0.5806451612903225,0.6896551724137931,0.36,0.6190476190476191,0.5692307692307692,0.5555555555555556,0.0,0.6,0.6,0.3333333333333333,0.46153846153846156,75,2,-0.1216216216216216
P00873,0,0.7222222222222222,0.26666666666666666,0.5853658536585366,0.9707319865131685,5.875795743532027,1.4356539335439327,2.2191577215689304,2.117183428696916,0.5333333333333333,0.4666666666666667,0.4600344601274156,1.0799310797451689,0.46368427790687455,49.62222222222222,0.5294117647058824,0.5,0.8888888888888888,0.5625,0.5294117647058824,0.5,0.5806451612903226,0.5185185185185185,0.4927536231884058,0.6666666666666666,0.0,0.8235294117647058,0.7058823529411765,0.4,0.5862068965517241,90,2,0.04444444444444451
P00874,1,0.6521739130434783,0.2753623188405797,0.7307692307692307,0.9923613565484369,2.320284163719799,0.4323699427492736,2.703778934007671,2.923600625967459,0.6086956521739131,0.3913043478260869,0.5191424181485353,0.9617151637029292,0.42280572534033917,48.3768115942029,0.3076923076923077,0.11764705882352941,1.0,0.5,0.5454545454545454,0.75,0.5555555555555556,0.5,0.6041666666666666,0.65,0.0,0.6666666666666666,0.6,0.3333333333333333,0.6190476190476191,69,2,-0.01764705882352946
P00875,0,0.647887323943662,0.2676056338028169,0.7037037037037037,0.9903202746136511,5.833160568999617,1.814621950708871,2.314993038881954,2.0671223789534894,0.5211267605633803,0.47887323943661975,0.4591370902100192,1.0817258195799617,0.49298637079441193,47.985915492957744,0.4,0.3157894736842105,0.7142857142857143,0.4444444444444444,0.5,0.6129032258064516,0.5454545454545454,0.3333333333333333,0.509090909090909,0.5333333333333333,1.0,0.5714285714285714,0.5714285714285714,0.16666666666666666,0.45454545454545453,71,2,-0.380952380952381
P00876,0,0.7093023255813954,0.36046511627906974,1.0333333333333334,0.9961028027255865,5.681451692828911,1.454364372689572,2.2579198596700953,1.8135089169472365,0.5930232558139535,0.40697674418604646,0.5073583859546899,0.9852832280906203,0.43941598143725236,50.08139534883721,0.4117647058823529,0.4444444444444444,1.0,0.6,0.4838709677419355,0.6111111111111112,0.48,0.68,0.59375,0.6,0.5,0.75,0.5625,0.6666666666666666,0.6153846153846154,86,2,-0.023255813953488302
P00877,0,0.6455696202531646,0.26582278481012656,0.7,0.9898996930336893,5.567815487911926,1.6465387194052719,2.0821913018372507,1.6501945656525636,0.569620253164557,0.430379746835443,0.5015056804574686,0.996988639085063,0.4995194190757207,46.48101265822785,0.41025641025641024,0.3333333333333333,1.0,0.5,0.5,0.6388888888888888,0.5384615384615384,0.47058823529411764,0.5161290322580645,0.75,1.0,0.5555555555555556,0.7777777777777778,0.42857142857142855,0.7222222222222222,79,2,-0.0903846153846154
P00878,1,0.7857142857142857,0.375,0.9130434782608695,0.9679333864345253,2.3337748506615,0.48810683830223744,2.41370529513037,2.023952177303068,0.48214285714285715,0.5178571428571428,0.4733523154521487,1.0532953690957025,0.44270626753561376,58.232142857142854,0.47058823529411764,0.46153846153846156,0.9285714285714286,0.5,0.5714285714285714,0.5555555555555556,0.5,0.42857142857142855,0.5,0.42857142857142855,0.0,0.75,0.3333333333333333,0.25,0.3888888888888889,56,1,0.10714285714285715
P00879,0,0.7377049180327869,0.2459016393442623,0.5,0.9512031506884834,5.864521500729768,1.5656121673677414,2.202830642087927,1.8482037139196705,0.47540983606557374,0.5245901639344263,0.4217740379406112,1.1564519241187776,0.4586136805095171,50.22950819672131,0.5416666666666666,0.5384615384615384,0.8333333333333334,0.36363636363636365,0.4782608695652174,0.4782608695652174,0.6190476190476191,0.29411764705882354,0.47619047619047616,0.47368421052631576,0.0,0.6,0.3,0.1111111111111111,0.42105263157894735,61,2,0.14838709677419348
P00880,0,0.7321428571428571,0.375,1.05,0.9906869009405157,5.828657415804648,1.6882817472152525,2.6576552163104488,1.9013135623238886,0.5714285714285714,0.4285714285714286,0.5085168700975381,0.9829662598049239,0.45436370801411813,49.69642857142857,0.44,0.3333333333333333,1.0,0.75,0.5263157894736843,0.6111111111111112,0.43478260869565216,0.7333333333333333,0.5263157894736842,0.6470588235294118,1.0,0.4444444444444444,0.8888888888888888,0.6666666666666666,0.6875,56,1,0.1428571428571429
P00881,0,0.6415094339622641,0.2830188679245283,0.7894736842105263,0.9946688472493533,5.729762849696953,1.5845553937120986,1.784342895218023,1.0591565136800876,0.5471698113207547,0.4528301886792453,0.49107108236803193,1.0178578352639363,0.49732566868271694,45.943396226415096,0.375,0.35,0.6666666666666666,0.6666666666666666,0.5882352941176471,0.625,0.4444444444444444,0.5454545454545454,0.5116279069767442,0.7,0.0,0.2857142857142857,0.5714285714285714,0.5,0.5,53,1,0.017094017094017144
P00882,0,0.5925925925925926,0.3333333333333333,1.2857142857142858,0.9848908159549825,5.833487755253814,1.479676568978383,2.752842179115259,2.0922111983093017,0.6481481481481481,0.35185185185185186,0.5333902272059724,0.9332195455880552,0.43864465780394973,46.092592592592595,0.2916666666666667,0.125,1.0,0.75,0.368421052631579,0.7916666666666666,0.47368421052631576,0.6363636363636364,0.6341463414634146,0.6923076923076923,0.0,0.5714285714285714,0.5714285714285714,0.5,0.55,54,1,-0.11111111111111116
P00883,0,0.7222222222222222,0.16666666666666666,0.3,0.8929352898779307,6.027262028681305,1.6240422342085343,2.194326671336848,2.018365385663442,0.48148148148148145,0.5185185185185186,0.43849889419916566,1.1230022116016687,0.41610824754999237,46.24074074074074,0.5416666666666666,0.5,1.0,0.3333333333333333,0.5,0.47619047619047616,0.6363636363636364,0.18181818181818182,0.5,0.45,0.0,0.9230769230769231,0.5384615384615384,0.2,0.47058823529411764,54,1,0.0
P00884,1,0.6545454545454545,0.2727272727272727,0.7142857142857143,0.9913872253831579,2.4033626742337844,0.479350125933454,3.110223022935467,3.5233756700631647,0.5818181818181818,0.4181818181818182,0.5479316578768297,0.9041366842463405,0.42071186056177473,51.236363636363635,0.15789473684210525,0.08333333333333333,1.0,0.5714285714285714,0.5,0.7894736842105263,0.45,0.5,0.5882352941176471,0.47058823529411764,1.0,0.75,0.625,0.3333333333333333,0.5238095238095238,55,1,-0.09391534391534395
P00885,1,0.7068965517241379,0.3448275862068966,0.9523809523809523,0.9964208507964247,2.383298773637756,0.4360718203035932,2.692936164685403,2.272028359952664,0.6206896551724138,0.3793103448275862,0.5119140927821438,0.9761718144357124,0.4013463090185682,49.51724137931034,0.4090909090909091,0.3333333333333333,1.0,0.8181818181818182,0.3846153846153846,0.5909090909090909,0.55,0.75,0.6444444444444445,0.5,1.0,0.875,0.5,0.3333333333333333,0.5,58,1,-0.13793103448275867
P00886,0,0.66,0.34,1.0625,0.9996334026853015,5.854028581873589,1.650368471038061,2.086622227155558,1.32897261044983,0.6,0.4,0.4937212052220876,1.0125575895558248,0.4700190017601314,47.46,0.34782608695652173,0.3125,1.0,0.5,0.5,0.6190476190476191,0.5263157894736842,0.7,0.5454545454545454,1.0,1.0,0.8,1.0,0.25,0.6666666666666666,50,1,0.07999999999999996
P00887,0,0.7058823529411765,0.27941176470588236,0.6551724137931034,0.9827365524509634,6.187428820219053,1.6297347042695396,2.1665040658186103,1.5083415868919934,0.4852941176470588,0.5147058823529411,0.45472021876000424,1.0905595624799913,0.47055185675993605,51.088235294117645,0.4583333333333333,0.4444444444444444,0.8333333333333334,0.6153846153846154,0.6428571428571428,0.5416666666666666,0.5,0.4,0.47058823529411764,0.5,1.0,0.6666666666666666,0.6666666666666666,0.4,0.47619047619047616,68,2,0.02941176470588236
P00888,0,0.6764705882352942,0.38235294117647056,1.3,0.9945492584656215,5.717896916750978,1.669652749969895,2.5742068607764472,2.1819954229217005,0.6617647058823529,0.3382352941176471,0.504943199332149,0.9901136013357018,0.4746114728724159,52.14705882352941,0.34615384615384615,0.125,1.0,0.625,0.30000000000000004,0.6521739130434783,0.631578947368421,0.6923076923076923,0.6610169491525424,0.6666666666666666,0.0,1.0,0.7142857142857143,0.4444444444444444,0.6666666666666666,68,2,0.2647058823529411
P00889,0,0.66,0.4,1.5384615384615385,0.9862903749247766,5.568999797463733,1.4920449531651987,3.177417339079011,3.308803004922124,0.62,0.38,0.5054526714672819,0.9890946570654363,0.5039989738277174,47.58,0.38095238095238093,0.21428571428571427,1.0,1.0,0.5454545454545454,0.5714285714285714,0.5,0.8461538461538461,0.5555555555555556,0.75,1.0,0.4444444444444444,1.0,0.125,0.7777777777777778,50,1,-0.040000000000000036
P00890,0,0.7377049180327869,0.3442622950819672,0.875,0.9877382334739857,6.1100959814075635,1.6421916782833417,2.3737920687358804,1.8474367698881775,0.5245901639344263,0.47540983606557374,0.4554796610970858,1.0890406778058284,0.40251322496286573,50.622950819672134,0.55,0.4,1.0,0.5,0.5172413793103448,0.5789473684210527,0.46153846153846156,0.5625,0.5777777777777777,0.375,0.0,0.6,0.4,0.2,0.5652173913043478,61,2,-0.08279569892473115
P00891,0,0.6933333333333334,0.30666666666666664,0.7931034482758621,0.9943125080968985,5.950231084114402,1.865827367114907,2.3289666103536666,1.8529235041136654,0.64,0.36,0.5400741920364099,0.9198516159271799,0.40274688830092575,53.266666666666666,0.20833333333333334,0.11764705882352941,0.9,0.5294117647058824,0.5161290322580645,0.7777777777777778,0.5909090909090909,0.5384615384615384,0.625,0.6666666666666666,1.0,0.6363636363636364,0.8181818181818182,0.5,0.6666666666666666,75,2,-0.23044096728307262
P00892,0,0.7142857142857143,0.17142857142857143,0.3157894736842105,0.9028645673078145,6.285748202400977,1.4034784254017032,1.6092300565206454,1.0898824027562577,0.4857142857142857,0.5142857142857142,0.42942054612585007,1.1411589077483,0.45163091182109316,47.857142857142854,0.5185185185185185,0.5238095238095238,1.0,0.3333333333333333,0.48484848484848486,0.42857142857142855,0.6071428571428571,0.35714285714285715,0.43636363636363634,0.6428571428571429,1.0,0.5454545454545454,0.8181818181818182,0.0,0.5454545454545454,70,2,0.17142857142857137
P00893,0,0.6714285714285714,0.3142857142857143,0.88,0.9987075926044398,5.757302676432694,1.39729173883629,2.385747617926298,2.264852652777753,0.5714285714285714,0.4285714285714286,0.48905106003691484,1.0218978799261704,0.4231540327726545,50.01428571428571,0.35714285714285715,0.2777777777777778,0.8571428571428571,0.6428571428571429,0.5,0.6666666666666666,0.5,0.5217391304347826,0.6,0.4,0.0,0.875,0.375,0.18181818181818182,0.5555555555555556,70,2,0.05714285714285716
P00894,0,0.6716417910447762,0.22388059701492538,0.5,0.9653263212392945,5.749419038528721,1.6376906462599876,1.7820986038043842,1.1465815976389462,0.5671641791044776,0.4328358208955224,0.516238045695208,0.9675239086095839,0.4116678409763127,48.492537313432834,0.3333333333333333,0.2631578947368421,1.0,0.2,0.37037037037037035,0.6551724137931034,0.6111111111111112,0.4,0.5614035087719298,0.6,0.0,0.7142857142857143,0.42857142857142855,0.125,0.52,67,2,-0.016934046345811082
P00895,0,0.6481481481481481,0.37037037037037035,1.3333333333333333,0.993263148133182,5.66486460292105,1.1732308773584854,3.660150727077656,3.9375641630702733,0.5740740740740741,0.42592592592592593,0.5056876650748695,0.988624669850261,0.5016773111734031,51.425925925925924,0.3,0.08333333333333333,1.0,0.5,0.6666666666666667,0.7777777777777778,0.4375,0.5,0.5757575757575758,0.5263157894736842,1.0,0.6428571428571429,0.42857142857142855,1.0,0.3333333333333333,54,1,-0.03703703703703698
P00896,0,0.6181818181818182,0.21818181818181817,0.5454545454545454,0.9705887530557389,6.104461875522269,1.4629427082797866,1.8966833909616223,1.7379185904774628,0.5454545454545454,0.4545454545454546,0.5093564061894,0.9812871876211999,0.48166867366347993,49.29090909090909,0.30434782608695654,0.08333333333333333,1.0,0.2,0.4285714285714286,0.7894736842105263,0.5,0.2857142857142857,0.5111111111111111,0.7,0.0,0.7142857142857143,0.8571428571428571,0.3333333333333333,0.6818181818181818,55,1,0.12566137566137564
P00897,0,0.62,0.34,1.2142857142857142,0.9929868938532105,6.178242898730059,1.6248791618374527,2.3851639156758457,1.7343156679391978,0.64,0.36,0.5480607169121142,0.9038785661757716,0.4859094925505594,44.96,0.3076923076923077,0.25,1.0,0.6666666666666666,0.46153846153846156,0.72,0.46153846153846156,0.6666666666666666,0.6,0.7777777777777778,1.0,0.5,0.8333333333333334,0.25,0.55,50,1,0.15999999999999992
P00898,1,0.6973684210526315,0.32894736842105265,0.8928571428571429,0.9970202965600267,2.37356107417493,0.4305106738476529,2.2705467808554722,1.8057117513754646,0.5921052631578947,0.4078947368421053,0.5001126582857255,0.999774683428549,0.4531978231980127,49.78947368421053,0.41935483870967744,0.3157894736842105,1.0,0.5833333333333334,0.375,0.6296296296296297,0.5,0.64,0.5357142857142857,0.7368421052631579,1.0,0.5454545454545454,0.8181818181818182,0.375,0.4166666666666667,76,2,0.07894736842105254
P00899,0,0.7066666666666667,0.37333333333333335,1.12,0.9956203048870423,5.99223148567597,1.6291342155849053,2.7064715568763553,2.5050204506616063,0.5466666666666666,0.45333333333333337,0.44710245817436334,1.1057950836512733,0.4481461393738561,49.76,0.4583333333333333,0.4,0.8571428571428571,0.7,0.5714285714285714,0.5833333333333334,0.4666666666666667,0.6190476190476191,0.5737704918032787,0.5,0.0,0.8181818181818182,0.36363636363636365,0.4,0.5,75,2,0.012091038406827903
P00900,0,0.6129032258064516,0.3064516129032258,1.0,0.9942214026267433,6.094056394818597,1.580124433941139,3.26351050946941,2.874311611692145,0.5483870967741935,0.4516129032258065,0.5036689987959782,0.9926620024080436,0.4054706288442309,50.24193548387097,0.3076923076923077,0.1875,1.0,0.5454545454545454,0.6956521739130435,0.7083333333333334,0.34782608695652173,0.6,0.5813953488372093,0.47368421052631576,0.0,1.0,0.3333333333333333,0.4,0.5789473684210527,62,2,-0.2580645161290322
P00901,1,0.6923076923076923,0.28205128205128205,0.6875,0.9877672620529525,2.510886414619958,0.513761439265549,2.4746004267137924,2.6708298112534776,0.5769230769230769,0.42307692307692313,0.5128643943817092,0.9742712112365817,0.4123028663233827,51.05128205128205,0.36363636363636365,0.2,1.0,0.375,0.4642857142857143,0.7241379310344828,0.52,0.4583333333333333,0.559322033898305,0.5625,1.0,0.9285714285714286,0.6428571428571429,0.2857142857142857,0.625,78,2,0.07692307692307698
P00902,0,0.7090909090909091,0.2545454545454545,0.56,0.9702025993124298,5.838875993915889,1.2825659388250747,2.016488080476424,1.252820792281109,0.509090909090909,0.49090909090909096,0.4657184527237545,1.068563094552491,0.4538512711978473,50.45454545454545,0.45454545454545453,0.5333333333333333,0.8,0.36363636363636365,0.5294117647058824,0.5217391304347826,0.5714285714285714,0.4444444444444444,0.4634146341463415,0.5833333333333334,1.0,0.7272727272727273,0.8181818181818182,0.5,0.5789473684210527,55,1,0.054232804232804244
P00903,0,0.6835443037974683,0.2911392405063291,0.7419354838709677,0.9925584326808131,5.875003238637565,1.6688730720862435,2.4284673027018138,1.9126457937526045,0.5063291139240507,0.49367088607594933,0.466123511760166,1.0677529764796678,0.4891730365116736,51.848101265822784,0.42857142857142855,0.3684210526315789,0.9090909090909091,0.5714285714285714,0.5625,0.5357142857142857,0.46153846153846156,0.52,0.48148148148148145,0.6086956521739131,0.0,0.7333333333333333,0.3333333333333333,0.2727272727272727,0.4444444444444444,79,2,-0.11410256410256409
P00904,1,0.6923076923076923,0.18461538461538463,0.36363636363636365,0.9272802737570526,2.411998986536198,0.40102446782421713,2.1452565332681437,2.1546316834182817,0.5692307692307692,0.4307692307692308,0.4881108518181488,1.023778296363702,0.42346253192555816,50.01538461538462,0.32,0.25,1.0,0.25,0.30434782608695654,0.68,0.7272727272727273,0.2222222222222222,0.625,0.375,1.0,0.6153846153846154,0.46153846153846156,0.14285714285714285,0.47619047619047616,65,2,0.013257575757575801
P00905,0,0.6538461538461539,0.21153846153846154,0.4782608695652174,0.9617861923084388,5.856164186339722,1.5614416771218367,1.6547365066266206,0.7384662266253526,0.5576923076923077,0.4423076923076923,0.4540420318258219,1.0919159363483564,0.44212135757792786,45.57692307692308,0.52,0.4117647058823529,1.0,0.75,0.4782608695652174,0.5652173913043478,0.631578947368421,0.4,0.5609756097560976,0.5454545454545454,0.0,0.625,0.5,0.4,0.5789473684210527,52,1,-0.038461538461538436
P00906,0,0.6521739130434783,0.3333333333333333,1.0454545454545454,0.9994262594684702,5.413240953627545,1.5356013780702455,2.4148193629536303,1.9340719193835163,0.5652173913043478,0.4347826086956522,0.4847046185501092,1.0305907628997817,0.5029101956640297,45.7536231884058,0.42857142857142855,0.375,1.0,0.6666666666666666,0.4444444444444444,0.6060606060606061,0.45,0.625,0.5576923076923077,0.5882352941176471,0.0,0.6923076923076923,0.5384615384615384,0.4,0.4166666666666667,69,2,-0.04537815126050426
P00907,0,0.7205882352941176,0.3088235294117647,0.75,0.9871475592085331,5.830379820683663,1.590315440962553,2.57437587897336,2.932735863171235,0.5882352941176471,0.4117647058823529,0.49163488720008575,1.0167302255998283,0.4469230274124936,48.76470588235294,0.48148148148148145,0.4,1.0,0.6153846153846154,0.41666666666666663,0.5384615384615384,0.6086956521739131,0.631578947368421,0.5471698113207547,0.6923076923076923,1.0,0.6,0.8,0.4,0.5,68,2,0.0
P00908,0,0.6024096385542169,0.1927710843373494,0.47058823529411764,0.955436919924586,5.711586869915131,1.4604889818444144,1.9582270968484636,1.620456960981591,0.5421686746987951,0.45783132530120485,0.5105466644427726,0.9789066711144547,0.4611158457587123,47.21686746987952,0.2972972972972973,0.2222222222222222,1.0,0.3076923076923077,0.48275862068965514,0.6923076923076923,0.45454545454545453,0.36363636363636365,0.5303030303030303,0.6666666666666666,0.0,0.4166666666666667,0.5833333333333334,0.0,0.45454545454545453,83,2,0.011033681765389103
P00909,0,0.6274509803921569,0.2549019607843137,0.6842105263157895,0.9868079152310253,5.594920592681742,1.3680187724020643,2.867722659321511,3.5067943210280337,0.5490196078431373,0.4509803921568627,0.4803301403280909,1.039339719343818,0.4379559648138444,53.450980392156865,0.11764705882352941,0.0,1.0,0.5,0.55,0.8571428571428571,0.4583333333333333,0.38461538461538464,0.4722222222222222,0.7857142857142857,0.0,0.6666666666666666,0.6666666666666666,0.2857142857142857,0.7368421052631579,51,1,0.29230769230769227
P00910,0,0.6716417910447762,0.13432835820895522,0.25,0.8821137657513172,5.816792935197548,1.7393038662318538,1.778497095962935,1.525941514625173,0.5223880597014925,0.4776119402985075,0.47858794921044767,1.0428241015791049,0.4456400819606742,46.23880597014925,0.41379310344827586,0.375,1.0,0.125,0.5384615384615384,0.6296296296296297,0.5925925925925926,0.15384615384615385,0.49019607843137253,0.6428571428571429,0.5,0.6923076923076923,0.6153846153846154,0.14285714285714285,0.5833333333333334,67,2,-0.045454545454545414
P00911,1,0.6875,0.35,1.037037037037037,0.9989979448485344,2.4588908917520578,0.49326411716868457,2.2254756116087084,1.5461952350333605,0.6375,0.36250000000000004,0.5351801832604179,0.9296396334791641,0.3634966167049511,50.875,0.25,0.058823529411764705,1.0,0.7333333333333333,0.48484848484848486,0.7307692307692307,0.5,0.7272727272727273,0.6153846153846154,0.7142857142857143,1.0,0.9,0.9,0.3,0.65,80,2,-0.07500000000000007
P00912,0,0.7241379310344828,0.20689655172413793,0.4,0.930475944596434,5.890102049791628,1.4568335646079273,2.3012138714789625,2.3555270564062454,0.46551724137931033,0.5344827586206897,0.46784689761582926,1.0643062047683416,0.4026091720622592,52.46551724137931,0.42105263157894735,0.3333333333333333,1.0,0.5,0.6521739130434783,0.625,0.5,0.3181818181818182,0.4444444444444444,0.6363636363636364,0.0,0.8571428571428571,0.42857142857142855,0.0,0.29411764705882354,58,1,0.03448275862068967
P00913,0,0.5609756097560976,0.3170731707317073,1.3,0.9737244279632142,5.8503237805402035,1.7713354465393796,2.5997948497399426,2.5557440228151393,0.6219512195121951,0.3780487804878049,0.493463965950212,1.013072068099576,0.5050584737754736,47.91463414634146,0.22580645161290322,0.17391304347826086,1.0,0.6,0.5121951219512195,0.75,0.4827586206896552,0.6190476190476191,0.5692307692307692,0.8666666666666667,0.5,0.75,0.75,0.3,0.8076923076923077,82,2,0.07317073170731714
P00914,0,0.7361111111111112,0.3611111111111111,0.9629629629629629,0.9896008937028219,5.951819987304892,1.6419964156416842,2.038561520873376,1.4940085971973152,0.5555555555555556,0.4444444444444444,0.4720393541469703,1.0559212917060594,0.4315921707831196,48.93055555555556,0.4666666666666667,0.47619047619047616,1.0,0.6666666666666666,0.4516129032258065,0.5357142857142857,0.5,0.65,0.5625,0.5,0.0,0.8571428571428571,0.42857142857142855,0.625,0.5833333333333334,72,2,-0.05555555555555558
P00915,0,0.6507936507936508,0.19047619047619047,0.41379310344827586,0.9469969249444811,5.94417608783714,1.6108061080572365,2.3615169104279947,2.3467441788536436,0.49206349206349204,0.5079365079365079,0.4487496312694471,1.1025007374611053,0.4602423445046241,50.44444444444444,0.38461538461538464,0.35294117647058826,0.8888888888888888,0.3333333333333333,0.5714285714285714,0.6,0.5238095238095238,0.29411764705882354,0.46938775510204084,0.6153846153846154,0.0,0.8333333333333334,0.8333333333333334,0.2,0.4166666666666667,63,2,-0.0473790322580645
P00916,0,0.711864406779661,0.3559322033898305,1.0,0.995711306456555,5.764356091021809,1.588652232759696,2.338615340899132,2.0243620243204155,0.5084745762711864,0.4915254237288136,0.4749247314366452,1.0501505371267095,0.42627512164877257,48.16949152542373,0.52,0.47058823529411764,1.0,0.8888888888888888,0.5909090909090908,0.5,0.3157894736842105,0.7857142857142857,0.52,0.4444444444444444,0.0,1.0,0.5,0.2,0.3333333333333333,59,1,0.11839080459770113
P00917,1,0.6451612903225806,0.2903225806451613,0.8181818181818182,0.9961213588644008,2.4127583679939657,0.3981210818677181,1.9707482072659375,1.4995922954005336,0.7258064516129032,0.27419354838709675,0.5641788049233777,0.8716423901532443,0.4045527566094833,45.274193548387096,0.2413793103448276,0.19047619047619047,1.0,0.6666666666666666,0.40909090909090906,0.7857142857142857,0.65,0.7142857142857143,0.7169811320754716,0.7777777777777778,0.0,0.5714285714285714,0.7142857142857143,0.1,0.8888888888888888,62,2,0.032258064516129004
P00918,0,0.6708860759493671,0.24050632911392406,0.5588235294117647,0.9751689171324794,5.758414582521012,1.4998786417515098,2.0996198626087983,1.7832663346814042,0.45569620253164556,0.5443037974683544,0.4294062477709667,1.1411875044580666,0.46615863043112504,50.31645569620253,0.5172413793103449,0.45454545454545453,1.0,0.23076923076923078,0.5806451612903225,0.5714285714285714,0.4666666666666667,0.2857142857142857,0.45161290322580644,0.4375,1.0,0.36363636363636365,0.5454545454545454,0.25,0.5416666666666666,79,2,0.19102564102564107
P00919,0,0.75,0.4,1.1428571428571428,0.9835386311891134,5.837614378975318,1.7589282012668488,3.2304584360600126,3.2084944457204223,0.6,0.4,0.49481692041766817,1.0103661591646638,0.3987966328574735,50.15,0.47619047619047616,0.25,1.0,0.8571428571428571,0.4814814814814815,0.7058823529411765,0.4827586206896552,0.7142857142857143,0.6590909090909091,0.4666666666666667,0.0,1.0,0.5,0.3333333333333333,0.6470588235294118,60,1,-0.06666666666666665
P00920,0,0.6481481481481481,0.2777777777777778,0.75,0.993263148133182,5.637900029254897,1.3421103791826878,2.5707457901887047,2.634007782753423,0.42592592592592593,0.5740740740740741,0.42180571549284696,1.1563885690143059,0.4725060766496463,45.092592592592595,0.5,0.38095238095238093,1.0,0.42857142857142855,0.6842105263157895,0.5185185185185185,0.3333333333333333,0.3333333333333333,0.46511627906976744,0.2727272727272727,0.0,0.6666666666666666,0.3333333333333333,0.5,0.38461538461538464,54,1,-0.1111111111111111
P00921,0,0.6708860759493671,0.35443037974683544,1.12,0.9989846528567847,5.811543626081488,1.5544842714778409,2.8350400364885795,3.420835832373018,0.569620253164557,0.430379746835443,0.5006910554624862,0.9986178890750277,0.49571395860946327,49.12658227848101,0.3939393939393939,0.2916666666666667,0.8333333333333334,0.7692307692307693,0.6153846153846154,0.6,0.4166666666666667,0.68,0.5932203389830508,0.5263157894736842,0.0,0.7333333333333333,0.5333333333333333,0.1,0.4375,79,2,-0.03974358974358971
P00922,0,0.6666666666666666,0.3333333333333333,1.0,1.0,5.852395148488187,1.5690878361637994,2.103350287714716,1.5739632540814725,0.5507246376811594,0.4492753623188406,0.49471882145321333,1.0105623570935736,0.4668880697390832,47.028985507246375,0.37037037037037035,0.2857142857142857,1.0,0.8888888888888888,0.64,0.5925925925925926,0.391304347826087,0.6842105263157895,0.5714285714285714,0.4166666666666667,1.0,0.5555555555555556,0.4444444444444444,0.3333333333333333,0.3888888888888889,69,2,0.04201680672268904
P00923,0,0.7837837837837838,0.44594594594594594,1.32,0.9629193488204575,5.774455124520389,1.7728773513279494,2.8163827736844707,3.2599615215517797,0.40540540540540543,0.5945945945945945,0.4395705691517675,1.1208588616964648,0.444535076166024,48.54054054054054,0.5517241379310345,0.47619047619047616,1.0,0.5833333333333334,0.6333333333333333,0.4482758620689655,0.25,0.5238095238095238,0.3793103448275862,0.4666666666666667,1.0,0.75,0.4166666666666667,0.4166666666666667,0.3333333333333333,74,2,0.16216216216216217
P00924,0,0.7066666666666667,0.18666666666666668,0.358974358974359,0.92216903708329,6.070011641911045,1.595906368737319,1.9418303350413613,1.8791166972812927,0.52,0.48,0.46860508365257697,1.0627898326948462,0.44304063635892926,46.626666666666665,0.5,0.5454545454545454,1.0,0.6666666666666666,0.47058823529411764,0.4857142857142857,0.6,0.4666666666666667,0.5,0.5625,1.0,0.6666666666666666,0.7777777777777778,0.25,0.5263157894736842,75,2,0.06614509246088196
P00925,0,0.6862745098039216,0.3137254901960784,0.8421052631578947,0.996906986244376,6.0293004550358384,1.5237019641680831,2.796415514498329,2.566564612385265,0.5686274509803921,0.43137254901960786,0.4973916832266168,1.0052166335467663,0.45217238509145435,52.68627450980392,0.26666666666666666,0.16666666666666666,1.0,0.7,0.5909090909090908,0.75,0.4666666666666667,0.5,0.5641025641025641,0.5833333333333334,0.0,0.6666666666666666,0.6666666666666666,0.25,0.6111111111111112,51,1,0.01692307692307682
P00926,0,0.5512820512820513,0.2564102564102564,0.8695652173913043,0.9727317461519386,6.153368655470759,1.5493995723142786,2.1669341513641522,1.7651801308681754,0.6666666666666666,0.33333333333333337,0.5594882023990733,0.8810235952018534,0.4373064228077303,47.80769230769231,0.25,0.125,1.0,0.6363636363636364,0.5217391304347826,0.7941176470588235,0.4583333333333333,0.7,0.625,0.7894736842105263,0.6666666666666666,0.3333333333333333,0.8,0.3333333333333333,0.7368421052631579,78,2,-0.15384615384615385
P00927,1,0.631578947368421,0.3815789473684211,1.5263157894736843,0.984951757002293,2.452572494078442,0.45115241925217875,2.408697338170716,1.7189508844966273,0.5921052631578947,0.4078947368421053,0.49585725400047476,1.0082854919990503,0.45194874833644494,50.578947368421055,0.34375,0.3,1.0,0.8571428571428571,0.5,0.6428571428571429,0.4,0.7391304347826086,0.5573770491803278,0.7333333333333333,0.0,0.7,0.7,0.42857142857142855,0.4782608695652174,76,2,-0.02631578947368418
P00928,1,0.640625,0.265625,0.7083333333333334,0.9900875675925761,2.421546883004317,0.4327804254075017,2.1569601968953065,1.7121229728628653,0.609375,0.390625,0.528746187750634,0.9425076244987322,0.4039946322692128,48.421875,0.2857142857142857,0.1875,1.0,0.625,0.6086956521739131,0.7142857142857143,0.5238095238095238,0.5333333333333333,0.5510204081632653,0.7857142857142857,1.0,0.6666666666666666,0.7777777777777778,0.3333333333333333,0.7647058823529411,64,2,0.09375
P00929,0,0.7666666666666667,0.26666666666666666,0.5333333333333333,0.94538250293559,5.908129518363119,1.7671344173122456,2.351946133591967,2.6691520000779008,0.5333333333333333,0.4666666666666667,0.44287660090757136,1.1142467981848574,0.4400715304195141,49.81111111111111,0.6,0.4444444444444444,0.875,0.5833333333333334,0.4772727272727273,0.4,0.6285714285714286,0.56,0.5428571428571428,0.5,0.5,0.9090909090909091,0.7272727272727273,0.2857142857142857,0.48,90,2,-0.3111111111111111
P00930,0,0.5797101449275363,0.2028985507246377,0.5384615384615384,0.9609548164521547,5.416903192012362,1.7650068851126357,2.1290195254116675,1.6127404791675326,0.6086956521739131,0.3913043478260869,0.48583938898198775,1.0283212220360243,0.38694663376665883,45.55072463768116,0.3783783783783784,0.3125,1.0,0.42857142857142855,0.5185185185185186,0.7272727272727273,0.5217391304347826,0.46153846153846156,0.5882352941176471,0.6470588235294118,1.0,0.5,0.75,0.1111111111111111,0.6666666666666666,69,2,0.04033613445378148
P00931,0,0.6842105263157895,0.3815789473684211,1.2608695652173914,0.9952088116134956,6.122130191395702,1.603417164645221,2.4085457705300595,1.69554203147618,0.5921052631578947,0.4078947368421053,0.545567366199733,0.9088652676005339,0.37851124062482217,55.89473684210526,0.2,0.21428571428571427,1.0,0.7,0.7142857142857143,0.8260869565217391,0.36363636363636365,0.5806451612903226,0.559322033898305,0.6666666666666666,1.0,0.7,0.8,0.5454545454545454,0.4782608695652174,76,2,-0.07894736842105254
P00932,0,0.6166666666666667,0.26666666666666666,0.7619047619047619,0.9898535436013524,5.664888512427246,1.5088550742142972,2.728968328424555,3.4815540925812987,0.5666666666666667,0.43333333333333335,0.4637448116810283,1.0725103766379436,0.4559911439063247,51.016666666666666,0.2631578947368421,0.23076923076923078,1.0,0.5,0.42307692307692313,0.6521739130434783,0.5217391304347826,0.5,0.5833333333333334,0.6,0.0,0.6666666666666666,0.5555555555555556,0.2,0.5384615384615384,60,1,0.0
P00933,0,0.7407407407407407,0.2962962962962963,0.6666666666666666,0.9746913179422255,5.868772483075062,1.627728473949431,2.2410452146787323,2.0341302201305544,0.5308641975308642,0.4691358024691358,0.4765764432330301,1.0468471135339399,0.4763665476172324,52.08641975308642,0.4838709677419355,0.23809523809523808,0.9230769230769231,0.47619047619047616,0.5,0.5714285714285714,0.5862068965517241,0.4166666666666667,0.4666666666666667,0.7142857142857143,0.0,0.75,0.6666666666666666,0.3333333333333333,0.5357142857142857,81,2,-0.23536585365853663
P00934,0,0.7241379310344828,0.3448275862068966,0.9090909090909091,0.9922658364660302,5.6237476818302685,1.5165888449408063,2.451487466662926,2.191470080780688,0.5344827586206896,0.4655172413793104,0.4615420101710649,1.07691597965787,0.4672829120296387,49.327586206896555,0.5185185185185185,0.42105263157894735,1.0,0.6666666666666666,0.4444444444444444,0.4642857142857143,0.5833333333333334,0.6111111111111112,0.574468085106383,0.36363636363636365,0.0,0.8,0.4,0.375,0.5789473684210527,58,1,-0.1034482758620689
P00935,1,0.7213114754098361,0.16393442622950818,0.29411764705882354,0.8904910658099499,2.410171763404351,0.4648420940096882,2.343968327638426,3.0422341638831427,0.5901639344262295,0.4098360655737705,0.49949701954902254,1.001005960901955,0.4353611147192881,45.0,0.4666666666666667,0.2631578947368421,1.0,0.2857142857142857,0.30434782608695654,0.5862068965517241,0.8,0.25,0.5813953488372093,0.6470588235294118,0.0,0.9166666666666666,0.5,0.3333333333333333,0.5294117647058824,61,2,0.04623655913978497
P00936,0,0.639344262295082,0.3114754098360656,0.95,0.9982994352193465,5.58887689480908,1.5124400195596681,3.1663142234363306,2.7430504934015376,0.5737704918032787,0.42622950819672134,0.4825287540011468,1.0349424919977064,0.5000407335524182,48.73770491803279,0.34615384615384615,0.4,0.7142857142857143,0.45454545454545453,0.44999999999999996,0.64,0.45454545454545453,0.6428571428571429,0.6511627906976745,0.35294117647058826,1.0,0.8,0.4,0.3333333333333333,0.42857142857142855,61,2,0.013978494623655968
P00937,0,0.6931818181818182,0.38636363636363635,1.2592592592592593,0.9943762697112744,5.790156574031622,1.421949589834319,2.5974891633181842,2.3155777000348845,0.5454545454545454,0.4545454545454546,0.4763204814573169,1.0473590370853663,0.4409894342151505,49.625,0.45454545454545453,0.4090909090909091,1.0,0.6428571428571429,0.5789473684210527,0.625,0.3870967741935484,0.64,0.5373134328358209,0.55,1.0,0.5882352941176471,0.5882352941176471,0.6666666666666666,0.5714285714285714,88,2,0.22727272727272724
P00938,1,0.639344262295082,0.2459016393442623,0.625,0.9828543338256437,2.5056450177218257,0.4651036063434471,2.0363853355660932,1.6194563677753682,0.5409836065573771,0.4590163934426229,0.494104175309223,1.011791649381554,0.4640356127444829,50.377049180327866,0.36,0.23529411764705882,1.0,0.3076923076923077,0.5,0.7142857142857143,0.43478260869565216,0.47058823529411764,0.5,0.6190476190476191,0.0,0.4,0.6,0.42857142857142855,0.44,61,2,0.14623655913978495
P00939,0,0.7407407407407407,0.32098765432098764,0.7647058823529411,0.9822564834506524,6.008214854367663,1.4884031586681883,2.2485894882751447,1.9324970752317234,0.6419753086419753,0.3580246913580247,0.5137267489360596,0.9725465021278809,0.41062283898170776,50.888888888888886,0.4,0.3,1.0,0.6428571428571429,0.29032258064516125,0.6296296296296297,0.6206896551724138,0.68,0.6721311475409836,0.55,0.0,0.5454545454545454,0.45454545454545453,0.25,0.3888888888888889,81,2,-0.01585365853658538
P00940,0,0.7045454545454546,0.2159090909090909,0.4418604651162791,0.9476747191513303,5.738022645889476,1.5889274244051919,1.895661887764497,1.7336722488115968,0.5568181818181818,0.44318181818181823,0.44512736753655735,1.1097452649268855,0.4545322234046751,51.39772727272727,0.5294117647058824,0.3888888888888889,1.0,0.4117647058823529,0.4375,0.5769230769230769,0.631578947368421,0.4166666666666667,0.5555555555555556,0.5625,0.0,0.7,0.6,0.0,0.5714285714285714,88,2,-0.022727272727272818
P00941,1,0.6164383561643836,0.2328767123287671,0.6071428571428571,0.9780141404777862,2.393031323694621,0.442674093762414,1.983334259841865,1.634384866268366,0.5753424657534246,0.4246575342465754,0.5117251462628384,0.976549707474323,0.4683266018181607,46.68493150684932,0.3235294117647059,0.22727272727272727,1.0,0.45454545454545453,0.4814814814814815,0.7096774193548387,0.4782608695652174,0.47368421052631576,0.55,0.6923076923076923,0.0,0.42857142857142855,0.7142857142857143,0.16666666666666666,0.6,73,2,-0.015765765765765827
P00942,1,0.6666666666666666,0.2833333333333333,0.7391304347826086,0.9931473721010639,2.3699110084748343,0.47712794534778286,1.931643541142178,1.2253704063062276,0.7166666666666667,0.2833333333333333,0.54986267359555,0.9002746528089002,0.389378511578745,49.38333333333333,0.2916666666666667,0.25,1.0,0.8333333333333334,0.4,0.7619047619047619,0.65,0.7368421052631579,0.7083333333333334,0.7272727272727273,1.0,0.6666666666666666,0.6666666666666666,0.6666666666666666,0.6538461538461539,60,1,-0.033333333333333326
P00943,0,0.6753246753246753,0.42857142857142855,1.736842105263158,0.9772899509635598,5.823176456638584,1.6252912931592214,2.9391004011312205,2.4853027216581345,0.5324675324675324,0.4675324675324676,0.49508480301741353,1.009830393965173,0.4644310459025673,51.688311688311686,0.3076923076923077,0.23529411764705882,0.8,0.625,0.5666666666666667,0.782608695652174,0.3103448275862069,0.56,0.5689655172413793,0.3888888888888889,1.0,0.5714285714285714,0.42857142857142855,0.5714285714285714,0.3157894736842105,77,2,0.012145748987854255
P00944,0,0.6911764705882353,0.38235294117647056,1.2380952380952381,0.9951869220123891,5.6465490238844795,1.745948452350077,2.499248225574438,1.9981646433712767,0.5294117647058824,0.47058823529411764,0.46768600256165493,1.06462799487669,0.4363359727673838,48.98529411764706,0.41379310344827586,0.3125,1.0,0.8181818181818182,0.625,0.6,0.3333333333333333,0.75,0.5660377358490566,0.4,0.0,0.8571428571428571,0.5714285714285714,0.2222222222222222,0.631578947368421,68,2,-0.05882352941176472
P00945,1,0.640625,0.296875,0.8636363636363636,0.9970657487876435,2.302539162173063,0.44654986251110773,2.3384612534241085,2.6663933277580076,0.59375,0.40625,0.5045211103912259,0.9909577792175481,0.40294286038195687,50.75,0.34615384615384615,0.3333333333333333,1.0,0.6363636363636364,0.5185185185185186,0.75,0.45454545454545453,0.5555555555555556,0.56,0.6923076923076923,1.0,0.42857142857142855,0.8571428571428571,0.5,0.5333333333333333,64,2,-0.0625
P00946,0,0.6875,0.375,1.2,0.9965119062478288,5.604911173757228,1.7869353993908594,2.752996712544756,2.2804130478979876,0.55,0.44999999999999996,0.5082905979827654,0.9834188040344692,0.4269993869284771,53.3375,0.34782608695652173,0.3333333333333333,1.0,0.7058823529411765,0.59375,0.7083333333333334,0.3548387096774194,0.64,0.5178571428571429,0.625,0.0,0.5384615384615384,0.6153846153846154,0.3,0.5185185185185185,80,2,0.04999999999999993
P00947,0,0.7037037037037037,0.2962962962962963,0.7272727272727273,0.9891159297586862,5.675014976300815,1.4079955090837428,1.8793174932752101,1.2821476971303873,0.4444444444444444,0.5555555555555556,0.46841035883501986,1.0631792823299604,0.3877076925504644,50.01851851851852,0.3333333333333333,0.35714285714285715,1.0,0.2222222222222222,0.6190476190476191,0.6470588235294118,0.3157894736842105,0.3888888888888889,0.4222222222222222,0.5555555555555556,0.0,0.6,0.6,0.375,0.4090909090909091,54,1,-0.07407407407407407
P00948,0,0.7272727272727273,0.3246753246753247,0.8064516129032258,0.9884080573736943,5.492213425755964,1.55231304705635,2.062766394893906,1.6840936653880498,0.5324675324675324,0.4675324675324676,0.4593357187099476,1.0813285625801048,0.4278908752347388,48.84415584415584,0.5161290322580645,0.47368421052631576,1.0,0.6,0.5,0.5483870967741935,0.5555555555555556,0.47368421052631576,0.5303030303030303,0.5454545454545454,0.0,1.0,0.6,0.6666666666666666,0.5,77,2,0.012145748987854255
P00949,1,0.5573770491803278,0.19672131147540983,0.5454545454545454,0.9543171368125102,2.324933892699628,0.4139440845298334,2.0175311268191445,1.2613606999968425,0.7213114754098361,0.2786885245901639,0.5870472502179708,0.8259054995640585,0.44900079072608534,46.08196721311475,0.1724137931034483,0.16666666666666666,0.8,0.5,0.2777777777777778,0.8518518518518519,0.6666666666666666,0.5384615384615384,0.6222222222222222,1.0,0.0,0.42857142857142855,1.0,0.16666666666666666,0.75,61,2,0.041935483870967794
P00950,0,0.7611940298507462,0.47761194029850745,1.6842105263157894,0.957858275605055,5.8124212192154685,1.7116624801980547,3.1515451132678303,2.5045173175875006,0.5970149253731343,0.4029850746268657,0.49018957516848594,1.0196208496630281,0.46623131277825763,50.61194029850746,0.46153846153846156,0.4117647058823529,1.0,1.0,0.5,0.5769230769230769,0.48,0.8125,0.5957446808510638,0.5789473684210527,1.0,0.8333333333333334,0.5833333333333334,0.3333333333333333,0.5384615384615384,67,2,-0.13725490196078427
P00951,1,0.5714285714285714,0.2857142857142857,1.0,0.9821410328348752,2.402093792435977,0.4792440849444726,2.120086734464933,1.6755977188126416,0.6190476190476191,0.38095238095238093,0.5458029418207231,0.9083941163585536,0.4248254738537732,45.42857142857143,0.3125,0.25,1.0,0.75,0.5238095238095238,0.7419354838709677,0.3888888888888889,0.6428571428571429,0.5882352941176471,0.75,0.0,0.42857142857142855,0.7142857142857143,0.375,0.6666666666666666,63,2,-0.17842741935483875
P00952,0,0.6753246753246753,0.33766233766233766,1.0,0.9998457990497506,5.5736822883580155,1.6581421718994906,2.352384094318526,1.8534709487067766,0.5974025974025974,0.4025974025974026,0.5112696895403417,0.9774606209193166,0.4620476745442859,49.44155844155844,0.27586206896551724,0.2916666666666667,1.0,0.75,0.5555555555555556,0.6451612903225806,0.43478260869565216,0.6956521739130435,0.5967741935483871,0.5384615384615384,1.0,0.5555555555555556,0.6666666666666666,0.25,0.7307692307692307,77,2,-0.17139001349527672
P00953,0,0.6923076923076923,0.2948717948717949,0.7419354838709677,0.991694273983755,5.7313914574131655,1.6400897250159712,2.3066393918854726,1.8161106128522693,0.5,0.5,0.4724128778141319,1.0551742443717362,0.44727804787533265,48.8974358974359,0.45714285714285713,0.375,0.9,0.46153846153846156,0.6785714285714286,0.5862068965517241,0.46153846153846156,0.43478260869565216,0.43636363636363634,0.631578947368421,0.75,0.6,0.6666666666666666,0.5,0.5909090909090909,78,2,-0.025641025641025605
P00954,0,0.725,0.25,0.5263157894736842,0.9604875865907871,5.904411210511482,1.5740147888053886,2.093027835606617,1.864975481803671,0.5875,0.4125,0.5037138434705004,0.9925723130589994,0.4427062020106186,52.8375,0.38461538461538464,0.3181818181818182,0.875,0.47058823529411764,0.48275862068965514,0.6666666666666666,0.6333333333333333,0.46153846153846156,0.5409836065573771,0.7222222222222222,1.0,0.5,0.7,0.25,0.375,80,2,0.125
P00955,0,0.576271186440678,0.2542372881355932,0.7894736842105263,0.9802461875785372,5.548838210869369,1.5183135944057293,3.1247055539143895,3.002230045082738,0.6440677966101694,0.35593220338983056,0.537681654080327,0.9246366918393462,0.3976730995915863,47.271186440677965,0.25,0.21052631578947367,1.0,0.8571428571428571,0.5714285714285714,0.8076923076923077,0.47368421052631576,0.5714285714285714,0.5813953488372093,0.8125,0.0,0.7272727272727273,0.9090909090909091,0.25,0.7368421052631579,59,1,0.04597701149425282
P00956,1,0.7254901960784313,0.29411764705882354,0.6818181818181818,0.9807848667356578,2.4417016311792104,0.43110110169100657,2.0168440069558535,1.5980054463371933,0.5490196078431373,0.4509803921568627,0.48511145669991484,1.0297770866001703,0.3941558917356981,49.6078431372549,0.42857142857142855,0.38461538461538464,0.8,0.6,0.5263157894736843,0.631578947368421,0.5294117647058824,0.4666666666666667,0.4864864864864865,0.7142857142857143,0.0,0.625,0.75,0.0,0.6470588235294118,51,1,-0.17846153846153845
P00957,0,0.7358490566037735,0.41509433962264153,1.2941176470588236,0.9842795963316956,5.528193567211533,1.4990794209421425,3.6095660662782665,5.048399912204862,0.5283018867924528,0.4716981132075472,0.4815686438586891,1.036862712282622,0.4275098606440301,54.679245283018865,0.23076923076923078,0.14285714285714285,0.8571428571428571,0.7272727272727273,0.56,0.7142857142857143,0.375,0.6,0.6097560975609756,0.3333333333333333,0.0,0.875,0.125,0.3333333333333333,0.2727272727272727,53,1,-0.09544159544159542
P00958,0,0.75,0.3375,0.8181818181818182,0.9816377133478394,5.8600763406389,1.6402024633660524,2.2523344293864844,1.9013697229842441,0.45,0.55,0.4541004222502475,1.091799155499505,0.49706449764057004,47.25,0.47058823529411764,0.4,1.0,0.0,0.5517241379310345,0.5161290322580645,0.43333333333333335,0.3684210526315789,0.3770491803278688,0.6666666666666666,1.0,0.6428571428571429,0.7142857142857143,0.5,0.48,80,2,0.09999999999999998
P00959,0,0.7301587301587301,0.30158730158730157,0.7037037037037037,0.981337939328966,6.2839238926024805,1.9500460502471204,2.9182860970428566,2.862495977635046,0.5555555555555556,0.4444444444444444,0.4739680364720399,1.0520639270559202,0.4994093315450444,49.301587301587304,0.48,0.3888888888888889,0.8333333333333334,0.5,0.5,0.5909090909090909,0.625,0.4117647058823529,0.5714285714285714,0.5238095238095238,0.0,0.7692307692307693,0.5384615384615384,1.0,0.4444444444444444,63,2,0.1411290322580645
P00960,0,0.66,0.22,0.5,0.965886546055467,5.821490172242952,1.8054709783474323,2.1724254859395082,2.096643732515652,0.58,0.42000000000000004,0.49829289703065344,1.0034142059386932,0.39878687112027966,53.48,0.25,0.09090909090909091,1.0,0.45454545454545453,0.38095238095238093,0.8125,0.5882352941176471,0.35294117647058826,0.575,0.6,0.0,0.8571428571428571,0.5714285714285714,0.0,0.5714285714285714,50,1,-0.36
P00961,0,0.7866666666666666,0.37333333333333335,0.9032258064516129,0.9672184950350254,5.684124812093087,1.4828938218897718,2.906126404280867,3.348110637968728,0.56,0.43999999999999995,0.4852980062895914,1.0294039874208172,0.4503248553124401,52.053333333333335,0.5172413793103449,0.5238095238095238,0.9090909090909091,0.42857142857142855,0.34782608695652173,0.5,0.5769230769230769,0.6086956521739131,0.6071428571428571,0.375,0.6666666666666666,0.875,0.4375,0.4166666666666667,0.5217391304347826,75,2,0.038406827880512084
P00962,0,0.6891891891891891,0.3108108108108108,0.8214285714285714,0.9959291065771101,5.737413967130696,1.5843367787627456,2.0281282774795284,1.3667074101495464,0.6486486486486487,0.3513513513513513,0.5017958600999176,0.9964082798001649,0.4236082101989692,52.16216216216216,0.28,0.25,1.0,0.7142857142857143,0.5555555555555556,0.72,0.64,0.5833333333333334,0.603448275862069,0.8,1.0,0.6,0.8,0.14285714285714285,0.7777777777777778,74,2,-0.10810810810810811
P00963,0,0.7391304347826086,0.2463768115942029,0.5,0.9506825074900299,5.895876988448724,1.7104753486814945,2.4664750120815158,3.053337133916873,0.5507246376811594,0.4492753623188406,0.4941467036752658,1.0117065926494684,0.42730555211966514,52.608695652173914,0.43478260869565216,0.3333333333333333,1.0,0.5625,0.4482758620689655,0.6842105263157895,0.5517241379310345,0.42857142857142855,0.5416666666666666,0.55,1.0,0.5384615384615384,0.7692307692307693,0.0,0.4375,69,2,0.21596638655462186
P00964,1,0.6779661016949152,0.23728813559322035,0.5384615384615384,0.9715346741760703,2.455008705844104,0.37505952135257886,2.1937137246409373,1.8127202699074705,0.5084745762711864,0.4915254237288136,0.4653146676753992,1.0693706646492014,0.3672796860842218,50.847457627118644,0.4166666666666667,0.46153846153846156,1.0,0.45454545454545453,0.5384615384615384,0.5833333333333334,0.5,0.38461538461538464,0.4772727272727273,0.6,0.0,0.75,0.5,0.3333333333333333,0.42857142857142855,59,1,0.05057471264367813
P00965,0,0.8,0.35,0.7777777777777778,0.9545258142257613,5.845314077551113,1.6613553945366653,2.087247740488203,1.8366390801326427,0.43333333333333335,0.5666666666666667,0.4130674209018287,1.1738651581963429,0.4721717934923303,47.266666666666666,0.6896551724137931,0.65,0.8,0.375,0.42105263157894735,0.3333333333333333,0.6,0.4444444444444444,0.4230769230769231,0.42857142857142855,1.0,0.8,0.2,0.2,0.46153846153846156,60,1,-0.2
P00966,1,0.7333333333333333,0.24444444444444444,0.5,0.9527403242836249,2.476587708503384,0.41031623768594794,1.9713774409639888,1.469749137046516,0.6222222222222222,0.37777777777777777,0.4883338867502588,1.0233322264994824,0.3979367761046023,48.75555555555555,0.5135135135135135,0.4782608695652174,1.0,0.75,0.34285714285714286,0.5333333333333333,0.6944444444444444,0.625,0.5915492957746479,0.7222222222222222,1.0,0.875,0.75,0.3,0.6190476190476191,90,2,0.0888888888888889
P00967,0,0.647887323943662,0.22535211267605634,0.5333333333333333,0.971533385436557,5.951908605684345,1.5293445198840878,2.285143402648925,2.2018761591419787,0.4225352112676056,0.5774647887323944,0.41368654872765526,1.1726269025446896,0.4485727216245844,49.985915492957744,0.4444444444444444,0.4375,1.0,0.18181818181818182,0.5714285714285714,0.5555555555555556,0.4,0.2631578947368421,0.40384615384615385,0.47058823529411764,0.5,0.36363636363636365,0.6363636363636364,0.5,0.42105263157894735,71,2,-0.2936507936507936
P00968,0,0.6363636363636364,0.3522727272727273,1.24,0.9948148472869536,5.874962172503814,1.716470217341888,3.131263744630316,3.8609338268008058,0.625,0.375,0.48586229896473115,1.0282754020705378,0.4257735839410119,52.88636363636363,0.34375,0.2222222222222222,1.0,0.7142857142857143,0.5588235294117647,0.7241379310344828,0.4642857142857143,0.6774193548387096,0.6029411764705882,0.75,0.5,0.6428571428571429,0.7142857142857143,0.6,0.6521739130434783,88,2,0.11363636363636354
P00969,0,0.7215189873417721,0.3924050632911392,1.1923076923076923,0.9911160909416866,6.033296750510411,1.6495884635034617,2.8734449862502576,2.414998463621308,0.620253164556962,0.379746835443038,0.49746785626036444,1.0050642874792712,0.46244791038420346,47.79746835443038,0.41379310344827586,0.4166666666666667,1.0,1.0,0.4285714285714286,0.6,0.5172413793103449,0.8,0.6491228070175439,0.5263157894736842,0.6666666666666666,0.6666666666666666,0.5,0.5,0.5555555555555556,79,2,-0.14230769230769225
P00970,0,0.7241379310344828,0.3620689655172414,1.0,0.99301344200362,6.24629318963339,1.6153492916482688,2.4356319954977588,1.9173893373016184,0.6379310344827587,0.3620689655172413,0.5228178732454756,0.9543642535090486,0.48701769258330274,49.13793103448276,0.4166666666666667,0.3333333333333333,1.0,0.8,0.38888888888888884,0.6086956521739131,0.625,0.6842105263157895,0.5813953488372093,0.7857142857142857,1.0,0.5714285714285714,1.0,0.0,0.6666666666666666,58,1,-0.10344827586206906
P00971,1,0.6774193548387096,0.24193548387096775,0.5555555555555556,0.9742398790867668,2.3694807388656645,0.5180148831871259,2.1046942039822945,1.6701127336856818,0.6129032258064516,0.3870967741935484,0.5117581943097613,0.9764836113804773,0.3601800149357079,49.096774193548384,0.375,0.2777777777777778,1.0,0.7,0.4285714285714286,0.7142857142857143,0.5833333333333334,0.5294117647058824,0.5869565217391305,0.6875,0.0,0.7272727272727273,0.6363636363636364,0.125,0.6538461538461539,62,2,0.0
P00972,0,0.7936507936507936,0.36507936507936506,0.8518518518518519,0.9618076563399534,5.821061871349114,1.510171576864724,3.113443900729263,4.372863947985983,0.4126984126984127,0.5873015873015873,0.4339576660048919,1.1320846679902163,0.4250608709980864,54.6031746031746,0.5238095238095238,0.6666666666666666,1.0,0.4444444444444444,0.65,0.4090909090909091,0.375,0.44,0.42857142857142855,0.4166666666666667,0.0,0.9090909090909091,0.2727272727272727,0.2857142857142857,0.29411764705882354,63,2,-0.2671370967741935
P00973,0,0.7222222222222222,0.2222222222222222,0.4444444444444444,0.9435794406736079,5.427581771579106,1.358055230203234,1.8558740627161474,1.4199553791023096,0.5370370370370371,0.4629629629629629,0.46676344633859257,1.0664731073228149,0.4173407857438981,48.51851851851852,0.4583333333333333,0.3333333333333333,1.0,0.4,0.5882352941176471,0.6,0.5714285714285714,0.38461538461538464,0.5,0.7,0.0,0.7142857142857143,0.7142857142857143,0.3333333333333333,0.5882352941176471,54,1,0.1111111111111111
P00974,0,0.696969696969697,0.30303030303030304,0.7692307692307693,0.9926767253431079,5.796538746754731,1.3999137041211454,2.7979682014827567,2.7479003823053754,0.5454545454545454,0.4545454545454546,0.4826534311252362,1.0346931377495274,0.45961648497843804,49.95454545454545,0.4166666666666667,0.3125,1.0,0.7,0.5172413793103448,0.6363636363636364,0.4444444444444444,0.5882352941176471,0.4772727272727273,0.7142857142857143,0.0,0.42857142857142855,0.5714285714285714,0.6666666666666666,0.5789473684210527,66,2,0.18181818181818182
P00975,0,0.7763157894736842,0.4342105263157895,1.2692307692307692,0.9686364325975707,5.727115775080444,1.5488441777656352,2.561992824704314,2.1797096301725762,0.4605263157894737,0.5394736842105263,0.41489412997033065,1.1702117400593388,0.4285371718140194,52.526315789473685,0.64,0.6363636363636364,1.0,0.6153846153846154,0.6111111111111112,0.4166666666666667,0.3870967741935484,0.6190476190476191,0.4642857142857143,0.47368421052631576,0.0,0.625,0.4375,0.5714285714285714,0.36,76,2,-0.07894736842105265
P00976,0,0.7752808988764045,0.33707865168539325,0.7692307692307693,0.9681178186329847,5.701920745950783,1.5546950494830147,2.2779913853010525,2.023291689051742,0.4943820224719101,0.5056179775280899,0.44757855108364075,1.1048428978327185,0.4282969438150736,49.31460674157304,0.5588235294117647,0.5,1.0,0.7142857142857143,0.5641025641025641,0.4838709677419355,0.48484848484848486,0.52,0.5138888888888888,0.4,0.5,0.6428571428571429,0.35714285714285715,0.21428571428571427,0.22580645161290322,89,2,-0.05606060606060603
P00977,0,0.6829268292682927,0.43902439024390244,1.8,0.9737244279632142,5.827056859862661,1.6339727962555666,3.584204722150648,4.5373474418961735,0.5,0.5,0.4297963398359077,1.1404073203281846,0.504085317567308,51.02439024390244,0.48148148148148145,0.3684210526315789,0.875,0.7692307692307693,0.5675675675675675,0.5517241379310345,0.34615384615384615,0.5925925925925926,0.5245901639344263,0.47368421052631576,0.0,0.6363636363636364,0.5454545454545454,0.6,0.5217391304347826,82,2,0.2195121951219512
P00978,0,0.6875,0.28125,0.6923076923076923,0.9887000023560325,5.777319595469452,1.8103537791686835,2.1983354889384406,1.8017649176380097,0.53125,0.46875,0.473197627095412,1.053604745809176,0.4498437866335941,48.09375,0.36,0.3125,0.8333333333333334,0.6,0.5483870967741935,0.6,0.48,0.5,0.49019607843137253,0.6923076923076923,0.0,0.6666666666666666,0.8888888888888888,0.5,0.7222222222222222,64,2,0.3125
P00979,0,0.6075949367088608,0.27848101265822783,0.8461538461538461,0.9911160909416866,5.735297303082274,1.4922225083820626,2.243391525982142,1.9189906026293164,0.6962025316455697,0.30379746835443033,0.537142676173648,0.925714647652704,0.4300413702729537,50.379746835443036,0.1875,0.047619047619047616,1.0,0.5333333333333333,0.3913043478260869,0.9259259259259259,0.5555555555555556,0.6,0.639344262295082,0.8823529411764706,1.0,0.4,0.9,0.5,0.7777777777777778,79,2,-0.14423076923076927
P00980,0,0.7761194029850746,0.3283582089552239,0.7333333333333333,0.9653263212392945,5.899760416526627,1.642819005640537,1.8148721293073653,0.816168207412668,0.6567164179104478,0.34328358208955223,0.5124961301914037,0.9750077396171928,0.3878210946051208,50.52238805970149,0.52,0.35294117647058826,1.0,0.7,0.31818181818181823,0.5454545454545454,0.6818181818181818,0.7391304347826086,0.6666666666666666,0.6,0.0,0.5714285714285714,0.7142857142857143,0.5,0.6,67,2,-0.019607843137254832
P00981,0,0.7738095238095238,0.40476190476190477,1.096774193548387,0.9741121145233207,5.782885944946201,1.6956460835422176,2.2709180430496874,1.5263590914109624,0.5,0.5,0.4901226245509955,1.019754750898009,0.41307515571117587,49.404761904761905,0.47058823529411764,0.42105263157894735,1.0,0.6363636363636364,0.5714285714285714,0.5666666666666667,0.3870967741935484,0.5652173913043478,0.4852941176470588,0.5625,0.0,0.7777777777777778,0.4444444444444444,0.4166666666666667,0.5333333333333333,84,2,-0.14285714285714285
P00982,0,0.6986301369863014,0.2602739726027397,0.59375,0.9769824024085957,5.594330391162094,1.7181438581139243,2.0112021760312677,1.6662521278847215,0.4794520547945205,0.5205479452054795,0.4488633731705611,1.102273253658878,0.47173806473112484,48.87671232876713,0.5555555555555556,0.5652173913043478,0.75,0.5833333333333334,0.5666666666666667,0.5,0.5,0.42857142857142855,0.423728813559322,0.6923076923076923,1.0,0.5,0.625,0.16666666666666666,0.4782608695652174,73,2,-0.15015015015015015
P00983,0,0.6181818181818182,0.23636363636363636,0.6190476190476191,0.9795670372179556,5.831592384726817,1.3677093144323933,1.9312957399409958,1.6772219444983254,0.6,0.4,0.49689163138481707,1.0062167372303659,0.4410106666519862,47.21818181818182,0.23809523809523808,0.06666666666666667,0.6666666666666666,0.4,0.5,0.7894736842105263,0.5454545454545454,0.42857142857142855,0.5909090909090909,0.6363636363636364,0.0,0.2857142857142857,0.5714285714285714,0.25,0.6428571428571429,55,1,0.08730158730158732
P00984,0,0.7183098591549296,0.2676056338028169,0.59375,0.9729013296452895,6.2446719690089605,1.827394513215094,2.2156717463225157,2.003798457042056,0.5915492957746479,0.4084507042253521,0.5152460645152348,0.9695078709695302,0.4602895229644822,47.478873239436616,0.43333333333333335,0.21052631578947367,1.0,0.375,0.4,0.6428571428571429,0.6153846153846154,0.47058823529411764,0.5660377358490566,0.6875,0.5,0.75,0.6666666666666666,0.5,0.6818181818181818,71,2,-0.12936507936507935
P00985,0,0.6842105263157895,0.34210526315789475,1.0,0.9993638867123701,5.664067723227435,1.6890732960497512,2.104899451742674,1.6558142735146506,0.5526315789473685,0.4473684210526315,0.4843409179333408,1.031318164133318,0.46066365412115445,52.39473684210526,0.32,0.1875,1.0,0.35714285714285715,0.6071428571428572,0.8,0.43333333333333335,0.5,0.4838709677419355,0.8461538461538461,1.0,0.6,0.8,0.4444444444444444,0.5769230769230769,76,2,-0.052631578947368474
P00986,1,0.5769230769230769,0.17307692307692307,0.42857142857142855,0.9409028581323812,2.341275836261654,0.3800501701697484,2.3481735801253616,2.0850924707896867,0.6538461538461539,0.34615384615384615,0.5402826314106819,0.9194347371786363,0.4168774991986817,51.53846153846154,0.15,0.17647058823529413,1.0,0.38461538461538464,0.4117647058823529,0.85,0.625,0.4375,0.7058823529411765,0.5555555555555556,0.0,0.75,0.5,0.2,0.6666666666666666,52,1,-0.15384615384615385
P00987,0,0.6582278481012658,0.34177215189873417,1.08,0.9994114917893411,6.030219000961538,1.6968955518108642,3.4799232855282374,3.852654153264651,0.5949367088607594,0.40506329113924056,0.4947830772613596,1.0104338454772808,0.452832577077003,52.18987341772152,0.2857142857142857,0.05263157894736842,1.0,0.6875,0.625,0.7307692307692307,0.4482758620689655,0.625,0.5660377358490566,0.6666666666666666,0.5,0.7857142857142857,0.7142857142857143,0.2857142857142857,0.5454545454545454,79,2,0.16217948717948727
P00988,0,0.6375,0.3625,1.3181818181818181,0.9927983643642379,5.7224921823476675,1.4161493209464393,2.81203396075598,2.4837575934801968,0.6,0.4,0.5168598827672819,0.9662802344654363,0.4471297213469546,48.1625,0.35135135135135137,0.2608695652173913,1.0,0.6428571428571429,0.5416666666666667,0.7419354838709677,0.37037037037037035,0.6818181818181818,0.5901639344262295,0.631578947368421,0.0,0.6666666666666666,0.75,0.2727272727272727,0.6666666666666666,80,2,-0.050000000000000044
P00989,0,0.6451612903225806,0.20967741935483872,0.48148148148148145,0.9623204853141272,5.7614843876746775,1.5041129525225136,1.7704046013842862,1.2646941652258625,0.5967741935483871,0.4032258064516129,0.5066197998502663,0.9867604002994673,0.366132854258793,53.58064516129032,0.14285714285714285,0.1,1.0,0.5,0.5151515151515151,0.8571428571428571,0.56,0.4782608695652174,0.6666666666666666,0.35714285714285715,0.0,0.7142857142857143,0.42857142857142855,0.0,0.5,62,2,-0.22580645161290325
P00990,1,0.7349397590361446,0.3493975903614458,0.90625,0.9892623416282141,2.4103982199002423,0.46466136931850344,2.7309933117413694,2.3382087294731524,0.6265060240963856,0.37349397590361444,0.5156775094669876,0.9686449810660245,0.40407615010053227,49.0,0.42857142857142855,0.23809523809523808,1.0,0.8181818181818182,0.4516129032258065,0.6666666666666666,0.5588235294117647,0.6842105263157895,0.6229508196721312,0.6190476190476191,1.0,0.75,0.5,0.2,0.4642857142857143,83,2,-0.06329849012775846
P00991,0,0.6885245901639344,0.3770491803278688,1.2105263157894737,0.9961636838369295,5.967479685474942,1.4820125916802078,2.7362206833582423,2.4694530638423666,0.47540983606557374,0.5245901639344263,0.45069717053331904,1.098605658933362,0.3793961302035287,51.557377049180324,0.23529411764705882,0.2727272727272727,1.0,0.625,0.6363636363636364,0.6470588235294118,0.32,0.5263157894736842,0.4782608695652174,0.4666666666666667,0.0,0.7777777777777778,0.3333333333333333,0.2,0.3157894736842105,61,2,0.017204301075268824
P00992,0,0.6022727272727273,0.3068181818181818,1.0384615384615385,0.9916472181661498,6.0008560157550646,1.7478994125619658,2.480376491210793,2.010318247370736,0.5795454545454546,0.4204545454545454,0.47706148335156373,1.0458770332968725,0.47518874983495263,48.11363636363637,0.3684210526315789,0.32142857142857145,1.0,0.5,0.5882352941176471,0.6944444444444444,0.41935483870967744,0.6190476190476191,0.5737704918032787,0.6,0.5,0.4117647058823529,0.5882352941176471,0.25,0.6129032258064516,88,2,-0.022727272727272707
P00993,0,0.6941176470588235,0.3176470588235294,0.84375,0.9961626242265674,5.487103200242976,1.5369796901448733,2.0295754311793743,1.5453107263650048,0.5882352941176471,0.4117647058823529,0.505310125880908,0.9893797482381841,0.4638452872908704,51.1764705882353,0.4375,0.2857142857142857,1.0,0.6111111111111112,0.48484848484848486,0.6333333333333333,0.5357142857142857,0.5925925925925926,0.5671641791044776,0.6666666666666666,0.0,0.5384615384615384,0.7692307692307693,0.125,0.6923076923076923,85,2,-0.1079734219269104
P00994,0,0.6666666666666666,0.4090909090909091,1.588235294117647,0.9841900509654937,5.939370660125269,1.4830052758492156,2.605251727921595,1.9200158772720628,0.7121212121212122,0.28787878787878785,0.5193179534337091,0.9613640931325815,0.4321602575175754,51.39393939393939,0.18181818181818182,0.13333333333333333,1.0,0.8,0.4444444444444444,0.782608695652174,0.5238095238095238,0.8181818181818182,0.75,0.5714285714285714,0.0,0.5714285714285714,0.7142857142857143,0.36363636363636365,0.625,66,2,0.030303030303030276
P00995,0,0.6986301369863014,0.2465753424657534,0.5454545454545454,0.9699554593616303,5.514940857662729,1.572911644121422,2.253452743663469,2.0969932147133035,0.5616438356164384,0.4383561643835616,0.4836025476535312,1.0327949046929372,0.431894712327462,50.56164383561644,0.42857142857142855,0.4,0.8,0.5333333333333333,0.5416666666666667,0.6206896551724138,0.6363636363636364,0.4090909090909091,0.5,0.7647058823529411,0.0,0.75,0.75,0.3333333333333333,0.5769230769230769,73,2,-0.09759759759759767
P00996,0,0.6292134831460674,0.19101123595505617,0.4358974358974359,0.9517661435417286,6.001138569149899,1.499089582713921,2.761264035952256,3.197992857701504,0.6292134831460674,0.3707865168539326,0.5070047966460098,0.9859904067079803,0.37768744202627935,48.640449438202246,0.37142857142857144,0.23809523809523808,1.0,0.7,0.40476190476190477,0.6875,0.5813953488372093,0.6428571428571429,0.6551724137931034,0.5769230769230769,0.6,0.65,0.55,0.18181818181818182,0.5161290322580645,89,2,-0.05909090909090908
P00997,0,0.6153846153846154,0.15384615384615385,0.3333333333333333,0.9214632400757701,5.42946553767874,1.3877959950322716,1.7727002587381862,1.2127747321109532,0.46153846153846156,0.5384615384615384,0.4614316610389791,1.077136677922042,0.44924613023352183,48.184615384615384,0.3870967741935484,0.35,1.0,0.1111111111111111,0.44999999999999996,0.5714285714285714,0.47619047619047616,0.25,0.44680851063829785,0.47058823529411764,1.0,0.6428571428571429,0.42857142857142855,0.14285714285714285,0.43333333333333335,65,2,0.04734848484848486
P00998,1,0.6666666666666666,0.4027777777777778,1.5263157894736843,0.9867340746861047,2.4398543435917155,0.43282757655228804,3.0971311525160687,2.621364311163093,0.5694444444444444,0.4305555555555556,0.4752180478762521,1.049563904247496,0.4534809196049763,50.52777777777778,0.4074074074074074,0.3684210526315789,1.0,0.6428571428571429,0.41666666666666663,0.6666666666666666,0.3333333333333333,0.6666666666666666,0.6,0.5,0.0,0.6666666666666666,0.5,0.25,0.5714285714285714,72,2,0.08333333333333337
P00999,1,0.7457627118644068,0.1864406779661017,0.3333333333333333,0.8977791106503239,2.35097546404482,0.4273784071237806,1.8648992151437158,1.5662859611430173,0.7288135593220338,0.27118644067796616,0.5371477648034958,0.9257044703930083,0.33922548769706756,50.13559322033898,0.4,0.0,1.0,0.75,0.32258064516129037,0.6842105263157895,0.8846153846153846,0.5,0.717391304347826,0.7692307692307693,0.0,0.75,0.5,0.125,0.75,59,1,-0.12643678160919547
P01000,0,0.7254901960784313,0.27450980392156865,0.6086956521739131,0.9729410570620394,5.4333878470492,1.605196969620449,2.2131522803970114,1.6369513301305125,0.6666666666666666,0.33333333333333337,0.5144240278877729,0.9711519442244544,0.4211994481596826,50.627450980392155,0.4,0.42857142857142855,1.0,0.4444444444444444,0.2727272727272727,0.6666666666666666,0.6842105263157895,0.6428571428571429,0.5945945945945946,0.8571428571428571,0.0,0.5,1.0,0.5,0.7333333333333333,51,1,-0.10461538461538455
